{
  "experiment": "Exp-1",
  "epoch": 0,
  "step": 9800,
  "expert_load": [
    303279.0,
    1570195.0,
    227627.0,
    1169299.0
  ],
  "cv": 0.6979895425635922,
  "max_mean_ratio": 1.9204929060665128,
  "aux_loss": 0.0,
  "aux_loss_alpha": 0.0
}