{
  "experiment": "Exp-1",
  "epoch": 1,
  "step": 30200,
  "expert_load": [
    337668.0,
    1567450.0,
    195006.0,
    1170276.0
  ],
  "cv": 0.6985058402641793,
  "max_mean_ratio": 1.9171355185909746,
  "aux_loss": 0.0,
  "aux_loss_alpha": 0.0
}