{
  "experiment": "Exp-1",
  "epoch": 1,
  "step": 22000,
  "expert_load": [
    338652.0,
    1562987.0,
    196060.0,
    1172701.0
  ],
  "cv": 0.6965725905087977,
  "max_mean_ratio": 1.9116768590997808,
  "aux_loss": 0.0,
  "aux_loss_alpha": 0.0
}