{
  "experiment": "Exp-1",
  "epoch": 0,
  "step": 200,
  "expert_load": [
    229859.0,
    1611840.0,
    274999.0,
    1153702.0
  ],
  "cv": 0.7193499266144726,
  "max_mean_ratio": 1.9714285714285473,
  "aux_loss": 0.0,
  "aux_loss_alpha": 0.0
}