{
  "experiment": "Exp-1",
  "epoch": 0,
  "step": 24200,
  "expert_load": [
    320260.0,
    1569476.0,
    214445.0,
    1166219.0
  ],
  "cv": 0.6967319746819876,
  "max_mean_ratio": 1.9196135029353973,
  "aux_loss": 0.0,
  "aux_loss_alpha": 0.0
}