{
  "experiment": "Exp-1",
  "epoch": 0,
  "step": 12300,
  "expert_load": [
    309943.0,
    1571618.0,
    226131.0,
    1162708.0
  ],
  "cv": 0.6959796202299328,
  "max_mean_ratio": 1.9222333659490958,
  "aux_loss": 0.0,
  "aux_loss_alpha": 0.0
}