{
  "experiment": "Exp-1",
  "epoch": 1,
  "step": 21900,
  "expert_load": [
    338351.0,
    1563401.0,
    191103.0,
    1177545.0
  ],
  "cv": 0.6994005320450012,
  "max_mean_ratio": 1.9121832191780588,
  "aux_loss": 0.0,
  "aux_loss_alpha": 0.0
}