{
  "experiment": "Exp-1",
  "epoch": 0,
  "step": 16700,
  "expert_load": [
    309470.0,
    1571140.0,
    222054.0,
    1167736.0
  ],
  "cv": 0.6981511435909895,
  "max_mean_ratio": 1.9216487279843208,
  "aux_loss": 0.0,
  "aux_loss_alpha": 0.0
}