{
  "experiment": "Exp-1",
  "epoch": 1,
  "step": 17000,
  "expert_load": [
    338387.0,
    1564573.0,
    189825.0,
    1177615.0
  ],
  "cv": 0.7003005748532204,
  "max_mean_ratio": 1.9136166829745362,
  "aux_loss": 0.0,
  "aux_loss_alpha": 0.0
}