{
  "experiment": "Exp-1",
  "epoch": 0,
  "step": 35200,
  "expert_load": [
    321846.0,
    1564795.0,
    205828.0,
    1177931.0
  ],
  "cv": 0.6994588582436314,
  "max_mean_ratio": 1.913888209393323,
  "aux_loss": 0.0,
  "aux_loss_alpha": 0.0
}