{
  "experiment": "Exp-1",
  "epoch": 1,
  "step": 16500,
  "expert_load": [
    334515.0,
    1562983.0,
    194928.0,
    1177974.0
  ],
  "cv": 0.6990258836839445,
  "max_mean_ratio": 1.911671966731875,
  "aux_loss": 0.0,
  "aux_loss_alpha": 0.0
}