{
  "experiment": "Exp-1",
  "epoch": 0,
  "step": 27600,
  "expert_load": [
    335951.0,
    1549535.0,
    217365.0,
    1167549.0
  ],
  "cv": 0.6838552623532206,
  "max_mean_ratio": 1.8952238258316794,
  "aux_loss": 0.0,
  "aux_loss_alpha": 0.0
}