{
  "experiment": "Exp-1",
  "epoch": 1,
  "step": 5600,
  "expert_load": [
    334450.0,
    1560092.0,
    204623.0,
    1171235.0
  ],
  "cv": 0.6933774156066451,
  "max_mean_ratio": 1.9081360078277654,
  "aux_loss": 0.0,
  "aux_loss_alpha": 0.0
}