{
  "experiment": "Exp-1",
  "epoch": 0,
  "step": 33400,
  "expert_load": [
    329493.0,
    1558039.0,
    206477.0,
    1176391.0
  ],
  "cv": 0.6942328155577214,
  "max_mean_ratio": 1.9056249999999766,
  "aux_loss": 0.0,
  "aux_loss_alpha": 0.0
}