{
  "experiment": "Exp-1",
  "epoch": 1,
  "step": 17500,
  "expert_load": [
    336916.0,
    1563328.0,
    195147.0,
    1175009.0
  ],
  "cv": 0.697901327054786,
  "max_mean_ratio": 1.912093933463773,
  "aux_loss": 0.0,
  "aux_loss_alpha": 0.0
}