{
  "experiment": "Exp-1",
  "epoch": 0,
  "step": 31000,
  "expert_load": [
    326223.0,
    1563764.0,
    204166.0,
    1176247.0
  ],
  "cv": 0.6981115459882498,
  "max_mean_ratio": 1.9126272015655343,
  "aux_loss": 0.0,
  "aux_loss_alpha": 0.0
}