{
  "experiment": "Exp-1",
  "epoch": 1,
  "step": 24100,
  "expert_load": [
    334644.0,
    1564914.0,
    199003.0,
    1171839.0
  ],
  "cv": 0.6972354299168212,
  "max_mean_ratio": 1.9140337573385284,
  "aux_loss": 0.0,
  "aux_loss_alpha": 0.0
}