{
  "experiment": "Exp-1",
  "epoch": 1,
  "step": 1700,
  "expert_load": [
    336638.0,
    1561520.0,
    211566.0,
    1160676.0
  ],
  "cv": 0.6891012567269974,
  "max_mean_ratio": 1.909882583170231,
  "aux_loss": 0.0,
  "aux_loss_alpha": 0.0
}