{
  "experiment": "Exp-1",
  "epoch": 1,
  "step": 43800,
  "expert_load": [
    344109.0,
    1566644.0,
    195590.0,
    1164057.0
  ],
  "cv": 0.6951719208659406,
  "max_mean_ratio": 1.9161497064579023,
  "aux_loss": 0.0,
  "aux_loss_alpha": 0.0
}