{
  "experiment": "Exp-1",
  "epoch": 0,
  "step": 23000,
  "expert_load": [
    321942.0,
    1573795.0,
    215936.0,
    1158727.0
  ],
  "cv": 0.6961625489236706,
  "max_mean_ratio": 1.9248960371819726,
  "aux_loss": 0.0,
  "aux_loss_alpha": 0.0
}