{
  "experiment": "Exp-1",
  "epoch": 0,
  "step": 43100,
  "expert_load": [
    333352.0,
    1560960.0,
    200118.0,
    1175970.0
  ],
  "cv": 0.6964092312866842,
  "max_mean_ratio": 1.9091976516633817,
  "aux_loss": 0.0,
  "aux_loss_alpha": 0.0
}