{
  "experiment": "Exp-1",
  "epoch": 1,
  "step": 43900,
  "expert_load": [
    342940.0,
    1565537.0,
    195562.0,
    1166361.0
  ],
  "cv": 0.6954644691780737,
  "max_mean_ratio": 1.9147957436398984,
  "aux_loss": 0.0,
  "aux_loss_alpha": 0.0
}