{
  "experiment": "Exp-1",
  "epoch": 1,
  "step": 700,
  "expert_load": [
    337678.0,
    1560313.0,
    197885.0,
    1174524.0
  ],
  "cv": 0.6954945878179954,
  "max_mean_ratio": 1.9084063111545755,
  "aux_loss": 0.0,
  "aux_loss_alpha": 0.0
}