{
  "experiment": "Exp-1",
  "epoch": 0,
  "step": 14500,
  "expert_load": [
    304805.0,
    1568905.0,
    228987.0,
    1167703.0
  ],
  "cv": 0.6963184167074279,
  "max_mean_ratio": 1.9189151174168062,
  "aux_loss": 0.0,
  "aux_loss_alpha": 0.0
}