{
  "experiment": "Exp-1",
  "epoch": 1,
  "step": 22200,
  "expert_load": [
    340683.0,
    1561814.0,
    197794.0,
    1170109.0
  ],
  "cv": 0.6945090050146686,
  "max_mean_ratio": 1.910242172211327,
  "aux_loss": 0.0,
  "aux_loss_alpha": 0.0
}