{
  "experiment": "Exp-1",
  "epoch": 1,
  "step": 16800,
  "expert_load": [
    339796.0,
    1562408.0,
    198012.0,
    1170184.0
  ],
  "cv": 0.6949166004158428,
  "max_mean_ratio": 1.9109686888453778,
  "aux_loss": 0.0,
  "aux_loss_alpha": 0.0
}