{
  "experiment": "Exp-1",
  "epoch": 1,
  "step": 7900,
  "expert_load": [
    331787.0,
    1562679.0,
    197478.0,
    1178456.0
  ],
  "cv": 0.6988569441046881,
  "max_mean_ratio": 1.9113001467710138,
  "aux_loss": 0.0,
  "aux_loss_alpha": 0.0
}