{
  "experiment": "Exp-1",
  "epoch": 0,
  "step": 38500,
  "expert_load": [
    327267.0,
    1563745.0,
    210817.0,
    1168571.0
  ],
  "cv": 0.6941854971868799,
  "max_mean_ratio": 1.9126039628179805,
  "aux_loss": 0.0,
  "aux_loss_alpha": 0.0
}