{
  "experiment": "Exp-1",
  "epoch": 1,
  "step": 40400,
  "expert_load": [
    346119.0,
    1566044.0,
    192644.0,
    1165593.0
  ],
  "cv": 0.6956942575831617,
  "max_mean_ratio": 1.915415851271992,
  "aux_loss": 0.0,
  "aux_loss_alpha": 0.0
}