{
  "experiment": "Exp-1",
  "epoch": 0,
  "step": 19400,
  "expert_load": [
    303178.0,
    1571331.0,
    211344.0,
    1184547.0
  ],
  "cv": 0.706576947773964,
  "max_mean_ratio": 1.9218823385518355,
  "aux_loss": 0.0,
  "aux_loss_alpha": 0.0
}