{
  "experiment": "Exp-1",
  "epoch": 0,
  "step": 42400,
  "expert_load": [
    340987.0,
    1564944.0,
    202384.0,
    1162085.0
  ],
  "cv": 0.6926534215997958,
  "max_mean_ratio": 1.9140704500978238,
  "aux_loss": 0.0,
  "aux_loss_alpha": 0.0
}