{
  "experiment": "Exp-1",
  "epoch": 0,
  "step": 32500,
  "expert_load": [
    325720.0,
    1564478.0,
    203988.0,
    1176214.0
  ],
  "cv": 0.6985815955234748,
  "max_mean_ratio": 1.913500489236767,
  "aux_loss": 0.0,
  "aux_loss_alpha": 0.0
}