{
  "experiment": "Exp-1",
  "epoch": 0,
  "step": 7100,
  "expert_load": [
    298563.0,
    1573643.0,
    240171.0,
    1158023.0
  ],
  "cv": 0.6946668603228878,
  "max_mean_ratio": 1.9247101272015419,
  "aux_loss": 0.0,
  "aux_loss_alpha": 0.0
}