{
  "experiment": "Exp-1",
  "epoch": 1,
  "step": 13300,
  "expert_load": [
    340323.0,
    1556399.0,
    212361.0,
    1161317.0
  ],
  "cv": 0.685933524951068,
  "max_mean_ratio": 1.9036191291584894,
  "aux_loss": 0.0,
  "aux_loss_alpha": 0.0
}