{
  "experiment": "Exp-1",
  "epoch": 0,
  "step": 34000,
  "expert_load": [
    333414.0,
    1563696.0,
    207079.0,
    1166211.0
  ],
  "cv": 0.6933326963062537,
  "max_mean_ratio": 1.9125440313111313,
  "aux_loss": 0.0,
  "aux_loss_alpha": 0.0
}