{
  "experiment": "Exp-1",
  "epoch": 1,
  "step": 34800,
  "expert_load": [
    341706.0,
    1566028.0,
    195481.0,
    1167185.0
  ],
  "cv": 0.696158879647741,
  "max_mean_ratio": 1.915396281800368,
  "aux_loss": 0.0,
  "aux_loss_alpha": 0.0
}