{
  "experiment": "Exp-1",
  "epoch": 0,
  "step": 32200,
  "expert_load": [
    318433.0,
    1569675.0,
    204442.0,
    1177850.0
  ],
  "cv": 0.7027531800391303,
  "max_mean_ratio": 1.919856898238724,
  "aux_loss": 0.0,
  "aux_loss_alpha": 0.0
}