{
  "experiment": "Exp-1",
  "epoch": 0,
  "step": 41700,
  "expert_load": [
    341582.0,
    1556247.0,
    195528.0,
    1177043.0
  ],
  "cv": 0.6941425360812048,
  "max_mean_ratio": 1.903433219178059,
  "aux_loss": 0.0,
  "aux_loss_alpha": 0.0
}