{
  "experiment": "Exp-1",
  "epoch": 0,
  "step": 33800,
  "expert_load": [
    329832.0,
    1561825.0,
    210855.0,
    1167888.0
  ],
  "cv": 0.6925956305039054,
  "max_mean_ratio": 1.9102556262230685,
  "aux_loss": 0.0,
  "aux_loss_alpha": 0.0
}