{
  "experiment": "Exp-1",
  "epoch": 0,
  "step": 34500,
  "expert_load": [
    323849.0,
    1566148.0,
    206512.0,
    1173891.0
  ],
  "cv": 0.698471746575334,
  "max_mean_ratio": 1.9155430528375499,
  "aux_loss": 0.0,
  "aux_loss_alpha": 0.0
}