{
  "experiment": "Exp-1",
  "epoch": 0,
  "step": 18100,
  "expert_load": [
    313929.0,
    1569943.0,
    218410.0,
    1168118.0
  ],
  "cv": 0.6976976057974474,
  "max_mean_ratio": 1.9201846868884305,
  "aux_loss": 0.0,
  "aux_loss_alpha": 0.0
}