{
  "experiment": "Exp-1",
  "epoch": 0,
  "step": 7400,
  "expert_load": [
    301396.0,
    1570511.0,
    239886.0,
    1158607.0
  ],
  "cv": 0.6927984344422615,
  "max_mean_ratio": 1.9208794031310918,
  "aux_loss": 0.0,
  "aux_loss_alpha": 0.0
}