{
  "experiment": "Exp-1",
  "epoch": 0,
  "step": 27000,
  "expert_load": [
    314872.0,
    1571409.0,
    214094.0,
    1170025.0
  ],
  "cv": 0.6997824425146686,
  "max_mean_ratio": 1.9219777397260038,
  "aux_loss": 0.0,
  "aux_loss_alpha": 0.0
}