{
  "experiment": "Exp-1",
  "epoch": 0,
  "step": 23700,
  "expert_load": [
    303235.0,
    1572940.0,
    220401.0,
    1173824.0
  ],
  "cv": 0.7022540056262145,
  "max_mean_ratio": 1.9238502935420507,
  "aux_loss": 0.0,
  "aux_loss_alpha": 0.0
}