{
  "experiment": "Exp-1",
  "epoch": 1,
  "step": 16400,
  "expert_load": [
    335842.0,
    1565407.0,
    197767.0,
    1171384.0
  ],
  "cv": 0.6974472541585042,
  "max_mean_ratio": 1.914636741682951,
  "aux_loss": 0.0,
  "aux_loss_alpha": 0.0
}