{
  "experiment": "Exp-1",
  "epoch": 0,
  "step": 10700,
  "expert_load": [
    299495.0,
    1570577.0,
    225483.0,
    1174845.0
  ],
  "cv": 0.700916478106645,
  "max_mean_ratio": 1.920960127201542,
  "aux_loss": 0.0,
  "aux_loss_alpha": 0.0
}