{
  "experiment": "Exp-1",
  "epoch": 0,
  "step": 19700,
  "expert_load": [
    304212.0,
    1570521.0,
    214805.0,
    1180862.0
  ],
  "cv": 0.7041489573140814,
  "max_mean_ratio": 1.920891634050857,
  "aux_loss": 0.0,
  "aux_loss_alpha": 0.0
}