{
  "experiment": "Exp-1",
  "epoch": 0,
  "step": 26900,
  "expert_load": [
    308187.0,
    1566113.0,
    214597.0,
    1181503.0
  ],
  "cv": 0.7014972174657448,
  "max_mean_ratio": 1.9155002446183718,
  "aux_loss": 0.0,
  "aux_loss_alpha": 0.0
}