{
  "experiment": "Exp-1",
  "epoch": 1,
  "step": 11100,
  "expert_load": [
    336240.0,
    1563513.0,
    202210.0,
    1168437.0
  ],
  "cv": 0.6945518132338466,
  "max_mean_ratio": 1.9123202054794286,
  "aux_loss": 0.0,
  "aux_loss_alpha": 0.0
}