{
  "experiment": "Exp-1",
  "epoch": 0,
  "step": 20100,
  "expert_load": [
    305893.0,
    1570026.0,
    218367.0,
    1176114.0
  ],
  "cv": 0.7014411845645707,
  "max_mean_ratio": 1.9202862035224815,
  "aux_loss": 0.0,
  "aux_loss_alpha": 0.0
}