{
  "experiment": "Exp-1",
  "epoch": 0,
  "step": 27500,
  "expert_load": [
    327081.0,
    1553900.0,
    213131.0,
    1176288.0
  ],
  "cv": 0.6910162365459798,
  "max_mean_ratio": 1.9005626223091743,
  "aux_loss": 0.0,
  "aux_loss_alpha": 0.0
}