{
  "experiment": "Exp-1",
  "epoch": 0,
  "step": 35600,
  "expert_load": [
    428682.0,
    1465170.0,
    202572.0,
    1173976.0
  ],
  "cv": 0.6343201519691704,
  "max_mean_ratio": 1.7920376712328547,
  "aux_loss": 0.0,
  "aux_loss_alpha": 0.0
}