{
  "experiment": "Exp-1",
  "epoch": 0,
  "step": 4900,
  "expert_load": [
    280266.0,
    1572310.0,
    259108.0,
    1158716.0
  ],
  "cv": 0.6936636955723986,
  "max_mean_ratio": 1.9230797455968454,
  "aux_loss": 0.0,
  "aux_loss_alpha": 0.0
}