{
  "experiment": "Exp-1",
  "epoch": 1,
  "step": 10200,
  "expert_load": [
    345679.0,
    1560174.0,
    198990.0,
    1165557.0
  ],
  "cv": 0.6913116132583086,
  "max_mean_ratio": 1.9082363013698396,
  "aux_loss": 0.0,
  "aux_loss_alpha": 0.0
}