{
  "experiment": "Exp-1",
  "epoch": 1,
  "step": 6300,
  "expert_load": [
    340470.0,
    1561228.0,
    198825.0,
    1169877.0
  ],
  "cv": 0.6939409552348251,
  "max_mean_ratio": 1.9095254403130881,
  "aux_loss": 0.0,
  "aux_loss_alpha": 0.0
}