{
  "experiment": "Exp-1",
  "epoch": 1,
  "step": 15700,
  "expert_load": [
    341526.0,
    1565849.0,
    195836.0,
    1167189.0
  ],
  "cv": 0.6960150898972518,
  "max_mean_ratio": 1.9151773483365715,
  "aux_loss": 0.0,
  "aux_loss_alpha": 0.0
}