{
  "experiment": "Exp-1",
  "epoch": 1,
  "step": 12300,
  "expert_load": [
    342054.0,
    1564565.0,
    200299.0,
    1163482.0
  ],
  "cv": 0.6931801920254318,
  "max_mean_ratio": 1.9136068982387242,
  "aux_loss": 0.0,
  "aux_loss_alpha": 0.0
}