{
  "experiment": "Exp-1",
  "epoch": 1,
  "step": 1000,
  "expert_load": [
    331941.0,
    1560000.0,
    200854.0,
    1177605.0
  ],
  "cv": 0.6964651113013614,
  "max_mean_ratio": 1.9080234833659258,
  "aux_loss": 0.0,
  "aux_loss_alpha": 0.0
}