{
  "experiment": "Exp-1",
  "epoch": 0,
  "step": 17200,
  "expert_load": [
    299654.0,
    1573872.0,
    222274.0,
    1174600.0
  ],
  "cv": 0.7031655149217135,
  "max_mean_ratio": 1.9249902152641643,
  "aux_loss": 0.0,
  "aux_loss_alpha": 0.0
}