{
  "experiment": "Exp-1",
  "epoch": 0,
  "step": 13100,
  "expert_load": [
    303601.0,
    1568526.0,
    224846.0,
    1173427.0
  ],
  "cv": 0.6988916493395217,
  "max_mean_ratio": 1.9184515655577064,
  "aux_loss": 0.0,
  "aux_loss_alpha": 0.0
}