{
  "experiment": "Exp-1",
  "epoch": 1,
  "step": 2300,
  "expert_load": [
    326488.0,
    1562459.0,
    195529.0,
    1185924.0
  ],
  "cv": 0.7022510243395217,
  "max_mean_ratio": 1.91103106653618,
  "aux_loss": 0.0,
  "aux_loss_alpha": 0.0
}