{
  "experiment": "Exp-1",
  "epoch": 1,
  "step": 34600,
  "expert_load": [
    341111.0,
    1566246.0,
    196629.0,
    1166414.0
  ],
  "cv": 0.6958707650440228,
  "max_mean_ratio": 1.9156629158512486,
  "aux_loss": 0.0,
  "aux_loss_alpha": 0.0
}