{
  "experiment": "Exp-1",
  "epoch": 1,
  "step": 20300,
  "expert_load": [
    343098.0,
    1562170.0,
    196636.0,
    1168496.0
  ],
  "cv": 0.694114404965745,
  "max_mean_ratio": 1.9106775929549669,
  "aux_loss": 0.0,
  "aux_loss_alpha": 0.0
}