{
  "experiment": "Exp-1",
  "epoch": 1,
  "step": 9900,
  "expert_load": [
    358877.0,
    1529394.0,
    205177.0,
    1176952.0
  ],
  "cv": 0.6758270395058625,
  "max_mean_ratio": 1.870589530332658,
  "aux_loss": 0.0,
  "aux_loss_alpha": 0.0
}