{
  "experiment": "Exp-1",
  "epoch": 0,
  "step": 25100,
  "expert_load": [
    328261.0,
    1577689.0,
    204497.0,
    1159953.0
  ],
  "cv": 0.7000235445205394,
  "max_mean_ratio": 1.9296587573385282,
  "aux_loss": 0.0,
  "aux_loss_alpha": 0.0
}