{
  "experiment": "Exp-1",
  "epoch": 0,
  "step": 37000,
  "expert_load": [
    340329.0,
    1552409.0,
    203285.0,
    1174377.0
  ],
  "cv": 0.689829455112516,
  "max_mean_ratio": 1.898738992172188,
  "aux_loss": 0.0,
  "aux_loss_alpha": 0.0
}