{
  "experiment": "Exp-1",
  "epoch": 1,
  "step": 38000,
  "expert_load": [
    341564.0,
    1564961.0,
    190924.0,
    1172951.0
  ],
  "cv": 0.6983833781800306,
  "max_mean_ratio": 1.9140912426614247,
  "aux_loss": 0.0,
  "aux_loss_alpha": 0.0
}