{
  "experiment": "Exp-1",
  "epoch": 1,
  "step": 31700,
  "expert_load": [
    340634.0,
    1557795.0,
    204964.0,
    1167007.0
  ],
  "cv": 0.689934870352242,
  "max_mean_ratio": 1.9053265655577065,
  "aux_loss": 0.0,
  "aux_loss_alpha": 0.0
}