{
  "experiment": "Exp-1",
  "epoch": 1,
  "step": 21400,
  "expert_load": [
    341540.0,
    1565654.0,
    193980.0,
    1169226.0
  ],
  "cv": 0.6969372248042968,
  "max_mean_ratio": 1.9149388454011507,
  "aux_loss": 0.0,
  "aux_loss_alpha": 0.0
}