{
  "experiment": "Exp-1",
  "epoch": 0,
  "step": 38900,
  "expert_load": [
    331105.0,
    1561460.0,
    208588.0,
    1169247.0
  ],
  "cv": 0.6931156739236706,
  "max_mean_ratio": 1.90980919765164,
  "aux_loss": 0.0,
  "aux_loss_alpha": 0.0
}