{
  "experiment": "Exp-1",
  "epoch": 0,
  "step": 15900,
  "expert_load": [
    308253.0,
    1570639.0,
    218783.0,
    1172725.0
  ],
  "cv": 0.7002662518346294,
  "max_mean_ratio": 1.921035958904086,
  "aux_loss": 0.0,
  "aux_loss_alpha": 0.0
}