{
  "experiment": "Exp-1",
  "epoch": 1,
  "step": 19200,
  "expert_load": [
    335381.0,
    1563933.0,
    197578.0,
    1173508.0
  ],
  "cv": 0.6974428968933378,
  "max_mean_ratio": 1.9128339041095657,
  "aux_loss": 0.0,
  "aux_loss_alpha": 0.0
}