{
  "experiment": "Exp-1",
  "epoch": 0,
  "step": 4600,
  "expert_load": [
    282024.0,
    1569453.0,
    263561.0,
    1155362.0
  ],
  "cv": 0.6900360812132988,
  "max_mean_ratio": 1.9195853718199374,
  "aux_loss": 0.0,
  "aux_loss_alpha": 0.0
}