{
  "experiment": "Exp-1",
  "epoch": 0,
  "step": 24500,
  "expert_load": [
    311091.0,
    1573088.0,
    208655.0,
    1177566.0
  ],
  "cv": 0.7046599804305197,
  "max_mean_ratio": 1.9240313111545753,
  "aux_loss": 0.0,
  "aux_loss_alpha": 0.0
}