{
  "experiment": "Exp-1",
  "epoch": 1,
  "step": 9300,
  "expert_load": [
    335370.0,
    1563724.0,
    197958.0,
    1173348.0
  ],
  "cv": 0.6972052348336509,
  "max_mean_ratio": 1.9125782778864737,
  "aux_loss": 0.0,
  "aux_loss_alpha": 0.0
}