{
  "experiment": "Exp-1",
  "epoch": 0,
  "step": 10500,
  "expert_load": [
    295742.0,
    1569370.0,
    227836.0,
    1177452.0
  ],
  "cv": 0.7012299718688759,
  "max_mean_ratio": 1.9194838551858864,
  "aux_loss": 0.0,
  "aux_loss_alpha": 0.0
}