{
  "experiment": "Exp-1",
  "epoch": 1,
  "step": 42600,
  "expert_load": [
    336416.0,
    1565475.0,
    198004.0,
    1170505.0
  ],
  "cv": 0.6970809381115375,
  "max_mean_ratio": 1.9147199119373541,
  "aux_loss": 0.0,
  "aux_loss_alpha": 0.0
}