{
  "experiment": "Exp-1",
  "epoch": 0,
  "step": 12900,
  "expert_load": [
    298692.0,
    1569232.0,
    233076.0,
    1169400.0
  ],
  "cv": 0.6971752690802263,
  "max_mean_ratio": 1.9193150684931273,
  "aux_loss": 0.0,
  "aux_loss_alpha": 0.0
}