{
  "experiment": "Exp-1",
  "epoch": 0,
  "step": 26400,
  "expert_load": [
    314959.0,
    1566462.0,
    209262.0,
    1179717.0
  ],
  "cv": 0.7011865521037096,
  "max_mean_ratio": 1.9159271037181762,
  "aux_loss": 0.0,
  "aux_loss_alpha": 0.0
}