{
  "experiment": "Exp-1",
  "epoch": 0,
  "step": 39000,
  "expert_load": [
    332252.0,
    1563464.0,
    210262.0,
    1164422.0
  ],
  "cv": 0.6921611270792479,
  "max_mean_ratio": 1.9122602739725794,
  "aux_loss": 0.0,
  "aux_loss_alpha": 0.0
}