{
  "experiment": "Exp-1",
  "epoch": 1,
  "step": 38600,
  "expert_load": [
    337316.0,
    1563151.0,
    196267.0,
    1173666.0
  ],
  "cv": 0.6970972205234748,
  "max_mean_ratio": 1.9118774461839296,
  "aux_loss": 0.0,
  "aux_loss_alpha": 0.0
}