{
  "experiment": "Exp-1",
  "epoch": 0,
  "step": 37500,
  "expert_load": [
    330160.0,
    1563471.0,
    203514.0,
    1173255.0
  ],
  "cv": 0.6966025562622223,
  "max_mean_ratio": 1.912268835616415,
  "aux_loss": 0.0,
  "aux_loss_alpha": 0.0
}