{
  "experiment": "Exp-1",
  "epoch": 1,
  "step": 22900,
  "expert_load": [
    336933.0,
    1566475.0,
    194851.0,
    1172141.0
  ],
  "cv": 0.6987084148727899,
  "max_mean_ratio": 1.915943003913871,
  "aux_loss": 0.0,
  "aux_loss_alpha": 0.0
}