{
  "experiment": "Exp-1",
  "epoch": 1,
  "step": 23200,
  "expert_load": [
    336927.0,
    1562920.0,
    196567.0,
    1173986.0
  ],
  "cv": 0.6970662610078192,
  "max_mean_ratio": 1.9115949119373543,
  "aux_loss": 0.0,
  "aux_loss_alpha": 0.0
}