{
  "experiment": "Exp-1",
  "epoch": 1,
  "step": 5400,
  "expert_load": [
    346089.0,
    1555021.0,
    203208.0,
    1166082.0
  ],
  "cv": 0.6878273299902068,
  "max_mean_ratio": 1.9019337084148495,
  "aux_loss": 0.0,
  "aux_loss_alpha": 0.0
}