{
  "experiment": "Exp-1",
  "epoch": 1,
  "step": 16300,
  "expert_load": [
    340362.0,
    1562910.0,
    199847.0,
    1167281.0
  ],
  "cv": 0.6938119954745512,
  "max_mean_ratio": 1.911582681017589,
  "aux_loss": 0.0,
  "aux_loss_alpha": 0.0
}