{
  "experiment": "Exp-1",
  "epoch": 1,
  "step": 36000,
  "expert_load": [
    336659.0,
    1566953.0,
    196715.0,
    1170073.0
  ],
  "cv": 0.6979585066046882,
  "max_mean_ratio": 1.9165276418786459,
  "aux_loss": 0.0,
  "aux_loss_alpha": 0.0
}