{
  "experiment": "Exp-1",
  "epoch": 1,
  "step": 1900,
  "expert_load": [
    334029.0,
    1559360.0,
    198068.0,
    1178943.0
  ],
  "cv": 0.6968505381604612,
  "max_mean_ratio": 1.9072407045009552,
  "aux_loss": 0.0,
  "aux_loss_alpha": 0.0
}