{
  "experiment": "Exp-1",
  "epoch": 0,
  "step": 28600,
  "expert_load": [
    318968.0,
    1562088.0,
    212138.0,
    1177206.0
  ],
  "cv": 0.6969470095401089,
  "max_mean_ratio": 1.9105772994128924,
  "aux_loss": 0.0,
  "aux_loss_alpha": 0.0
}