{
  "experiment": "Exp-1",
  "epoch": 0,
  "step": 12400,
  "expert_load": [
    314406.0,
    1570596.0,
    225261.0,
    1160137.0
  ],
  "cv": 0.6941530088062537,
  "max_mean_ratio": 1.9209833659490958,
  "aux_loss": 0.0,
  "aux_loss_alpha": 0.0
}