{
  "experiment": "Exp-1",
  "epoch": 0,
  "step": 5500,
  "expert_load": [
    291610.0,
    1567064.0,
    247668.0,
    1164058.0
  ],
  "cv": 0.6927543266878584,
  "max_mean_ratio": 1.9166634050880391,
  "aux_loss": 0.0,
  "aux_loss_alpha": 0.0
}