{
  "experiment": "Exp-1",
  "epoch": 0,
  "step": 22600,
  "expert_load": [
    317315.0,
    1570993.0,
    213811.0,
    1168281.0
  ],
  "cv": 0.6987228626467625,
  "max_mean_ratio": 1.921468933463773,
  "aux_loss": 0.0,
  "aux_loss_alpha": 0.0
}