{
  "experiment": "Exp-1",
  "epoch": 1,
  "step": 6200,
  "expert_load": [
    340427.0,
    1563960.0,
    192774.0,
    1173239.0
  ],
  "cv": 0.6977077727495022,
  "max_mean_ratio": 1.9128669275929315,
  "aux_loss": 0.0,
  "aux_loss_alpha": 0.0
}