{
  "experiment": "Exp-1",
  "epoch": 1,
  "step": 5500,
  "expert_load": [
    345913.0,
    1555435.0,
    197477.0,
    1171575.0
  ],
  "cv": 0.691003623409972,
  "max_mean_ratio": 1.9024400684931273,
  "aux_loss": 0.0,
  "aux_loss_alpha": 0.0
}