{
  "experiment": "Exp-1",
  "epoch": 1,
  "step": 3500,
  "expert_load": [
    336318.0,
    1561615.0,
    200766.0,
    1171701.0
  ],
  "cv": 0.694868670499013,
  "max_mean_ratio": 1.909998776908,
  "aux_loss": 0.0,
  "aux_loss_alpha": 0.0
}