{
  "experiment": "Exp-1",
  "epoch": 1,
  "step": 18500,
  "expert_load": [
    341001.0,
    1568169.0,
    195625.0,
    1165605.0
  ],
  "cv": 0.6968568065068408,
  "max_mean_ratio": 1.91801492172209,
  "aux_loss": 0.0,
  "aux_loss_alpha": 0.0
}