{
  "experiment": "Exp-1",
  "epoch": 0,
  "step": 25200,
  "expert_load": [
    325267.0,
    1574657.0,
    206003.0,
    1164473.0
  ],
  "cv": 0.6999193523727899,
  "max_mean_ratio": 1.9259503424657298,
  "aux_loss": 0.0,
  "aux_loss_alpha": 0.0
}