{
  "experiment": "Exp-1",
  "epoch": 0,
  "step": 9000,
  "expert_load": [
    298200.0,
    1567656.0,
    225847.0,
    1178697.0
  ],
  "cv": 0.7007268988502849,
  "max_mean_ratio": 1.917387475538137,
  "aux_loss": 0.0,
  "aux_loss_alpha": 0.0
}