{
  "experiment": "Exp-1",
  "epoch": 0,
  "step": 10400,
  "expert_load": [
    294807.0,
    1572396.0,
    230560.0,
    1172637.0
  ],
  "cv": 0.7009332956213221,
  "max_mean_ratio": 1.9231849315068257,
  "aux_loss": 0.0,
  "aux_loss_alpha": 0.0
}