{
  "experiment": "Exp-1",
  "epoch": 1,
  "step": 32900,
  "expert_load": [
    341780.0,
    1541817.0,
    220507.0,
    1166296.0
  ],
  "cv": 0.6779626345401091,
  "max_mean_ratio": 1.885784001956924,
  "aux_loss": 0.0,
  "aux_loss_alpha": 0.0
}