{
  "experiment": "Exp-1",
  "epoch": 0,
  "step": 25300,
  "expert_load": [
    379150.0,
    1568866.0,
    216615.0,
    1105769.0
  ],
  "cv": 0.6701560206702462,
  "max_mean_ratio": 1.9188674168297222,
  "aux_loss": 0.0,
  "aux_loss_alpha": 0.0
}