{
  "experiment": "Exp-1",
  "epoch": 0,
  "step": 21500,
  "expert_load": [
    323357.0,
    1564830.0,
    212659.0,
    1169554.0
  ],
  "cv": 0.6952430895303242,
  "max_mean_ratio": 1.913931017612501,
  "aux_loss": 0.0,
  "aux_loss_alpha": 0.0
}