{
  "experiment": "Exp-1",
  "epoch": 0,
  "step": 8700,
  "expert_load": [
    302357.0,
    1575104.0,
    235430.0,
    1157509.0
  ],
  "cv": 0.6955909827543946,
  "max_mean_ratio": 1.9264970645792328,
  "aux_loss": 0.0,
  "aux_loss_alpha": 0.0
}