{
  "experiment": "Exp-1",
  "epoch": 1,
  "step": 40800,
  "expert_load": [
    346258.0,
    1564463.0,
    197650.0,
    1162029.0
  ],
  "cv": 0.6926785714285629,
  "max_mean_ratio": 1.9134821428571194,
  "aux_loss": 0.0,
  "aux_loss_alpha": 0.0
}