{
  "experiment": "Exp-1",
  "epoch": 1,
  "step": 2500,
  "expert_load": [
    334376.0,
    1561787.0,
    204530.0,
    1169707.0
  ],
  "cv": 0.6938160469667234,
  "max_mean_ratio": 1.9102091487279609,
  "aux_loss": 0.0,
  "aux_loss_alpha": 0.0
}