{
  "experiment": "Exp-1",
  "epoch": 0,
  "step": 30900,
  "expert_load": [
    322794.0,
    1561993.0,
    212659.0,
    1172954.0
  ],
  "cv": 0.6949014646526334,
  "max_mean_ratio": 1.9104611056751233,
  "aux_loss": 0.0,
  "aux_loss_alpha": 0.0
}