{
  "experiment": "Exp-1",
  "epoch": 0,
  "step": 34900,
  "expert_load": [
    324825.0,
    1568723.0,
    202238.0,
    1174614.0
  ],
  "cv": 0.7007853779354122,
  "max_mean_ratio": 1.9186925146770801,
  "aux_loss": 0.0,
  "aux_loss_alpha": 0.0
}