{
  "experiment": "Exp-1",
  "epoch": 0,
  "step": 21900,
  "expert_load": [
    318534.0,
    1569773.0,
    214448.0,
    1167645.0
  ],
  "cv": 0.697579348091968,
  "max_mean_ratio": 1.9199767612524228,
  "aux_loss": 0.0,
  "aux_loss_alpha": 0.0
}