{
  "experiment": "Exp-1",
  "epoch": 1,
  "step": 9200,
  "expert_load": [
    342380.0,
    1560777.0,
    196797.0,
    1170446.0
  ],
  "cv": 0.6940556201076236,
  "max_mean_ratio": 1.908973825831679,
  "aux_loss": 0.0,
  "aux_loss_alpha": 0.0
}