{
  "experiment": "Exp-1",
  "epoch": 1,
  "step": 6800,
  "expert_load": [
    344005.0,
    1561953.0,
    200023.0,
    1164419.0
  ],
  "cv": 0.6918957161203437,
  "max_mean_ratio": 1.9104121819960627,
  "aux_loss": 0.0,
  "aux_loss_alpha": 0.0
}