{
  "experiment": "Exp-1",
  "epoch": 1,
  "step": 11400,
  "expert_load": [
    336141.0,
    1564588.0,
    197559.0,
    1172112.0
  ],
  "cv": 0.697249189701557,
  "max_mean_ratio": 1.913635029354184,
  "aux_loss": 0.0,
  "aux_loss_alpha": 0.0
}