{
  "experiment": "Exp-1",
  "epoch": 0,
  "step": 2900,
  "expert_load": [
    274736.0,
    1565093.0,
    258754.0,
    1171817.0
  ],
  "cv": 0.6949126253669191,
  "max_mean_ratio": 1.914252690802325,
  "aux_loss": 0.0,
  "aux_loss_alpha": 0.0
}