{
  "experiment": "Exp-1",
  "epoch": 1,
  "step": 11700,
  "expert_load": [
    341256.0,
    1561992.0,
    203749.0,
    1163403.0
  ],
  "cv": 0.6911865521037097,
  "max_mean_ratio": 1.910459882583147,
  "aux_loss": 0.0,
  "aux_loss_alpha": 0.0
}