{
  "experiment": "Exp-1",
  "epoch": 0,
  "step": 2000,
  "expert_load": [
    268574.0,
    1557120.0,
    295078.0,
    1149628.0
  ],
  "cv": 0.6786758500489154,
  "max_mean_ratio": 1.9045009784735578,
  "aux_loss": 0.0,
  "aux_loss_alpha": 0.0
}