{
  "experiment": "Exp-1",
  "epoch": 1,
  "step": 28600,
  "expert_load": [
    337836.0,
    1564919.0,
    196637.0,
    1171008.0
  ],
  "cv": 0.697042104941283,
  "max_mean_ratio": 1.914039872798411,
  "aux_loss": 0.0,
  "aux_loss_alpha": 0.0
}