{
  "experiment": "Exp-1",
  "epoch": 0,
  "step": 15800,
  "expert_load": [
    301258.0,
    1571494.0,
    219164.0,
    1178484.0
  ],
  "cv": 0.7034980430528289,
  "max_mean_ratio": 1.9220817025440078,
  "aux_loss": 0.0,
  "aux_loss_alpha": 0.0
}