{
  "experiment": "Exp-1",
  "epoch": 0,
  "step": 2500,
  "expert_load": [
    270754.0,
    1559116.0,
    271586.0,
    1168944.0
  ],
  "cv": 0.6893022260273888,
  "max_mean_ratio": 1.906942270058685,
  "aux_loss": 0.0,
  "aux_loss_alpha": 0.0
}