{
  "experiment": "Exp-1",
  "epoch": 1,
  "step": 32400,
  "expert_load": [
    339169.0,
    1566953.0,
    198035.0,
    1166243.0
  ],
  "cv": 0.6961528406311069,
  "max_mean_ratio": 1.9165276418786459,
  "aux_loss": 0.0,
  "aux_loss_alpha": 0.0
}