{
  "experiment": "Exp-1",
  "epoch": 1,
  "step": 13400,
  "expert_load": [
    335870.0,
    1559367.0,
    202483.0,
    1172680.0
  ],
  "cv": 0.6937026051859014,
  "max_mean_ratio": 1.9072492661447908,
  "aux_loss": 0.0,
  "aux_loss_alpha": 0.0
}