{
  "experiment": "Exp-1",
  "epoch": 1,
  "step": 29400,
  "expert_load": [
    339844.0,
    1566808.0,
    199458.0,
    1164290.0
  ],
  "cv": 0.6950824822651578,
  "max_mean_ratio": 1.9163502935420509,
  "aux_loss": 0.0,
  "aux_loss_alpha": 0.0
}