{
  "experiment": "Exp-1",
  "epoch": 0,
  "step": 41500,
  "expert_load": [
    339753.0,
    1559403.0,
    205539.0,
    1165705.0
  ],
  "cv": 0.690371590631107,
  "max_mean_ratio": 1.9072932974559453,
  "aux_loss": 0.0,
  "aux_loss_alpha": 0.0
}