{
  "experiment": "Exp-1",
  "epoch": 0,
  "step": 18900,
  "expert_load": [
    310732.0,
    1570101.0,
    220042.0,
    1169525.0
  ],
  "cv": 0.6983683188600698,
  "max_mean_ratio": 1.9203779354207202,
  "aux_loss": 0.0,
  "aux_loss_alpha": 0.0
}