{
  "experiment": "Exp-1",
  "epoch": 1,
  "step": 40200,
  "expert_load": [
    339951.0,
    1566860.0,
    193720.0,
    1169869.0
  ],
  "cv": 0.6980359436154513,
  "max_mean_ratio": 1.9164138943248297,
  "aux_loss": 0.0,
  "aux_loss_alpha": 0.0
}