{
  "experiment": "Exp-1",
  "epoch": 1,
  "step": 38300,
  "expert_load": [
    339313.0,
    1564575.0,
    197444.0,
    1169068.0
  ],
  "cv": 0.6958881176614397,
  "max_mean_ratio": 1.9136191291584892,
  "aux_loss": 0.0,
  "aux_loss_alpha": 0.0
}