{
  "experiment": "Exp-1",
  "epoch": 1,
  "step": 300,
  "expert_load": [
    346664.0,
    1557171.0,
    200089.0,
    1166476.0
  ],
  "cv": 0.6896602097602655,
  "max_mean_ratio": 1.9045633561643602,
  "aux_loss": 0.0,
  "aux_loss_alpha": 0.0
}