{
  "experiment": "Exp-1",
  "epoch": 1,
  "step": 10600,
  "expert_load": [
    340077.0,
    1560984.0,
    198085.0,
    1171254.0
  ],
  "cv": 0.6944529721134944,
  "max_mean_ratio": 1.909227005870818,
  "aux_loss": 0.0,
  "aux_loss_alpha": 0.0
}