{
  "experiment": "Exp-1",
  "epoch": 1,
  "step": 25600,
  "expert_load": [
    338855.0,
    1567018.0,
    190732.0,
    1173795.0
  ],
  "cv": 0.700123302959874,
  "max_mean_ratio": 1.9166071428571194,
  "aux_loss": 0.0,
  "aux_loss_alpha": 0.0
}