{
  "experiment": "Exp-1",
  "epoch": 1,
  "step": 2000,
  "expert_load": [
    327242.0,
    1559732.0,
    204278.0,
    1179148.0
  ],
  "cv": 0.696757736056743,
  "max_mean_ratio": 1.9076956947162194,
  "aux_loss": 0.0,
  "aux_loss_alpha": 0.0
}