{
  "experiment": "Exp-1",
  "epoch": 1,
  "step": 30500,
  "expert_load": [
    338848.0,
    1568131.0,
    194451.0,
    1168970.0
  ],
  "cv": 0.6984154843444141,
  "max_mean_ratio": 1.9179684442269824,
  "aux_loss": 0.0,
  "aux_loss_alpha": 0.0
}