{
  "experiment": "Exp-1",
  "epoch": 0,
  "step": 12000,
  "expert_load": [
    308067.0,
    1567015.0,
    226238.0,
    1169080.0
  ],
  "cv": 0.6957914933952948,
  "max_mean_ratio": 1.9166034735811899,
  "aux_loss": 0.0,
  "aux_loss_alpha": 0.0
}