{
  "experiment": "Exp-1",
  "epoch": 0,
  "step": 27700,
  "expert_load": [
    326886.0,
    1565619.0,
    208356.0,
    1169539.0
  ],
  "cv": 0.696027473703514,
  "max_mean_ratio": 1.9148960371819725,
  "aux_loss": 0.0,
  "aux_loss_alpha": 0.0
}