{
  "experiment": "Exp-1",
  "epoch": 0,
  "step": 32100,
  "expert_load": [
    318794.0,
    1568163.0,
    207627.0,
    1175816.0
  ],
  "cv": 0.7006240826810091,
  "max_mean_ratio": 1.918007583170231,
  "aux_loss": 0.0,
  "aux_loss_alpha": 0.0
}