{
  "experiment": "Exp-1",
  "epoch": 1,
  "step": 34300,
  "expert_load": [
    337810.0,
    1567509.0,
    192319.0,
    1172762.0
  ],
  "cv": 0.6998604146281715,
  "max_mean_ratio": 1.917207681017589,
  "aux_loss": 0.0,
  "aux_loss_alpha": 0.0
}