{
  "experiment": "Exp-1",
  "epoch": 1,
  "step": 24000,
  "expert_load": [
    336233.0,
    1568030.0,
    190315.0,
    1175822.0
  ],
  "cv": 0.7017257827788563,
  "max_mean_ratio": 1.9178449119373542,
  "aux_loss": 0.0,
  "aux_loss_alpha": 0.0
}