{
  "experiment": "Exp-1",
  "epoch": 0,
  "step": 26600,
  "expert_load": [
    314211.0,
    1567476.0,
    205470.0,
    1183243.0
  ],
  "cv": 0.7037065037915765,
  "max_mean_ratio": 1.917167318982364,
  "aux_loss": 0.0,
  "aux_loss_alpha": 0.0
}