{
  "experiment": "Exp-1",
  "epoch": 1,
  "step": 12100,
  "expert_load": [
    332599.0,
    1561008.0,
    216142.0,
    1160651.0
  ],
  "cv": 0.6884490429305199,
  "max_mean_ratio": 1.9092563600782546,
  "aux_loss": 0.0,
  "aux_loss_alpha": 0.0
}