{
  "experiment": "Exp-1",
  "epoch": 1,
  "step": 14700,
  "expert_load": [
    335076.0,
    1564322.0,
    198180.0,
    1172822.0
  ],
  "cv": 0.6973466548434357,
  "max_mean_ratio": 1.9133096868884305,
  "aux_loss": 0.0,
  "aux_loss_alpha": 0.0
}