{
  "experiment": "Exp-1",
  "epoch": 1,
  "step": 20500,
  "expert_load": [
    342052.0,
    1561300.0,
    193991.0,
    1173057.0
  ],
  "cv": 0.695786065924649,
  "max_mean_ratio": 1.9096135029353973,
  "aux_loss": 0.0,
  "aux_loss_alpha": 0.0
}