{
  "experiment": "Exp-1",
  "epoch": 1,
  "step": 31000,
  "expert_load": [
    338484.0,
    1565183.0,
    195235.0,
    1171498.0
  ],
  "cv": 0.6975416615704415,
  "max_mean_ratio": 1.9143627690802114,
  "aux_loss": 0.0,
  "aux_loss_alpha": 0.0
}