{
  "experiment": "Exp-1",
  "epoch": 0,
  "step": 25900,
  "expert_load": [
    353635.0,
    1564664.0,
    211505.0,
    1140596.0
  ],
  "cv": 0.6823728748776825,
  "max_mean_ratio": 1.9137279843443993,
  "aux_loss": 0.0,
  "aux_loss_alpha": 0.0
}