{
  "experiment": "Exp-1",
  "epoch": 1,
  "step": 7700,
  "expert_load": [
    345605.0,
    1558149.0,
    200882.0,
    1165764.0
  ],
  "cv": 0.6899234038649622,
  "max_mean_ratio": 1.9057595401173935,
  "aux_loss": 0.0,
  "aux_loss_alpha": 0.0
}