{
  "experiment": "Exp-1",
  "epoch": 1,
  "step": 12900,
  "expert_load": [
    340289.0,
    1560343.0,
    204995.0,
    1164773.0
  ],
  "cv": 0.6906157503669191,
  "max_mean_ratio": 1.908443003913871,
  "aux_loss": 0.0,
  "aux_loss_alpha": 0.0
}