{
  "experiment": "Exp-1",
  "epoch": 1,
  "step": 42300,
  "expert_load": [
    340846.0,
    1561153.0,
    196295.0,
    1172106.0
  ],
  "cv": 0.6950832466976431,
  "max_mean_ratio": 1.9094337084148494,
  "aux_loss": 0.0,
  "aux_loss_alpha": 0.0
}