{
  "experiment": "Exp-1",
  "epoch": 1,
  "step": 1800,
  "expert_load": [
    331418.0,
    1562153.0,
    199242.0,
    1177587.0
  ],
  "cv": 0.6979905363258232,
  "max_mean_ratio": 1.910656800391366,
  "aux_loss": 0.0,
  "aux_loss_alpha": 0.0
}