{
  "experiment": "Exp-1",
  "epoch": 0,
  "step": 4800,
  "expert_load": [
    297945.0,
    1573068.0,
    248424.0,
    1150963.0
  ],
  "cv": 0.690766955112516,
  "max_mean_ratio": 1.9240068493150448,
  "aux_loss": 0.0,
  "aux_loss_alpha": 0.0
}