{
  "experiment": "Exp-1",
  "epoch": 1,
  "step": 5000,
  "expert_load": [
    337933.0,
    1557405.0,
    200367.0,
    1174695.0
  ],
  "cv": 0.69347403987279,
  "max_mean_ratio": 1.904849559686865,
  "aux_loss": 0.0,
  "aux_loss_alpha": 0.0
}