{
  "experiment": "Exp-1",
  "epoch": 1,
  "step": 25400,
  "expert_load": [
    336602.0,
    1565901.0,
    194098.0,
    1173799.0
  ],
  "cv": 0.6991299993884454,
  "max_mean_ratio": 1.9152409491193503,
  "aux_loss": 0.0,
  "aux_loss_alpha": 0.0
}