{
  "experiment": "Exp-1",
  "epoch": 0,
  "step": 11600,
  "expert_load": [
    308148.0,
    1571229.0,
    223877.0,
    1167146.0
  ],
  "cv": 0.6978560726516548,
  "max_mean_ratio": 1.921757583170231,
  "aux_loss": 0.0,
  "aux_loss_alpha": 0.0
}