{
  "experiment": "Exp-1",
  "epoch": 0,
  "step": 29800,
  "expert_load": [
    323270.0,
    1564174.0,
    210630.0,
    1172326.0
  ],
  "cv": 0.6961902978228878,
  "max_mean_ratio": 1.9131286692759062,
  "aux_loss": 0.0,
  "aux_loss_alpha": 0.0
}