{
  "experiment": "Exp-1",
  "epoch": 0,
  "step": 5100,
  "expert_load": [
    302451.0,
    1565439.0,
    245679.0,
    1156831.0
  ],
  "cv": 0.6883120566291501,
  "max_mean_ratio": 1.9146758806261996,
  "aux_loss": 0.0,
  "aux_loss_alpha": 0.0
}