{
  "experiment": "Exp-1",
  "epoch": 1,
  "step": 2700,
  "expert_load": [
    339076.0,
    1560390.0,
    201234.0,
    1169700.0
  ],
  "cv": 0.6931284399461755,
  "max_mean_ratio": 1.9085004892367672,
  "aux_loss": 0.0,
  "aux_loss_alpha": 0.0
}