{
  "experiment": "Exp-1",
  "epoch": 1,
  "step": 19300,
  "expert_load": [
    338016.0,
    1563815.0,
    202748.0,
    1165821.0
  ],
  "cv": 0.6935423801369778,
  "max_mean_ratio": 1.9126895792563368,
  "aux_loss": 0.0,
  "aux_loss_alpha": 0.0
}