{
  "experiment": "Exp-1",
  "epoch": 1,
  "step": 9000,
  "expert_load": [
    337087.0,
    1559548.0,
    198441.0,
    1175324.0
  ],
  "cv": 0.695310283145784,
  "max_mean_ratio": 1.9074706457925403,
  "aux_loss": 0.0,
  "aux_loss_alpha": 0.0
}