{
  "experiment": "Exp-1",
  "epoch": 1,
  "step": 200,
  "expert_load": [
    367815.0,
    1530774.0,
    196462.0,
    1175349.0
  ],
  "cv": 0.6767801339285632,
  "max_mean_ratio": 1.872277397260251,
  "aux_loss": 0.0,
  "aux_loss_alpha": 0.0
}