{
  "experiment": "Exp-1",
  "epoch": 0,
  "step": 17800,
  "expert_load": [
    310859.0,
    1573102.0,
    219623.0,
    1166816.0
  ],
  "cv": 0.6991706671966647,
  "max_mean_ratio": 1.9240484344422466,
  "aux_loss": 0.0,
  "aux_loss_alpha": 0.0
}