{
  "experiment": "Exp-1",
  "epoch": 1,
  "step": 7200,
  "expert_load": [
    335725.0,
    1561039.0,
    197674.0,
    1175962.0
  ],
  "cv": 0.6966355797455883,
  "max_mean_ratio": 1.9092942759295266,
  "aux_loss": 0.0,
  "aux_loss_alpha": 0.0
}