{
  "experiment": "Exp-1",
  "epoch": 0,
  "step": 22100,
  "expert_load": [
    310066.0,
    1573480.0,
    212146.0,
    1174708.0
  ],
  "cv": 0.7034230522260188,
  "max_mean_ratio": 1.9245107632093699,
  "aux_loss": 0.0,
  "aux_loss_alpha": 0.0
}