{
  "experiment": "Exp-1",
  "epoch": 0,
  "step": 11200,
  "expert_load": [
    308786.0,
    1573053.0,
    226104.0,
    1162457.0
  ],
  "cv": 0.6968390716731813,
  "max_mean_ratio": 1.9239885029353971,
  "aux_loss": 0.0,
  "aux_loss_alpha": 0.0
}