{
  "experiment": "Exp-1",
  "epoch": 1,
  "step": 32300,
  "expert_load": [
    335819.0,
    1565987.0,
    198079.0,
    1170515.0
  ],
  "cv": 0.6974175177348251,
  "max_mean_ratio": 1.9153461350293308,
  "aux_loss": 0.0,
  "aux_loss_alpha": 0.0
}