{
  "experiment": "Exp-1",
  "epoch": 1,
  "step": 29100,
  "expert_load": [
    340278.0,
    1566140.0,
    192945.0,
    1171037.0
  ],
  "cv": 0.6981434228228878,
  "max_mean_ratio": 1.9155332681017379,
  "aux_loss": 0.0,
  "aux_loss_alpha": 0.0
}