{
  "experiment": "Exp-1",
  "epoch": 1,
  "step": 29300,
  "expert_load": [
    343563.0,
    1567626.0,
    197512.0,
    1161699.0
  ],
  "cv": 0.6946267276174083,
  "max_mean_ratio": 1.9173507827788414,
  "aux_loss": 0.0,
  "aux_loss_alpha": 0.0
}