{
  "experiment": "Exp-1",
  "epoch": 0,
  "step": 600,
  "expert_load": [
    235419.0,
    1538266.0,
    303612.0,
    1193103.0
  ],
  "cv": 0.6874060512475454,
  "max_mean_ratio": 1.8814408023483136,
  "aux_loss": 0.0,
  "aux_loss_alpha": 0.0
}