{
  "experiment": "Exp-1",
  "epoch": 1,
  "step": 23900,
  "expert_load": [
    337611.0,
    1566534.0,
    198653.0,
    1167602.0
  ],
  "cv": 0.6964346868884455,
  "max_mean_ratio": 1.9160151663404854,
  "aux_loss": 0.0,
  "aux_loss_alpha": 0.0
}