{
  "experiment": "Exp-1",
  "epoch": 1,
  "step": 35000,
  "expert_load": [
    336781.0,
    1567449.0,
    192655.0,
    1173515.0
  ],
  "cv": 0.7001312530577214,
  "max_mean_ratio": 1.917134295498998,
  "aux_loss": 0.0,
  "aux_loss_alpha": 0.0
}