{
  "experiment": "Exp-1",
  "epoch": 0,
  "step": 37800,
  "expert_load": [
    346073.0,
    1540205.0,
    202565.0,
    1181557.0
  ],
  "cv": 0.6851576259784652,
  "max_mean_ratio": 1.8838123776907794,
  "aux_loss": 0.0,
  "aux_loss_alpha": 0.0
}