{
  "experiment": "Exp-1",
  "epoch": 0,
  "step": 8300,
  "expert_load": [
    299315.0,
    1572534.0,
    232879.0,
    1165672.0
  ],
  "cv": 0.6976979880136901,
  "max_mean_ratio": 1.923353718199585,
  "aux_loss": 0.0,
  "aux_loss_alpha": 0.0
}