{
  "experiment": "Exp-1",
  "epoch": 0,
  "step": 36800,
  "expert_load": [
    349353.0,
    1547288.0,
    207904.0,
    1165855.0
  ],
  "cv": 0.6822810665361951,
  "max_mean_ratio": 1.8924755381604466,
  "aux_loss": 0.0,
  "aux_loss_alpha": 0.0
}