{
  "experiment": "Exp-1",
  "epoch": 1,
  "step": 16100,
  "expert_load": [
    338803.0,
    1564073.0,
    199692.0,
    1167832.0
  ],
  "cv": 0.6948361056751383,
  "max_mean_ratio": 1.913005136986278,
  "aux_loss": 0.0,
  "aux_loss_alpha": 0.0
}