{
  "experiment": "Exp-1",
  "epoch": 1,
  "step": 14600,
  "expert_load": [
    344628.0,
    1563864.0,
    200460.0,
    1161448.0
  ],
  "cv": 0.6918057424168212,
  "max_mean_ratio": 1.912749510763186,
  "aux_loss": 0.0,
  "aux_loss_alpha": 0.0
}