{
  "experiment": "Exp-1",
  "epoch": 1,
  "step": 5200,
  "expert_load": [
    336715.0,
    1561779.0,
    201576.0,
    1170330.0
  ],
  "cv": 0.6943017673678976,
  "max_mean_ratio": 1.9101993639921488,
  "aux_loss": 0.0,
  "aux_loss_alpha": 0.0
}