{
  "experiment": "Exp-1",
  "epoch": 1,
  "step": 17400,
  "expert_load": [
    339137.0,
    1561473.0,
    196061.0,
    1173729.0
  ],
  "cv": 0.6960383286448055,
  "max_mean_ratio": 1.9098250978473348,
  "aux_loss": 0.0,
  "aux_loss_alpha": 0.0
}