{
  "experiment": "Exp-1",
  "epoch": 0,
  "step": 4100,
  "expert_load": [
    295567.0,
    1566569.0,
    247015.0,
    1161249.0
  ],
  "cv": 0.6911104910714201,
  "max_mean_ratio": 1.9160579745596635,
  "aux_loss": 0.0,
  "aux_loss_alpha": 0.0
}