{
  "experiment": "Exp-1",
  "epoch": 1,
  "step": 29200,
  "expert_load": [
    335156.0,
    1567541.0,
    195717.0,
    1171986.0
  ],
  "cv": 0.6992759295498936,
  "max_mean_ratio": 1.9172468199608377,
  "aux_loss": 0.0,
  "aux_loss_alpha": 0.0
}