{
  "experiment": "Exp-1",
  "epoch": 1,
  "step": 21500,
  "expert_load": [
    333488.0,
    1565783.0,
    192031.0,
    1179098.0
  ],
  "cv": 0.701590019569463,
  "max_mean_ratio": 1.9150966242661214,
  "aux_loss": 0.0,
  "aux_loss_alpha": 0.0
}