{
  "experiment": "Exp-1",
  "epoch": 1,
  "step": 22100,
  "expert_load": [
    334484.0,
    1562643.0,
    194793.0,
    1178480.0
  ],
  "cv": 0.6990409430039053,
  "max_mean_ratio": 1.911256115459859,
  "aux_loss": 0.0,
  "aux_loss_alpha": 0.0
}