{
  "experiment": "Exp-1",
  "epoch": 0,
  "step": 21700,
  "expert_load": [
    308072.0,
    1573937.0,
    215041.0,
    1173350.0
  ],
  "cv": 0.7029586594911851,
  "max_mean_ratio": 1.9250697162426378,
  "aux_loss": 0.0,
  "aux_loss_alpha": 0.0
}