{
  "experiment": "Exp-1",
  "epoch": 0,
  "step": 17500,
  "expert_load": [
    311810.0,
    1572315.0,
    215954.0,
    1170321.0
  ],
  "cv": 0.7004293052837488,
  "max_mean_ratio": 1.9230858610567279,
  "aux_loss": 0.0,
  "aux_loss_alpha": 0.0
}