{
  "experiment": "Exp-1",
  "epoch": 0,
  "step": 40200,
  "expert_load": [
    334414.0,
    1559421.0,
    209085.0,
    1167480.0
  ],
  "cv": 0.6909316138698546,
  "max_mean_ratio": 1.9073153131115226,
  "aux_loss": 0.0,
  "aux_loss_alpha": 0.0
}