{
  "experiment": "Exp-1",
  "epoch": 1,
  "step": 38700,
  "expert_load": [
    338022.0,
    1564528.0,
    196790.0,
    1171060.0
  ],
  "cv": 0.6967963398972518,
  "max_mean_ratio": 1.913561643835593,
  "aux_loss": 0.0,
  "aux_loss_alpha": 0.0
}