{
  "experiment": "Exp-1",
  "epoch": 0,
  "step": 40900,
  "expert_load": [
    348195.0,
    1557784.0,
    201928.0,
    1162493.0
  ],
  "cv": 0.6881499969422616,
  "max_mean_ratio": 1.905313111545965,
  "aux_loss": 0.0,
  "aux_loss_alpha": 0.0
}