{
  "experiment": "Exp-1",
  "epoch": 1,
  "step": 37300,
  "expert_load": [
    337966.0,
    1566197.0,
    195131.0,
    1171106.0
  ],
  "cv": 0.6980417533023398,
  "max_mean_ratio": 1.9156029843443994,
  "aux_loss": 0.0,
  "aux_loss_alpha": 0.0
}