{
  "experiment": "Exp-1",
  "epoch": 0,
  "step": 35300,
  "expert_load": [
    324676.0,
    1565952.0,
    206142.0,
    1173630.0
  ],
  "cv": 0.698246009662418,
  "max_mean_ratio": 1.9153033268101527,
  "aux_loss": 0.0,
  "aux_loss_alpha": 0.0
}