{
  "experiment": "Exp-1",
  "epoch": 0,
  "step": 31900,
  "expert_load": [
    325744.0,
    1564096.0,
    206464.0,
    1174096.0
  ],
  "cv": 0.6972040117416745,
  "max_mean_ratio": 1.913033268101738,
  "aux_loss": 0.0,
  "aux_loss_alpha": 0.0
}