{
  "experiment": "Exp-1",
  "epoch": 0,
  "step": 22200,
  "expert_load": [
    313807.0,
    1572459.0,
    210870.0,
    1173264.0
  ],
  "cv": 0.7021436215753338,
  "max_mean_ratio": 1.9232619863013463,
  "aux_loss": 0.0,
  "aux_loss_alpha": 0.0
}