{
  "experiment": "Exp-1",
  "epoch": 1,
  "step": 31500,
  "expert_load": [
    334417.0,
    1564267.0,
    196491.0,
    1175225.0
  ],
  "cv": 0.6985154721134944,
  "max_mean_ratio": 1.9132424168297222,
  "aux_loss": 0.0,
  "aux_loss_alpha": 0.0
}