{
  "experiment": "Exp-1",
  "epoch": 0,
  "step": 11900,
  "expert_load": [
    306456.0,
    1569784.0,
    226371.0,
    1167789.0
  ],
  "cv": 0.6970639677103633,
  "max_mean_ratio": 1.9199902152641644,
  "aux_loss": 0.0,
  "aux_loss_alpha": 0.0
}