{
  "experiment": "Exp-1",
  "epoch": 1,
  "step": 41800,
  "expert_load": [
    344521.0,
    1566399.0,
    191265.0,
    1168215.0
  ],
  "cv": 0.6971973611790522,
  "max_mean_ratio": 1.9158500489236556,
  "aux_loss": 0.0,
  "aux_loss_alpha": 0.0
}