{
  "experiment": "Exp-1",
  "epoch": 0,
  "step": 6100,
  "expert_load": [
    300602.0,
    1569166.0,
    236282.0,
    1164350.0
  ],
  "cv": 0.6946647199119289,
  "max_mean_ratio": 1.9192343444226772,
  "aux_loss": 0.0,
  "aux_loss_alpha": 0.0
}