{
  "experiment": "Exp-1",
  "epoch": 0,
  "step": 5200,
  "expert_load": [
    298268.0,
    1566560.0,
    242329.0,
    1163243.0
  ],
  "cv": 0.692169765166332,
  "max_mean_ratio": 1.9160469667318747,
  "aux_loss": 0.0,
  "aux_loss_alpha": 0.0
}