{
  "experiment": "Exp-1",
  "epoch": 0,
  "step": 29500,
  "expert_load": [
    324279.0,
    1563738.0,
    204553.0,
    1177830.0
  ],
  "cv": 0.6987912029109503,
  "max_mean_ratio": 1.9125954011741448,
  "aux_loss": 0.0,
  "aux_loss_alpha": 0.0
}