{
  "experiment": "Exp-1",
  "epoch": 1,
  "step": 8900,
  "expert_load": [
    326392.0,
    1560600.0,
    205014.0,
    1178394.0
  ],
  "cv": 0.6969392887720072,
  "max_mean_ratio": 1.9087573385518357,
  "aux_loss": 0.0,
  "aux_loss_alpha": 0.0
}