{
  "experiment": "Exp-1",
  "epoch": 1,
  "step": 37900,
  "expert_load": [
    339624.0,
    1566845.0,
    192569.0,
    1171362.0
  ],
  "cv": 0.6987807301859015,
  "max_mean_ratio": 1.916395547945182,
  "aux_loss": 0.0,
  "aux_loss_alpha": 0.0
}