{
  "experiment": "Exp-1",
  "epoch": 1,
  "step": 6600,
  "expert_load": [
    340371.0,
    1558776.0,
    200508.0,
    1170745.0
  ],
  "cv": 0.6925885212817919,
  "max_mean_ratio": 1.9065264187866695,
  "aux_loss": 0.0,
  "aux_loss_alpha": 0.0
}