{
  "experiment": "Exp-1",
  "epoch": 0,
  "step": 4300,
  "expert_load": [
    284825.0,
    1567505.0,
    257101.0,
    1160969.0
  ],
  "cv": 0.6914171049412832,
  "max_mean_ratio": 1.917202788649683,
  "aux_loss": 0.0,
  "aux_loss_alpha": 0.0
}