{
  "experiment": "Exp-1",
  "epoch": 0,
  "step": 1300,
  "expert_load": [
    263002.0,
    1545393.0,
    284857.0,
    1177148.0
  ],
  "cv": 0.683825296599796,
  "max_mean_ratio": 1.8901577788649475,
  "aux_loss": 0.0,
  "aux_loss_alpha": 0.0
}