{
  "experiment": "Exp-1",
  "epoch": 1,
  "step": 31900,
  "expert_load": [
    340771.0,
    1563834.0,
    194307.0,
    1171488.0
  ],
  "cv": 0.6967228779354122,
  "max_mean_ratio": 1.9127128180038904,
  "aux_loss": 0.0,
  "aux_loss_alpha": 0.0
}