{
  "experiment": "Exp-1",
  "epoch": 0,
  "step": 31200,
  "expert_load": [
    323089.0,
    1558073.0,
    209543.0,
    1179695.0
  ],
  "cv": 0.6955747767857058,
  "max_mean_ratio": 1.9056665851271781,
  "aux_loss": 0.0,
  "aux_loss_alpha": 0.0
}