{
  "experiment": "Exp-1",
  "epoch": 1,
  "step": 41000,
  "expert_load": [
    342491.0,
    1564973.0,
    196840.0,
    1166096.0
  ],
  "cv": 0.6948754739481324,
  "max_mean_ratio": 1.9141059197651429,
  "aux_loss": 0.0,
  "aux_loss_alpha": 0.0
}