{
  "experiment": "Exp-1",
  "epoch": 1,
  "step": 28500,
  "expert_load": [
    338006.0,
    1563298.0,
    198995.0,
    1170101.0
  ],
  "cv": 0.6953912365459798,
  "max_mean_ratio": 1.9120572407044776,
  "aux_loss": 0.0,
  "aux_loss_alpha": 0.0
}