{
  "experiment": "Exp-1",
  "epoch": 0,
  "step": 40800,
  "expert_load": [
    446363.0,
    1450234.0,
    205173.0,
    1168630.0
  ],
  "cv": 0.6225561093444151,
  "max_mean_ratio": 1.7737695694716025,
  "aux_loss": 0.0,
  "aux_loss_alpha": 0.0
}