{
  "experiment": "Exp-1",
  "epoch": 1,
  "step": 37500,
  "expert_load": [
    337942.0,
    1565004.0,
    193881.0,
    1173573.0
  ],
  "cv": 0.6984558463796392,
  "max_mean_ratio": 1.9141438356164149,
  "aux_loss": 0.0,
  "aux_loss_alpha": 0.0
}