{
  "experiment": "Exp-1",
  "epoch": 1,
  "step": 14900,
  "expert_load": [
    333556.0,
    1564213.0,
    198605.0,
    1174026.0
  ],
  "cv": 0.697785439090011,
  "max_mean_ratio": 1.9131763698629902,
  "aux_loss": 0.0,
  "aux_loss_alpha": 0.0
}