{
  "experiment": "Exp-1",
  "epoch": 1,
  "step": 3900,
  "expert_load": [
    349109.0,
    1550726.0,
    199615.0,
    1170950.0
  ],
  "cv": 0.6874711044520464,
  "max_mean_ratio": 1.8966805283757107,
  "aux_loss": 0.0,
  "aux_loss_alpha": 0.0
}