{
  "experiment": "Exp-1",
  "epoch": 1,
  "step": 17300,
  "expert_load": [
    333394.0,
    1563336.0,
    198529.0,
    1175141.0
  ],
  "cv": 0.697715340631107,
  "max_mean_ratio": 1.9121037181995852,
  "aux_loss": 0.0,
  "aux_loss_alpha": 0.0
}