{
  "experiment": "Exp-1",
  "epoch": 1,
  "step": 2400,
  "expert_load": [
    328855.0,
    1563466.0,
    199698.0,
    1178381.0
  ],
  "cv": 0.69918549718688,
  "max_mean_ratio": 1.9122627201565323,
  "aux_loss": 0.0,
  "aux_loss_alpha": 0.0
}