{
  "experiment": "Exp-1",
  "epoch": 1,
  "step": 26600,
  "expert_load": [
    334158.0,
    1566071.0,
    195600.0,
    1174571.0
  ],
  "cv": 0.6994752935420658,
  "max_mean_ratio": 1.9154488747553582,
  "aux_loss": 0.0,
  "aux_loss_alpha": 0.0
}