{
  "experiment": "Exp-1",
  "epoch": 1,
  "step": 3100,
  "expert_load": [
    329512.0,
    1563260.0,
    199539.0,
    1178089.0
  ],
  "cv": 0.6989278834393261,
  "max_mean_ratio": 1.91201076320937,
  "aux_loss": 0.0,
  "aux_loss_alpha": 0.0
}