{
  "experiment": "Exp-1",
  "epoch": 1,
  "step": 39100,
  "expert_load": [
    342650.0,
    1567025.0,
    196486.0,
    1164239.0
  ],
  "cv": 0.6954319807974475,
  "max_mean_ratio": 1.916615704500955,
  "aux_loss": 0.0,
  "aux_loss_alpha": 0.0
}