{
  "experiment": "Exp-1",
  "epoch": 1,
  "step": 36900,
  "expert_load": [
    341556.0,
    1564314.0,
    194581.0,
    1169949.0
  ],
  "cv": 0.6963310298434356,
  "max_mean_ratio": 1.9132999021526185,
  "aux_loss": 0.0,
  "aux_loss_alpha": 0.0
}