{
  "experiment": "Exp-1",
  "epoch": 1,
  "step": 20700,
  "expert_load": [
    343701.0,
    1560040.0,
    196097.0,
    1170562.0
  ],
  "cv": 0.6936790606653536,
  "max_mean_ratio": 1.9080724070449864,
  "aux_loss": 0.0,
  "aux_loss_alpha": 0.0
}