{
  "experiment": "Exp-1",
  "epoch": 0,
  "step": 1200,
  "expert_load": [
    256263.0,
    1544727.0,
    295689.0,
    1173721.0
  ],
  "cv": 0.6818192728718117,
  "max_mean_ratio": 1.8893431996085874,
  "aux_loss": 0.0,
  "aux_loss_alpha": 0.0
}