{
  "experiment": "Exp-1",
  "epoch": 1,
  "step": 6500,
  "expert_load": [
    335208.0,
    1562532.0,
    201091.0,
    1171569.0
  ],
  "cv": 0.6953907778864885,
  "max_mean_ratio": 1.9111203522504658,
  "aux_loss": 0.0,
  "aux_loss_alpha": 0.0
}