{
  "experiment": "Exp-1",
  "epoch": 1,
  "step": 43600,
  "expert_load": [
    338875.0,
    1567061.0,
    193031.0,
    1171433.0
  ],
  "cv": 0.6989180222602654,
  "max_mean_ratio": 1.9166597358121096,
  "aux_loss": 0.0,
  "aux_loss_alpha": 0.0
}