{
  "experiment": "Exp-1",
  "epoch": 1,
  "step": 43500,
  "expert_load": [
    342916.0,
    1566635.0,
    196131.0,
    1164718.0
  ],
  "cv": 0.6954149339530248,
  "max_mean_ratio": 1.9161386986301134,
  "aux_loss": 0.0,
  "aux_loss_alpha": 0.0
}