{
  "experiment": "Exp-1",
  "epoch": 0,
  "step": 15600,
  "expert_load": [
    307899.0,
    1569345.0,
    220905.0,
    1172251.0
  ],
  "cv": 0.6990743487035139,
  "max_mean_ratio": 1.9194532778864735,
  "aux_loss": 0.0,
  "aux_loss_alpha": 0.0
}