{
  "experiment": "Exp-1",
  "epoch": 0,
  "step": 40000,
  "expert_load": [
    334566.0,
    1562638.0,
    204398.0,
    1168798.0
  ],
  "cv": 0.6939794826320854,
  "max_mean_ratio": 1.9112499999999766,
  "aux_loss": 0.0,
  "aux_loss_alpha": 0.0
}