{
  "experiment": "Exp-1",
  "epoch": 0,
  "step": 25800,
  "expert_load": [
    384273.0,
    1565236.0,
    214084.0,
    1106807.0
  ],
  "cv": 0.668407228473573,
  "max_mean_ratio": 1.9144275929549668,
  "aux_loss": 0.0,
  "aux_loss_alpha": 0.0
}