{
  "experiment": "Exp-1",
  "epoch": 1,
  "step": 24500,
  "expert_load": [
    344542.0,
    1565084.0,
    197272.0,
    1163502.0
  ],
  "cv": 0.6937668175146686,
  "max_mean_ratio": 1.9142416829745363,
  "aux_loss": 0.0,
  "aux_loss_alpha": 0.0
}