{
  "experiment": "Exp-1",
  "epoch": 1,
  "step": 38400,
  "expert_load": [
    340306.0,
    1563495.0,
    199211.0,
    1167388.0
  ],
  "cv": 0.694293358610559,
  "max_mean_ratio": 1.9122981898238514,
  "aux_loss": 0.0,
  "aux_loss_alpha": 0.0
}