{
  "experiment": "Exp-1",
  "epoch": 0,
  "step": 1500,
  "expert_load": [
    264925.0,
    1550548.0,
    301305.0,
    1153622.0
  ],
  "cv": 0.6760650073385436,
  "max_mean_ratio": 1.8964628180038907,
  "aux_loss": 0.0,
  "aux_loss_alpha": 0.0
}