{
  "experiment": "Exp-1",
  "epoch": 1,
  "step": 11000,
  "expert_load": [
    340044.0,
    1561568.0,
    193776.0,
    1175012.0
  ],
  "cv": 0.6968532901174083,
  "max_mean_ratio": 1.9099412915851037,
  "aux_loss": 0.0,
  "aux_loss_alpha": 0.0
}