{
  "experiment": "Exp-1",
  "epoch": 1,
  "step": 7800,
  "expert_load": [
    338718.0,
    1553009.0,
    206785.0,
    1171888.0
  ],
  "cv": 0.6888433372064495,
  "max_mean_ratio": 1.8994728473580982,
  "aux_loss": 0.0,
  "aux_loss_alpha": 0.0
}