{
  "experiment": "Exp-1",
  "epoch": 1,
  "step": 6700,
  "expert_load": [
    343110.0,
    1562534.0,
    204142.0,
    1160614.0
  ],
  "cv": 0.6902771832191696,
  "max_mean_ratio": 1.9111227984344188,
  "aux_loss": 0.0,
  "aux_loss_alpha": 0.0
}