{
  "experiment": "Exp-1",
  "epoch": 1,
  "step": 5900,
  "expert_load": [
    339012.0,
    1555210.0,
    197649.0,
    1178529.0
  ],
  "cv": 0.6939696978962733,
  "max_mean_ratio": 1.902164872798411,
  "aux_loss": 0.0,
  "aux_loss_alpha": 0.0
}