{
  "experiment": "Exp-1",
  "epoch": 1,
  "step": 17800,
  "expert_load": [
    334923.0,
    1566068.0,
    192833.0,
    1176576.0
  ],
  "cv": 0.7005815802348251,
  "max_mean_ratio": 1.9154452054794286,
  "aux_loss": 0.0,
  "aux_loss_alpha": 0.0
}