{
  "experiment": "Exp-1",
  "epoch": 1,
  "step": 39400,
  "expert_load": [
    344574.0,
    1566575.0,
    190533.0,
    1168718.0
  ],
  "cv": 0.6975951718444141,
  "max_mean_ratio": 1.9160653131115226,
  "aux_loss": 0.0,
  "aux_loss_alpha": 0.0
}