{
  "experiment": "Exp-1",
  "epoch": 1,
  "step": 26900,
  "expert_load": [
    336157.0,
    1564855.0,
    196605.0,
    1172783.0
  ],
  "cv": 0.6977970584637879,
  "max_mean_ratio": 1.913961594911914,
  "aux_loss": 0.0,
  "aux_loss_alpha": 0.0
}