{
  "experiment": "Exp-1",
  "epoch": 1,
  "step": 33100,
  "expert_load": [
    336900.0,
    1563288.0,
    196793.0,
    1173419.0
  ],
  "cv": 0.6970368303571344,
  "max_mean_ratio": 1.9120450097847124,
  "aux_loss": 0.0,
  "aux_loss_alpha": 0.0
}