{
  "experiment": "Exp-1",
  "epoch": 0,
  "step": 6400,
  "expert_load": [
    300463.0,
    1568144.0,
    241183.0,
    1160610.0
  ],
  "cv": 0.6920635090508721,
  "max_mean_ratio": 1.9179843444226772,
  "aux_loss": 0.0,
  "aux_loss_alpha": 0.0
}