{
  "experiment": "Exp-1",
  "epoch": 1,
  "step": 5300,
  "expert_load": [
    354266.0,
    1543781.0,
    200061.0,
    1172292.0
  ],
  "cv": 0.6835043878424574,
  "max_mean_ratio": 1.8881861545988028,
  "aux_loss": 0.0,
  "aux_loss_alpha": 0.0
}