{
  "experiment": "Exp-1",
  "epoch": 1,
  "step": 40300,
  "expert_load": [
    340631.0,
    1569250.0,
    187352.0,
    1173167.0
  ],
  "cv": 0.7015787824119288,
  "max_mean_ratio": 1.9193370841487045,
  "aux_loss": 0.0,
  "aux_loss_alpha": 0.0
}