{
  "experiment": "Exp-1",
  "epoch": 0,
  "step": 36900,
  "expert_load": [
    338833.0,
    1557885.0,
    206037.0,
    1167645.0
  ],
  "cv": 0.6902023452788565,
  "max_mean_ratio": 1.9054366438355932,
  "aux_loss": 0.0,
  "aux_loss_alpha": 0.0
}