{
  "experiment": "Exp-1",
  "epoch": 0,
  "step": 15100,
  "expert_load": [
    307979.0,
    1572045.0,
    218620.0,
    1171756.0
  ],
  "cv": 0.7007752109833574,
  "max_mean_ratio": 1.9227556262230685,
  "aux_loss": 0.0,
  "aux_loss_alpha": 0.0
}