{
  "experiment": "Exp-1",
  "epoch": 0,
  "step": 28700,
  "expert_load": [
    326544.0,
    1561797.0,
    204552.0,
    1177507.0
  ],
  "cv": 0.6973571275684846,
  "max_mean_ratio": 1.910221379647726,
  "aux_loss": 0.0,
  "aux_loss_alpha": 0.0
}