{
  "experiment": "Exp-1",
  "epoch": 0,
  "step": 33700,
  "expert_load": [
    332353.0,
    1559728.0,
    212332.0,
    1165987.0
  ],
  "cv": 0.6902459179305199,
  "max_mean_ratio": 1.9076908023483132,
  "aux_loss": 0.0,
  "aux_loss_alpha": 0.0
}