{
  "experiment": "Exp-1",
  "epoch": 0,
  "step": 11100,
  "expert_load": [
    308168.0,
    1571105.0,
    231479.0,
    1159648.0
  ],
  "cv": 0.6939970645792478,
  "max_mean_ratio": 1.9216059197651427,
  "aux_loss": 0.0,
  "aux_loss_alpha": 0.0
}