{
  "experiment": "Exp-1",
  "epoch": 0,
  "step": 24900,
  "expert_load": [
    327832.0,
    1562193.0,
    209385.0,
    1170990.0
  ],
  "cv": 0.6943407534246491,
  "max_mean_ratio": 1.9107057240704266,
  "aux_loss": 0.0,
  "aux_loss_alpha": 0.0
}