{
  "experiment": "Exp-1",
  "epoch": 0,
  "step": 5900,
  "expert_load": [
    292806.0,
    1568649.0,
    250619.0,
    1158326.0
  ],
  "cv": 0.6910861821183868,
  "max_mean_ratio": 1.918602005870818,
  "aux_loss": 0.0,
  "aux_loss_alpha": 0.0
}