{
  "experiment": "Exp-1",
  "epoch": 0,
  "step": 42100,
  "expert_load": [
    332283.0,
    1560614.0,
    199210.0,
    1178293.0
  ],
  "cv": 0.6972986484833574,
  "max_mean_ratio": 1.908774461839507,
  "aux_loss": 0.0,
  "aux_loss_alpha": 0.0
}