{
  "experiment": "Exp-1",
  "epoch": 0,
  "step": 6500,
  "expert_load": [
    295423.0,
    1568588.0,
    235345.0,
    1171044.0
  ],
  "cv": 0.6974292899950991,
  "max_mean_ratio": 1.9185273972602506,
  "aux_loss": 0.0,
  "aux_loss_alpha": 0.0
}