{
  "experiment": "Exp-1",
  "epoch": 0,
  "step": 12800,
  "expert_load": [
    307498.0,
    1568916.0,
    219895.0,
    1174091.0
  ],
  "cv": 0.6996836778375648,
  "max_mean_ratio": 1.918928571428548,
  "aux_loss": 0.0,
  "aux_loss_alpha": 0.0
}