{
  "experiment": "Exp-1",
  "epoch": 1,
  "step": 41200,
  "expert_load": [
    340786.0,
    1567406.0,
    190094.0,
    1172114.0
  ],
  "cv": 0.6996803907778779,
  "max_mean_ratio": 1.917081702544008,
  "aux_loss": 0.0,
  "aux_loss_alpha": 0.0
}