{
  "experiment": "Exp-1",
  "epoch": 0,
  "step": 29100,
  "expert_load": [
    328830.0,
    1560590.0,
    207684.0,
    1173296.0
  ],
  "cv": 0.6944339377446099,
  "max_mean_ratio": 1.9087451076320705,
  "aux_loss": 0.0,
  "aux_loss_alpha": 0.0
}