{
  "experiment": "Exp-1",
  "epoch": 1,
  "step": 22500,
  "expert_load": [
    340769.0,
    1564945.0,
    194872.0,
    1169814.0
  ],
  "cv": 0.6966625642123202,
  "max_mean_ratio": 1.9140716731898004,
  "aux_loss": 0.0,
  "aux_loss_alpha": 0.0
}