{
  "experiment": "Exp-1",
  "epoch": 0,
  "step": 700,
  "expert_load": [
    246874.0,
    1539210.0,
    296319.0,
    1187997.0
  ],
  "cv": 0.6851982173434359,
  "max_mean_ratio": 1.8825954011741453,
  "aux_loss": 0.0,
  "aux_loss_alpha": 0.0
}