{
  "experiment": "Exp-1",
  "epoch": 1,
  "step": 31200,
  "expert_load": [
    336547.0,
    1567363.0,
    198232.0,
    1168258.0
  ],
  "cv": 0.6973056812622224,
  "max_mean_ratio": 1.9170291095890175,
  "aux_loss": 0.0,
  "aux_loss_alpha": 0.0
}