{
  "experiment": "Exp-1",
  "epoch": 1,
  "step": 42800,
  "expert_load": [
    337994.0,
    1566009.0,
    194807.0,
    1171590.0
  ],
  "cv": 0.6981589408023398,
  "max_mean_ratio": 1.9153730430528142,
  "aux_loss": 0.0,
  "aux_loss_alpha": 0.0
}