{
  "experiment": "Exp-1",
  "epoch": 1,
  "step": 33500,
  "expert_load": [
    340161.0,
    1566501.0,
    193285.0,
    1170453.0
  ],
  "cv": 0.6980939640410874,
  "max_mean_ratio": 1.9159748043052602,
  "aux_loss": 0.0,
  "aux_loss_alpha": 0.0
}