{
  "experiment": "Exp-1",
  "epoch": 0,
  "step": 42000,
  "expert_load": [
    347689.0,
    1543522.0,
    204531.0,
    1174658.0
  ],
  "cv": 0.6840363564089936,
  "max_mean_ratio": 1.8878693737768848,
  "aux_loss": 0.0,
  "aux_loss_alpha": 0.0
}