{
  "experiment": "Exp-1",
  "epoch": 1,
  "step": 21200,
  "expert_load": [
    340756.0,
    1563122.0,
    195944.0,
    1170578.0
  ],
  "cv": 0.6957213949363907,
  "max_mean_ratio": 1.9118419765166106,
  "aux_loss": 0.0,
  "aux_loss_alpha": 0.0
}