{
  "experiment": "Exp-1",
  "epoch": 0,
  "step": 5300,
  "expert_load": [
    295244.0,
    1564518.0,
    247110.0,
    1163528.0
  ],
  "cv": 0.6907674137720072,
  "max_mean_ratio": 1.913549412915828,
  "aux_loss": 0.0,
  "aux_loss_alpha": 0.0
}