{
  "experiment": "Exp-1",
  "epoch": 0,
  "step": 36500,
  "expert_load": [
    387641.0,
    1510202.0,
    206476.0,
    1166081.0
  ],
  "cv": 0.6585058402641798,
  "max_mean_ratio": 1.8471159491193512,
  "aux_loss": 0.0,
  "aux_loss_alpha": 0.0
}