{
  "experiment": "Exp-1",
  "epoch": 0,
  "step": 16500,
  "expert_load": [
    307816.0,
    1570941.0,
    221548.0,
    1170095.0
  ],
  "cv": 0.6991265594422615,
  "max_mean_ratio": 1.9214053326809941,
  "aux_loss": 0.0,
  "aux_loss_alpha": 0.0
}