{
  "experiment": "Exp-1",
  "epoch": 0,
  "step": 17100,
  "expert_load": [
    300692.0,
    1573587.0,
    221603.0,
    1174518.0
  ],
  "cv": 0.7029622523238661,
  "max_mean_ratio": 1.924641634050857,
  "aux_loss": 0.0,
  "aux_loss_alpha": 0.0
}