{
  "experiment": "Exp-1",
  "epoch": 1,
  "step": 4400,
  "expert_load": [
    334022.0,
    1560563.0,
    200650.0,
    1175165.0
  ],
  "cv": 0.6957452452299328,
  "max_mean_ratio": 1.9087120841487046,
  "aux_loss": 0.0,
  "aux_loss_alpha": 0.0
}