{
  "experiment": "Exp-1",
  "epoch": 0,
  "step": 41900,
  "expert_load": [
    340649.0,
    1557471.0,
    200330.0,
    1171950.0
  ],
  "cv": 0.692284506482379,
  "max_mean_ratio": 1.9049302837573152,
  "aux_loss": 0.0,
  "aux_loss_alpha": 0.0
}