{
  "experiment": "Exp-1",
  "epoch": 0,
  "step": 2200,
  "expert_load": [
    261983.0,
    1556354.0,
    289637.0,
    1162426.0
  ],
  "cv": 0.6843081121575258,
  "max_mean_ratio": 1.903564090019546,
  "aux_loss": 0.0,
  "aux_loss_alpha": 0.0
}