{
  "experiment": "Exp-1",
  "epoch": 0,
  "step": 5800,
  "expert_load": [
    292618.0,
    1567381.0,
    248799.0,
    1161602.0
  ],
  "cv": 0.6917906066536119,
  "max_mean_ratio": 1.917051125244595,
  "aux_loss": 0.0,
  "aux_loss_alpha": 0.0
}