{
  "experiment": "Exp-1",
  "epoch": 0,
  "step": 4000,
  "expert_load": [
    297059.0,
    1564837.0,
    259409.0,
    1149095.0
  ],
  "cv": 0.6839458476027314,
  "max_mean_ratio": 1.9139395792563367,
  "aux_loss": 0.0,
  "aux_loss_alpha": 0.0
}