{
  "experiment": "Exp-1",
  "epoch": 1,
  "step": 4300,
  "expert_load": [
    334030.0,
    1559949.0,
    203161.0,
    1173260.0
  ],
  "cv": 0.694300391389424,
  "max_mean_ratio": 1.9079611056751233,
  "aux_loss": 0.0,
  "aux_loss_alpha": 0.0
}