{
  "experiment": "Exp-1",
  "epoch": 0,
  "step": 18000,
  "expert_load": [
    311517.0,
    1571667.0,
    217961.0,
    1169255.0
  ],
  "cv": 0.6994025195694631,
  "max_mean_ratio": 1.9222932974559452,
  "aux_loss": 0.0,
  "aux_loss_alpha": 0.0
}