{
  "experiment": "Exp-1",
  "epoch": 1,
  "step": 43300,
  "expert_load": [
    342206.0,
    1566742.0,
    190736.0,
    1170716.0
  ],
  "cv": 0.6985724987768994,
  "max_mean_ratio": 1.9162695694716008,
  "aux_loss": 0.0,
  "aux_loss_alpha": 0.0
}