{
  "experiment": "Exp-1",
  "epoch": 0,
  "step": 5000,
  "expert_load": [
    293774.0,
    1567131.0,
    245636.0,
    1163859.0
  ],
  "cv": 0.6927573079745512,
  "max_mean_ratio": 1.9167453522504658,
  "aux_loss": 0.0,
  "aux_loss_alpha": 0.0
}