{
  "experiment": "Exp-1",
  "epoch": 1,
  "step": 33800,
  "expert_load": [
    342025.0,
    1563840.0,
    196995.0,
    1167540.0
  ],
  "cv": 0.6947588215508721,
  "max_mean_ratio": 1.9127201565557497,
  "aux_loss": 0.0,
  "aux_loss_alpha": 0.0
}