{
  "experiment": "Exp-1",
  "epoch": 0,
  "step": 31300,
  "expert_load": [
    328314.0,
    1556690.0,
    203506.0,
    1181890.0
  ],
  "cv": 0.6960546874999914,
  "max_mean_ratio": 1.9039750489236558,
  "aux_loss": 0.0,
  "aux_loss_alpha": 0.0
}