{
  "experiment": "Exp-1",
  "epoch": 0,
  "step": 2700,
  "expert_load": [
    268911.0,
    1560436.0,
    271702.0,
    1169351.0
  ],
  "cv": 0.6904238778131031,
  "max_mean_ratio": 1.908556751467687,
  "aux_loss": 0.0,
  "aux_loss_alpha": 0.0
}