{
  "experiment": "Exp-1",
  "epoch": 0,
  "step": 39900,
  "expert_load": [
    334767.0,
    1557059.0,
    202811.0,
    1175763.0
  ],
  "cv": 0.6935517826565473,
  "max_mean_ratio": 1.9044263698629904,
  "aux_loss": 0.0,
  "aux_loss_alpha": 0.0
}