{
  "experiment": "Exp-1",
  "epoch": 0,
  "step": 29200,
  "expert_load": [
    326243.0,
    1553852.0,
    209531.0,
    1180774.0
  ],
  "cv": 0.6932736821183868,
  "max_mean_ratio": 1.9005039138943016,
  "aux_loss": 0.0,
  "aux_loss_alpha": 0.0
}