{
  "experiment": "Exp-1",
  "epoch": 0,
  "step": 39200,
  "expert_load": [
    328986.0,
    1564934.0,
    200910.0,
    1175570.0
  ],
  "cv": 0.6987968597113418,
  "max_mean_ratio": 1.9140582191780589,
  "aux_loss": 0.0,
  "aux_loss_alpha": 0.0
}