{
  "experiment": "Exp-1",
  "epoch": 0,
  "step": 3600,
  "expert_load": [
    281510.0,
    1565479.0,
    264433.0,
    1158978.0
  ],
  "cv": 0.6889733671722029,
  "max_mean_ratio": 1.9147248043052603,
  "aux_loss": 0.0,
  "aux_loss_alpha": 0.0
}