{
  "experiment": "Exp-1",
  "epoch": 0,
  "step": 23900,
  "expert_load": [
    311833.0,
    1574373.0,
    215019.0,
    1169175.0
  ],
  "cv": 0.7013380626223006,
  "max_mean_ratio": 1.9256029843443991,
  "aux_loss": 0.0,
  "aux_loss_alpha": 0.0
}