{
  "experiment": "Exp-1",
  "epoch": 1,
  "step": 14300,
  "expert_load": [
    331131.0,
    1564393.0,
    199385.0,
    1175491.0
  ],
  "cv": 0.6985095859833574,
  "max_mean_ratio": 1.9133965264187633,
  "aux_loss": 0.0,
  "aux_loss_alpha": 0.0
}