{
  "experiment": "Exp-1",
  "epoch": 0,
  "step": 35400,
  "expert_load": [
    350804.0,
    1534144.0,
    206927.0,
    1178525.0
  ],
  "cv": 0.6794829378669193,
  "max_mean_ratio": 1.8763992172211121,
  "aux_loss": 0.0,
  "aux_loss_alpha": 0.0
}