{
  "experiment": "Exp-1",
  "epoch": 1,
  "step": 36200,
  "expert_load": [
    334864.0,
    1566011.0,
    196978.0,
    1172547.0
  ],
  "cv": 0.6984251161937293,
  "max_mean_ratio": 1.9153754892367671,
  "aux_loss": 0.0,
  "aux_loss_alpha": 0.0
}