{
  "experiment": "Exp-1",
  "epoch": 0,
  "step": 38200,
  "expert_load": [
    326043.0,
    1565796.0,
    205785.0,
    1172776.0
  ],
  "cv": 0.6977771832191695,
  "max_mean_ratio": 1.9151125244618161,
  "aux_loss": 0.0,
  "aux_loss_alpha": 0.0
}