{
  "experiment": "Exp-1",
  "epoch": 0,
  "step": 17300,
  "expert_load": [
    313189.0,
    1571452.0,
    222097.0,
    1163662.0
  ],
  "cv": 0.6964931659735727,
  "max_mean_ratio": 1.922030332680994,
  "aux_loss": 0.0,
  "aux_loss_alpha": 0.0
}