{
  "experiment": "Exp-1",
  "epoch": 1,
  "step": 14000,
  "expert_load": [
    337095.0,
    1561435.0,
    200104.0,
    1171766.0
  ],
  "cv": 0.6948277733610483,
  "max_mean_ratio": 1.9097786203522271,
  "aux_loss": 0.0,
  "aux_loss_alpha": 0.0
}