{
  "experiment": "Exp-1",
  "epoch": 1,
  "step": 6400,
  "expert_load": [
    336641.0,
    1561875.0,
    198274.0,
    1173610.0
  ],
  "cv": 0.696081901296469,
  "max_mean_ratio": 1.9103167808218944,
  "aux_loss": 0.0,
  "aux_loss_alpha": 0.0
}