{
  "experiment": "Exp-1",
  "epoch": 0,
  "step": 39700,
  "expert_load": [
    338715.0,
    1558173.0,
    201137.0,
    1172375.0
  ],
  "cv": 0.6928767887720072,
  "max_mean_ratio": 1.9057888943248298,
  "aux_loss": 0.0,
  "aux_loss_alpha": 0.0
}