{
  "experiment": "Exp-1",
  "epoch": 1,
  "step": 26700,
  "expert_load": [
    333677.0,
    1566942.0,
    195665.0,
    1174116.0
  ],
  "cv": 0.6998399278375648,
  "max_mean_ratio": 1.916514187866904,
  "aux_loss": 0.0,
  "aux_loss_alpha": 0.0
}