{
  "experiment": "Exp-1",
  "epoch": 1,
  "step": 8800,
  "expert_load": [
    331300.0,
    1563782.0,
    200430.0,
    1174888.0
  ],
  "cv": 0.6977599834882497,
  "max_mean_ratio": 1.9126492172211116,
  "aux_loss": 0.0,
  "aux_loss_alpha": 0.0
}