{
  "experiment": "Exp-1",
  "epoch": 0,
  "step": 42500,
  "expert_load": [
    335832.0,
    1565045.0,
    204065.0,
    1165458.0
  ],
  "cv": 0.6940992692025355,
  "max_mean_ratio": 1.914193982387452,
  "aux_loss": 0.0,
  "aux_loss_alpha": 0.0
}