{
  "experiment": "Exp-1",
  "epoch": 0,
  "step": 17900,
  "expert_load": [
    318234.0,
    1573833.0,
    216598.0,
    1161735.0
  ],
  "cv": 0.6975075678815962,
  "max_mean_ratio": 1.9249425146770802,
  "aux_loss": 0.0,
  "aux_loss_alpha": 0.0
}