{
  "experiment": "Exp-1",
  "epoch": 0,
  "step": 14400,
  "expert_load": [
    304729.0,
    1572323.0,
    225028.0,
    1168320.0
  ],
  "cv": 0.6990881849314983,
  "max_mean_ratio": 1.92309564579254,
  "aux_loss": 0.0,
  "aux_loss_alpha": 0.0
}