{
  "experiment": "Exp-1",
  "epoch": 0,
  "step": 33500,
  "expert_load": [
    333202.0,
    1558289.0,
    212532.0,
    1166377.0
  ],
  "cv": 0.6894525134540033,
  "max_mean_ratio": 1.9059307729941057,
  "aux_loss": 0.0,
  "aux_loss_alpha": 0.0
}