{
  "experiment": "Exp-1",
  "epoch": 1,
  "step": 14200,
  "expert_load": [
    337335.0,
    1562772.0,
    199366.0,
    1170927.0
  ],
  "cv": 0.695386955724062,
  "max_mean_ratio": 1.9114138943248298,
  "aux_loss": 0.0,
  "aux_loss_alpha": 0.0
}