{
  "experiment": "Exp-1",
  "epoch": 0,
  "step": 36200,
  "expert_load": [
    482912.0,
    1412091.0,
    206863.0,
    1168534.0
  ],
  "cv": 0.5996862386863919,
  "max_mean_ratio": 1.7271171722113292,
  "aux_loss": 0.0,
  "aux_loss_alpha": 0.0
}