{
  "experiment": "Exp-1",
  "epoch": 0,
  "step": 25600,
  "expert_load": [
    320695.0,
    1569067.0,
    216121.0,
    1164517.0
  ],
  "cv": 0.6955903712084064,
  "max_mean_ratio": 1.9191132583170019,
  "aux_loss": 0.0,
  "aux_loss_alpha": 0.0
}