{
  "experiment": "Exp-1",
  "epoch": 0,
  "step": 1900,
  "expert_load": [
    267686.0,
    1561473.0,
    285714.0,
    1155527.0
  ],
  "cv": 0.6845081641389349,
  "max_mean_ratio": 1.9098250978473348,
  "aux_loss": 0.0,
  "aux_loss_alpha": 0.0
}