{
  "experiment": "Exp-1",
  "epoch": 1,
  "step": 30100,
  "expert_load": [
    338822.0,
    1566658.0,
    197527.0,
    1167393.0
  ],
  "cv": 0.6965082252935335,
  "max_mean_ratio": 1.9161668297455734,
  "aux_loss": 0.0,
  "aux_loss_alpha": 0.0
}