{
  "experiment": "Exp-1",
  "epoch": 1,
  "step": 15400,
  "expert_load": [
    334461.0,
    1564782.0,
    199677.0,
    1171480.0
  ],
  "cv": 0.6969382185665277,
  "max_mean_ratio": 1.9138723091976282,
  "aux_loss": 0.0,
  "aux_loss_alpha": 0.0
}