{
  "experiment": "Exp-1",
  "epoch": 0,
  "step": 8600,
  "expert_load": [
    309210.0,
    1569355.0,
    234499.0,
    1157336.0
  ],
  "cv": 0.6916212848581129,
  "max_mean_ratio": 1.9194655088062387,
  "aux_loss": 0.0,
  "aux_loss_alpha": 0.0
}