{
  "experiment": "Exp-1",
  "epoch": 0,
  "step": 36000,
  "expert_load": [
    333562.0,
    1560779.0,
    210305.0,
    1165754.0
  ],
  "cv": 0.690972893224062,
  "max_mean_ratio": 1.9089762720156322,
  "aux_loss": 0.0,
  "aux_loss_alpha": 0.0
}