{
  "experiment": "Exp-1",
  "epoch": 1,
  "step": 19400,
  "expert_load": [
    342453.0,
    1562994.0,
    196047.0,
    1168906.0
  ],
  "cv": 0.6948844942514592,
  "max_mean_ratio": 1.9116854207436165,
  "aux_loss": 0.0,
  "aux_loss_alpha": 0.0
}