{
  "experiment": "Exp-1",
  "epoch": 1,
  "step": 33600,
  "expert_load": [
    340875.0,
    1565310.0,
    194844.0,
    1169371.0
  ],
  "cv": 0.6967075892857058,
  "max_mean_ratio": 1.914518101761229,
  "aux_loss": 0.0,
  "aux_loss_alpha": 0.0
}