{
  "experiment": "Exp-1",
  "epoch": 0,
  "step": 20400,
  "expert_load": [
    314067.0,
    1571799.0,
    217402.0,
    1167132.0
  ],
  "cv": 0.6985482662671147,
  "max_mean_ratio": 1.9224547455968453,
  "aux_loss": 0.0,
  "aux_loss_alpha": 0.0
}