{
  "experiment": "Exp-1",
  "epoch": 0,
  "step": 25000,
  "expert_load": [
    343014.0,
    1543183.0,
    213361.0,
    1170842.0
  ],
  "cv": 0.6814244434931424,
  "max_mean_ratio": 1.8874547455968458,
  "aux_loss": 0.0,
  "aux_loss_alpha": 0.0
}