{
  "experiment": "Exp-1",
  "epoch": 0,
  "step": 14100,
  "expert_load": [
    309120.0,
    1573560.0,
    229663.0,
    1158057.0
  ],
  "cv": 0.6950155944226921,
  "max_mean_ratio": 1.924608610567491,
  "aux_loss": 0.0,
  "aux_loss_alpha": 0.0
}