{
  "experiment": "Exp-1",
  "epoch": 1,
  "step": 10000,
  "expert_load": [
    398969.0,
    1494761.0,
    201190.0,
    1175480.0
  ],
  "cv": 0.6534787029109509,
  "max_mean_ratio": 1.8282301859099581,
  "aux_loss": 0.0,
  "aux_loss_alpha": 0.0
}