{
  "experiment": "Exp-1",
  "epoch": 0,
  "step": 1100,
  "expert_load": [
    254302.0,
    1539808.0,
    300612.0,
    1175678.0
  ],
  "cv": 0.6794453277886414,
  "max_mean_ratio": 1.8833268101761023,
  "aux_loss": 0.0,
  "aux_loss_alpha": 0.0
}