{
  "experiment": "Exp-1",
  "epoch": 0,
  "step": 3000,
  "expert_load": [
    278658.0,
    1565524.0,
    263483.0,
    1162735.0
  ],
  "cv": 0.6908067820450013,
  "max_mean_ratio": 1.9147798434442036,
  "aux_loss": 0.0,
  "aux_loss_alpha": 0.0
}