{
  "experiment": "Exp-1",
  "epoch": 0,
  "step": 43000,
  "expert_load": [
    343017.0,
    1557840.0,
    196310.0,
    1173233.0
  ],
  "cv": 0.6934134203767038,
  "max_mean_ratio": 1.9053816046966499,
  "aux_loss": 0.0,
  "aux_loss_alpha": 0.0
}