{
  "experiment": "Exp-1",
  "epoch": 0,
  "step": 31800,
  "expert_load": [
    325287.0,
    1563311.0,
    205892.0,
    1175910.0
  ],
  "cv": 0.6975457895058623,
  "max_mean_ratio": 1.9120731409001723,
  "aux_loss": 0.0,
  "aux_loss_alpha": 0.0
}