{
  "experiment": "Exp-1",
  "epoch": 1,
  "step": 27400,
  "expert_load": [
    338361.0,
    1564432.0,
    194277.0,
    1173330.0
  ],
  "cv": 0.6979407717710286,
  "max_mean_ratio": 1.9134442270058474,
  "aux_loss": 0.0,
  "aux_loss_alpha": 0.0
}