{
  "experiment": "Exp-1",
  "epoch": 0,
  "step": 7300,
  "expert_load": [
    297019.0,
    1569230.0,
    233096.0,
    1171055.0
  ],
  "cv": 0.6979472694471539,
  "max_mean_ratio": 1.919312622309174,
  "aux_loss": 0.0,
  "aux_loss_alpha": 0.0
}