{
  "experiment": "Exp-1",
  "epoch": 1,
  "step": 26400,
  "expert_load": [
    336410.0,
    1565232.0,
    196744.0,
    1172014.0
  ],
  "cv": 0.6976903436888369,
  "max_mean_ratio": 1.9144227005870607,
  "aux_loss": 0.0,
  "aux_loss_alpha": 0.0
}