{
  "experiment": "Exp-1",
  "epoch": 0,
  "step": 31500,
  "expert_load": [
    316485.0,
    1563355.0,
    212852.0,
    1177708.0
  ],
  "cv": 0.6979839622064494,
  "max_mean_ratio": 1.912126956947139,
  "aux_loss": 0.0,
  "aux_loss_alpha": 0.0
}