{
  "experiment": "Exp-1",
  "epoch": 1,
  "step": 3700,
  "expert_load": [
    338943.0,
    1558468.0,
    199593.0,
    1173396.0
  ],
  "cv": 0.6936455785224964,
  "max_mean_ratio": 1.9061497064579023,
  "aux_loss": 0.0,
  "aux_loss_alpha": 0.0
}