{
  "experiment": "Exp-1",
  "epoch": 0,
  "step": 38000,
  "expert_load": [
    335371.0,
    1560457.0,
    202228.0,
    1172344.0
  ],
  "cv": 0.694288466242653,
  "max_mean_ratio": 1.908582436399194,
  "aux_loss": 0.0,
  "aux_loss_alpha": 0.0
}