{
  "experiment": "Exp-1",
  "epoch": 1,
  "step": 10500,
  "expert_load": [
    337369.0,
    1560400.0,
    197722.0,
    1174909.0
  ],
  "cv": 0.6957372951320854,
  "max_mean_ratio": 1.9085127201565324,
  "aux_loss": 0.0,
  "aux_loss_alpha": 0.0
}