{
  "experiment": "Exp-1",
  "epoch": 1,
  "step": 11600,
  "expert_load": [
    336567.0,
    1562692.0,
    204584.0,
    1166557.0
  ],
  "cv": 0.6929964224559602,
  "max_mean_ratio": 1.9113160469667085,
  "aux_loss": 0.0,
  "aux_loss_alpha": 0.0
}