{
  "experiment": "Exp-1",
  "epoch": 0,
  "step": 43400,
  "expert_load": [
    337258.0,
    1558133.0,
    202114.0,
    1172895.0
  ],
  "cv": 0.6930127813111461,
  "max_mean_ratio": 1.9057399706457692,
  "aux_loss": 0.0,
  "aux_loss_alpha": 0.0
}