{
  "experiment": "Exp-1",
  "epoch": 0,
  "step": 10900,
  "expert_load": [
    303697.0,
    1571522.0,
    227174.0,
    1168007.0
  ],
  "cv": 0.6983101455479367,
  "max_mean_ratio": 1.9221159491193502,
  "aux_loss": 0.0,
  "aux_loss_alpha": 0.0
}