{
  "experiment": "Exp-1",
  "epoch": 0,
  "step": 33100,
  "expert_load": [
    320671.0,
    1563931.0,
    207427.0,
    1178371.0
  ],
  "cv": 0.698988044275921,
  "max_mean_ratio": 1.9128314579256125,
  "aux_loss": 0.0,
  "aux_loss_alpha": 0.0
}