{
  "experiment": "Exp-1",
  "epoch": 0,
  "step": 7500,
  "expert_load": [
    304265.0,
    1569000.0,
    233581.0,
    1163554.0
  ],
  "cv": 0.6942803632583086,
  "max_mean_ratio": 1.9190313111545754,
  "aux_loss": 0.0,
  "aux_loss_alpha": 0.0
}