{
  "experiment": "Exp-1",
  "epoch": 0,
  "step": 39300,
  "expert_load": [
    328873.0,
    1561644.0,
    209350.0,
    1170533.0
  ],
  "cv": 0.6937706396770952,
  "max_mean_ratio": 1.910034246575319,
  "aux_loss": 0.0,
  "aux_loss_alpha": 0.0
}