{
  "experiment": "Exp-1",
  "epoch": 0,
  "step": 22700,
  "expert_load": [
    321689.0,
    1565862.0,
    205637.0,
    1177212.0
  ],
  "cv": 0.6998510885518505,
  "max_mean_ratio": 1.9151932485322662,
  "aux_loss": 0.0,
  "aux_loss_alpha": 0.0
}