{
  "experiment": "Exp-1",
  "epoch": 1,
  "step": 23100,
  "expert_load": [
    332666.0,
    1564808.0,
    195530.0,
    1177396.0
  ],
  "cv": 0.699920957681009,
  "max_mean_ratio": 1.9139041095890177,
  "aux_loss": 0.0,
  "aux_loss_alpha": 0.0
}