{
  "experiment": "Exp-1",
  "epoch": 1,
  "step": 35100,
  "expert_load": [
    345728.0,
    1568000.0,
    197158.0,
    1159514.0
  ],
  "cv": 0.6939408787915766,
  "max_mean_ratio": 1.9178082191780588,
  "aux_loss": 0.0,
  "aux_loss_alpha": 0.0
}