{
  "experiment": "Exp-1",
  "epoch": 1,
  "step": 25700,
  "expert_load": [
    336275.0,
    1565842.0,
    196193.0,
    1172090.0
  ],
  "cv": 0.6981674260029269,
  "max_mean_ratio": 1.9151687866927358,
  "aux_loss": 0.0,
  "aux_loss_alpha": 0.0
}