{
  "experiment": "Exp-1",
  "epoch": 0,
  "step": 5700,
  "expert_load": [
    293998.0,
    1568620.0,
    236752.0,
    1171030.0
  ],
  "cv": 0.6974003944471538,
  "max_mean_ratio": 1.918566536203499,
  "aux_loss": 0.0,
  "aux_loss_alpha": 0.0
}