{
  "experiment": "Exp-1",
  "epoch": 1,
  "step": 5700,
  "expert_load": [
    338308.0,
    1555507.0,
    199610.0,
    1176975.0
  ],
  "cv": 0.6933134326076236,
  "max_mean_ratio": 1.9025281311154365,
  "aux_loss": 0.0,
  "aux_loss_alpha": 0.0
}