{
  "experiment": "Exp-1",
  "epoch": 0,
  "step": 38400,
  "expert_load": [
    330076.0,
    1561783.0,
    206361.0,
    1172180.0
  ],
  "cv": 0.6948056048189739,
  "max_mean_ratio": 1.910204256360055,
  "aux_loss": 0.0,
  "aux_loss_alpha": 0.0
}