{
  "experiment": "Exp-1",
  "epoch": 0,
  "step": 39100,
  "expert_load": [
    331795.0,
    1564160.0,
    207109.0,
    1167336.0
  ],
  "cv": 0.6941445236056667,
  "max_mean_ratio": 1.9131115459882349,
  "aux_loss": 0.0,
  "aux_loss_alpha": 0.0
}