{
  "experiment": "Exp-1",
  "epoch": 1,
  "step": 10300,
  "expert_load": [
    346027.0,
    1555332.0,
    198273.0,
    1170768.0
  ],
  "cv": 0.6905117875489152,
  "max_mean_ratio": 1.902314090019546,
  "aux_loss": 0.0,
  "aux_loss_alpha": 0.0
}