{
  "experiment": "Exp-1",
  "epoch": 1,
  "step": 1600,
  "expert_load": [
    330648.0,
    1561020.0,
    202309.0,
    1176423.0
  ],
  "cv": 0.6965002751956861,
  "max_mean_ratio": 1.9092710371819728,
  "aux_loss": 0.0,
  "aux_loss_alpha": 0.0
}