{
  "experiment": "Exp-1",
  "epoch": 1,
  "step": 400,
  "expert_load": [
    339990.0,
    1555484.0,
    200792.0,
    1174134.0
  ],
  "cv": 0.6919265991927508,
  "max_mean_ratio": 1.9024999999999768,
  "aux_loss": 0.0,
  "aux_loss_alpha": 0.0
}