{
  "experiment": "Exp-1",
  "epoch": 1,
  "step": 19600,
  "expert_load": [
    342864.0,
    1563318.0,
    193859.0,
    1170359.0
  ],
  "cv": 0.6959171660958818,
  "max_mean_ratio": 1.912081702544008,
  "aux_loss": 0.0,
  "aux_loss_alpha": 0.0
}