{
  "experiment": "Exp-1",
  "epoch": 1,
  "step": 44100,
  "expert_load": [
    342051.0,
    1565376.0,
    198468.0,
    1164505.0
  ],
  "cv": 0.6943089530332596,
  "max_mean_ratio": 1.914598825831679,
  "aux_loss": 0.0,
  "aux_loss_alpha": 0.0
}