{
  "experiment": "Exp-1",
  "epoch": 1,
  "step": 24400,
  "expert_load": [
    338088.0,
    1566056.0,
    193903.0,
    1172353.0
  ],
  "cv": 0.6986001712328681,
  "max_mean_ratio": 1.9154305283757105,
  "aux_loss": 0.0,
  "aux_loss_alpha": 0.0
}