{
  "experiment": "Exp-1",
  "epoch": 0,
  "step": 28800,
  "expert_load": [
    320395.0,
    1568351.0,
    213266.0,
    1168388.0
  ],
  "cv": 0.6970314028864886,
  "max_mean_ratio": 1.918237524461816,
  "aux_loss": 0.0,
  "aux_loss_alpha": 0.0
}