{
  "experiment": "Exp-1",
  "epoch": 1,
  "step": 2800,
  "expert_load": [
    337822.0,
    1556378.0,
    200816.0,
    1175384.0
  ],
  "cv": 0.6930766114236706,
  "max_mean_ratio": 1.9035934442269826,
  "aux_loss": 0.0,
  "aux_loss_alpha": 0.0
}