{
  "experiment": "Exp-1",
  "epoch": 0,
  "step": 3500,
  "expert_load": [
    284573.0,
    1563381.0,
    272627.0,
    1149819.0
  ],
  "cv": 0.6830922058463713,
  "max_mean_ratio": 1.9121587573385284,
  "aux_loss": 0.0,
  "aux_loss_alpha": 0.0
}