{
  "experiment": "Exp-1",
  "epoch": 0,
  "step": 28400,
  "expert_load": [
    318135.0,
    1559739.0,
    210202.0,
    1182324.0
  ],
  "cv": 0.6978571428571343,
  "max_mean_ratio": 1.907704256360055,
  "aux_loss": 0.0,
  "aux_loss_alpha": 0.0
}