{
  "experiment": "Exp-1",
  "epoch": 0,
  "step": 24400,
  "expert_load": [
    314844.0,
    1572322.0,
    216430.0,
    1166804.0
  ],
  "cv": 0.6988014463062536,
  "max_mean_ratio": 1.9230944227005635,
  "aux_loss": 0.0,
  "aux_loss_alpha": 0.0
}