{
  "experiment": "Exp-1",
  "epoch": 0,
  "step": 38700,
  "expert_load": [
    328871.0,
    1562740.0,
    204107.0,
    1174682.0
  ],
  "cv": 0.6967253241193653,
  "max_mean_ratio": 1.9113747553815812,
  "aux_loss": 0.0,
  "aux_loss_alpha": 0.0
}