{
  "experiment": "Exp-1",
  "epoch": 1,
  "step": 37000,
  "expert_load": [
    334071.0,
    1565100.0,
    196223.0,
    1175006.0
  ],
  "cv": 0.6989852923189739,
  "max_mean_ratio": 1.9142612524461604,
  "aux_loss": 0.0,
  "aux_loss_alpha": 0.0
}