{
  "experiment": "Exp-1",
  "epoch": 0,
  "step": 36700,
  "expert_load": [
    338466.0,
    1547382.0,
    209604.0,
    1174948.0
  ],
  "cv": 0.6863246086105591,
  "max_mean_ratio": 1.8925905088062391,
  "aux_loss": 0.0,
  "aux_loss_alpha": 0.0
}