{
  "experiment": "Exp-1",
  "epoch": 0,
  "step": 8400,
  "expert_load": [
    304068.0,
    1567274.0,
    241508.0,
    1157550.0
  ],
  "cv": 0.6900380687377606,
  "max_mean_ratio": 1.9169202544031076,
  "aux_loss": 0.0,
  "aux_loss_alpha": 0.0
}