{
  "experiment": "Exp-1",
  "epoch": 1,
  "step": 30000,
  "expert_load": [
    336270.0,
    1567599.0,
    195702.0,
    1170829.0
  ],
  "cv": 0.6987980063600697,
  "max_mean_ratio": 1.9173177592954755,
  "aux_loss": 0.0,
  "aux_loss_alpha": 0.0
}