{
  "experiment": "Exp-1",
  "epoch": 1,
  "step": 28300,
  "expert_load": [
    336086.0,
    1565366.0,
    202418.0,
    1166530.0
  ],
  "cv": 0.6949086503179954,
  "max_mean_ratio": 1.9145865949119139,
  "aux_loss": 0.0,
  "aux_loss_alpha": 0.0
}