{
  "experiment": "Exp-1",
  "epoch": 1,
  "step": 32600,
  "expert_load": [
    340833.0,
    1564498.0,
    197810.0,
    1167259.0
  ],
  "cv": 0.6950037457191696,
  "max_mean_ratio": 1.9135249510762975,
  "aux_loss": 0.0,
  "aux_loss_alpha": 0.0
}