{
  "experiment": "Exp-1",
  "epoch": 0,
  "step": 19300,
  "expert_load": [
    311038.0,
    1571781.0,
    214519.0,
    1173062.0
  ],
  "cv": 0.7014019691780736,
  "max_mean_ratio": 1.922432729941268,
  "aux_loss": 0.0,
  "aux_loss_alpha": 0.0
}