{
  "experiment": "Exp-1",
  "epoch": 1,
  "step": 28200,
  "expert_load": [
    332157.0,
    1565762.0,
    194991.0,
    1177490.0
  ],
  "cv": 0.7006310390166255,
  "max_mean_ratio": 1.9150709393346146,
  "aux_loss": 0.0,
  "aux_loss_alpha": 0.0
}