{
  "experiment": "Exp-1",
  "epoch": 0,
  "step": 31100,
  "expert_load": [
    322051.0,
    1559194.0,
    205233.0,
    1183922.0
  ],
  "cv": 0.6985332069471538,
  "max_mean_ratio": 1.9070376712328534,
  "aux_loss": 0.0,
  "aux_loss_alpha": 0.0
}