{
  "experiment": "Exp-1",
  "epoch": 0,
  "step": 23200,
  "expert_load": [
    313862.0,
    1569777.0,
    217333.0,
    1169428.0
  ],
  "cv": 0.6982413466242576,
  "max_mean_ratio": 1.9199816536203287,
  "aux_loss": 0.0,
  "aux_loss_alpha": 0.0
}