{
  "experiment": "Exp-1",
  "epoch": 0,
  "step": 37100,
  "expert_load": [
    351626.0,
    1539548.0,
    209275.0,
    1169951.0
  ],
  "cv": 0.678940343688837,
  "max_mean_ratio": 1.883008806262208,
  "aux_loss": 0.0,
  "aux_loss_alpha": 0.0
}