{
  "experiment": "Exp-1",
  "epoch": 1,
  "step": 3600,
  "expert_load": [
    335562.0,
    1560383.0,
    202809.0,
    1171646.0
  ],
  "cv": 0.6938834699119288,
  "max_mean_ratio": 1.9084919275929315,
  "aux_loss": 0.0,
  "aux_loss_alpha": 0.0
}