{
  "experiment": "Exp-1",
  "epoch": 1,
  "step": 15600,
  "expert_load": [
    337326.0,
    1565246.0,
    197600.0,
    1170228.0
  ],
  "cv": 0.6968362432729855,
  "max_mean_ratio": 1.914439823874732,
  "aux_loss": 0.0,
  "aux_loss_alpha": 0.0
}