{
  "experiment": "Exp-1",
  "epoch": 0,
  "step": 36300,
  "expert_load": [
    481439.0,
    1413497.0,
    209838.0,
    1165626.0
  ],
  "cv": 0.598751337756842,
  "max_mean_ratio": 1.7288368395303115,
  "aux_loss": 0.0,
  "aux_loss_alpha": 0.0
}