{
  "experiment": "Exp-1",
  "epoch": 0,
  "step": 16200,
  "expert_load": [
    308086.0,
    1569324.0,
    229430.0,
    1163560.0
  ],
  "cv": 0.6946703767123202,
  "max_mean_ratio": 1.9194275929549667,
  "aux_loss": 0.0,
  "aux_loss_alpha": 0.0
}