{
  "experiment": "Exp-1",
  "epoch": 0,
  "step": 16400,
  "expert_load": [
    307142.0,
    1571055.0,
    214486.0,
    1177717.0
  ],
  "cv": 0.7030631574119288,
  "max_mean_ratio": 1.921544765166317,
  "aux_loss": 0.0,
  "aux_loss_alpha": 0.0
}