{
  "experiment": "Exp-1",
  "epoch": 1,
  "step": 26100,
  "expert_load": [
    338403.0,
    1566210.0,
    192474.0,
    1173313.0
  ],
  "cv": 0.6992409949853143,
  "max_mean_ratio": 1.9156188845400939,
  "aux_loss": 0.0,
  "aux_loss_alpha": 0.0
}