{
  "experiment": "Exp-1",
  "epoch": 0,
  "step": 900,
  "expert_load": [
    245599.0,
    1540446.0,
    300164.0,
    1184191.0
  ],
  "cv": 0.6842269294275846,
  "max_mean_ratio": 1.8841071428571199,
  "aux_loss": 0.0,
  "aux_loss_alpha": 0.0
}