{
  "experiment": "Exp-1",
  "epoch": 1,
  "step": 25000,
  "expert_load": [
    334502.0,
    1568635.0,
    191206.0,
    1176057.0
  ],
  "cv": 0.7021597511007742,
  "max_mean_ratio": 1.9185848825831469,
  "aux_loss": 0.0,
  "aux_loss_alpha": 0.0
}