{
  "experiment": "Exp-1",
  "epoch": 1,
  "step": 36400,
  "expert_load": [
    336554.0,
    1566651.0,
    193422.0,
    1173773.0
  ],
  "cv": 0.6996631146037097,
  "max_mean_ratio": 1.9161582681017377,
  "aux_loss": 0.0,
  "aux_loss_alpha": 0.0
}