{
  "experiment": "Exp-1",
  "epoch": 1,
  "step": 39800,
  "expert_load": [
    341462.0,
    1566442.0,
    192174.0,
    1170322.0
  ],
  "cv": 0.6980850966242576,
  "max_mean_ratio": 1.9159026418786458,
  "aux_loss": 0.0,
  "aux_loss_alpha": 0.0
}