{
  "experiment": "Exp-1",
  "epoch": 0,
  "step": 10000,
  "expert_load": [
    304841.0,
    1564566.0,
    235494.0,
    1165499.0
  ],
  "cv": 0.6920909521770953,
  "max_mean_ratio": 1.9136081213307006,
  "aux_loss": 0.0,
  "aux_loss_alpha": 0.0
}