{
  "experiment": "Exp-1",
  "epoch": 0,
  "step": 32400,
  "expert_load": [
    324863.0,
    1565336.0,
    207971.0,
    1172230.0
  ],
  "cv": 0.6970843016144729,
  "max_mean_ratio": 1.9145499021526184,
  "aux_loss": 0.0,
  "aux_loss_alpha": 0.0
}