{
  "experiment": "Exp-1",
  "epoch": 1,
  "step": 37100,
  "expert_load": [
    336777.0,
    1566465.0,
    194870.0,
    1172288.0
  ],
  "cv": 0.6987661295254317,
  "max_mean_ratio": 1.9159307729941057,
  "aux_loss": 0.0,
  "aux_loss_alpha": 0.0
}