{
  "experiment": "Exp-1",
  "epoch": 0,
  "step": 9300,
  "expert_load": [
    307622.0,
    1569859.0,
    224147.0,
    1168772.0
  ],
  "cv": 0.6976663405087977,
  "max_mean_ratio": 1.920081947162403,
  "aux_loss": 0.0,
  "aux_loss_alpha": 0.0
}