{
  "experiment": "Exp-1",
  "epoch": 0,
  "step": 32300,
  "expert_load": [
    323686.0,
    1565518.0,
    207675.0,
    1173521.0
  ],
  "cv": 0.697811429794512,
  "max_mean_ratio": 1.9147725048923445,
  "aux_loss": 0.0,
  "aux_loss_alpha": 0.0
}