{
  "experiment": "Exp-1",
  "epoch": 0,
  "step": 16800,
  "expert_load": [
    309288.0,
    1573875.0,
    223771.0,
    1163466.0
  ],
  "cv": 0.6979637047455883,
  "max_mean_ratio": 1.9249938845400938,
  "aux_loss": 0.0,
  "aux_loss_alpha": 0.0
}