{
  "experiment": "Exp-1",
  "epoch": 1,
  "step": 38100,
  "expert_load": [
    337094.0,
    1564337.0,
    196475.0,
    1172494.0
  ],
  "cv": 0.6973362585616353,
  "max_mean_ratio": 1.9133280332680784,
  "aux_loss": 0.0,
  "aux_loss_alpha": 0.0
}