{
  "experiment": "Exp-1",
  "epoch": 1,
  "step": 29600,
  "expert_load": [
    335338.0,
    1565607.0,
    202477.0,
    1166978.0
  ],
  "cv": 0.6952641878669191,
  "max_mean_ratio": 1.9148813600782544,
  "aux_loss": 0.0,
  "aux_loss_alpha": 0.0
}