{
  "experiment": "Exp-1",
  "epoch": 0,
  "step": 7600,
  "expert_load": [
    304615.0,
    1572714.0,
    232140.0,
    1160931.0
  ],
  "cv": 0.6956561888453927,
  "max_mean_ratio": 1.9235738747553581,
  "aux_loss": 0.0,
  "aux_loss_alpha": 0.0
}