{
  "experiment": "Exp-1",
  "epoch": 1,
  "step": 33900,
  "expert_load": [
    347099.0,
    1564948.0,
    198675.0,
    1159678.0
  ],
  "cv": 0.6918814212328682,
  "max_mean_ratio": 1.91407534246573,
  "aux_loss": 0.0,
  "aux_loss_alpha": 0.0
}