{
  "experiment": "Exp-1",
  "epoch": 0,
  "step": 13900,
  "expert_load": [
    307470.0,
    1570091.0,
    227006.0,
    1165833.0
  ],
  "cv": 0.6963418847847272,
  "max_mean_ratio": 1.920365704500955,
  "aux_loss": 0.0,
  "aux_loss_alpha": 0.0
}