{
  "experiment": "Exp-1",
  "epoch": 0,
  "step": 11800,
  "expert_load": [
    297052.0,
    1573817.0,
    230382.0,
    1169149.0
  ],
  "cv": 0.7002791707436313,
  "max_mean_ratio": 1.924922945205456,
  "aux_loss": 0.0,
  "aux_loss_alpha": 0.0
}