{
  "experiment": "Exp-1",
  "epoch": 0,
  "step": 24000,
  "expert_load": [
    311748.0,
    1573702.0,
    214123.0,
    1170827.0
  ],
  "cv": 0.7016887842465668,
  "max_mean_ratio": 1.9247822896281566,
  "aux_loss": 0.0,
  "aux_loss_alpha": 0.0
}