{
  "experiment": "Exp-1",
  "epoch": 0,
  "step": 27400,
  "expert_load": [
    330860.0,
    1558782.0,
    215486.0,
    1165272.0
  ],
  "cv": 0.6890914719911853,
  "max_mean_ratio": 1.9065337573385286,
  "aux_loss": 0.0,
  "aux_loss_alpha": 0.0
}