{
  "experiment": "Exp-1",
  "epoch": 1,
  "step": 13800,
  "expert_load": [
    360717.0,
    1542033.0,
    198313.0,
    1169337.0
  ],
  "cv": 0.6812030638453929,
  "max_mean_ratio": 1.8860481898238517,
  "aux_loss": 0.0,
  "aux_loss_alpha": 0.0
}