{
  "experiment": "Exp-1",
  "epoch": 0,
  "step": 9100,
  "expert_load": [
    308447.0,
    1567229.0,
    228291.0,
    1166433.0
  ],
  "cv": 0.6946230583414787,
  "max_mean_ratio": 1.9168652152641643,
  "aux_loss": 0.0,
  "aux_loss_alpha": 0.0
}