{
  "experiment": "Exp-1",
  "epoch": 1,
  "step": 33700,
  "expert_load": [
    340670.0,
    1565929.0,
    193416.0,
    1170385.0
  ],
  "cv": 0.697677577666332,
  "max_mean_ratio": 1.9152751956946927,
  "aux_loss": 0.0,
  "aux_loss_alpha": 0.0
}