{
  "experiment": "Exp-1",
  "epoch": 1,
  "step": 42700,
  "expert_load": [
    341327.0,
    1563528.0,
    198083.0,
    1167462.0
  ],
  "cv": 0.6944343964041011,
  "max_mean_ratio": 1.9123385518590763,
  "aux_loss": 0.0,
  "aux_loss_alpha": 0.0
}