{
  "experiment": "Exp-1",
  "epoch": 1,
  "step": 39600,
  "expert_load": [
    345068.0,
    1566656.0,
    190036.0,
    1168640.0
  ],
  "cv": 0.697655026908015,
  "max_mean_ratio": 1.9161643835616204,
  "aux_loss": 0.0,
  "aux_loss_alpha": 0.0
}