{
  "experiment": "Exp-1",
  "epoch": 1,
  "step": 25800,
  "expert_load": [
    343248.0,
    1566778.0,
    197461.0,
    1162913.0
  ],
  "cv": 0.6946072345890326,
  "max_mean_ratio": 1.9163136007827555,
  "aux_loss": 0.0,
  "aux_loss_alpha": 0.0
}