{
  "experiment": "Exp-1",
  "epoch": 1,
  "step": 39200,
  "expert_load": [
    336948.0,
    1566716.0,
    191509.0,
    1175227.0
  ],
  "cv": 0.7005039903375648,
  "max_mean_ratio": 1.9162377690802113,
  "aux_loss": 0.0,
  "aux_loss_alpha": 0.0
}