{
  "experiment": "Exp-1",
  "epoch": 1,
  "step": 28400,
  "expert_load": [
    337293.0,
    1564662.0,
    201036.0,
    1167409.0
  ],
  "cv": 0.6949363227739641,
  "max_mean_ratio": 1.9137255381604463,
  "aux_loss": 0.0,
  "aux_loss_alpha": 0.0
}