{
  "experiment": "Exp-1",
  "epoch": 1,
  "step": 18200,
  "expert_load": [
    336683.0,
    1566758.0,
    195497.0,
    1171462.0
  ],
  "cv": 0.6985422272504807,
  "max_mean_ratio": 1.916289138943225,
  "aux_loss": 0.0,
  "aux_loss_alpha": 0.0
}