{
  "experiment": "Exp-1",
  "epoch": 0,
  "step": 41800,
  "expert_load": [
    338953.0,
    1557431.0,
    202844.0,
    1171172.0
  ],
  "cv": 0.6917207375244534,
  "max_mean_ratio": 1.9048813600782546,
  "aux_loss": 0.0,
  "aux_loss_alpha": 0.0
}