{
  "experiment": "Exp-1",
  "epoch": 1,
  "step": 40100,
  "expert_load": [
    341992.0,
    1566955.0,
    190837.0,
    1170616.0
  ],
  "cv": 0.6986596440802263,
  "max_mean_ratio": 1.9165300880625988,
  "aux_loss": 0.0,
  "aux_loss_alpha": 0.0
}