{
  "experiment": "Exp-1",
  "epoch": 0,
  "step": 42700,
  "expert_load": [
    332852.0,
    1566185.0,
    195992.0,
    1175371.0
  ],
  "cv": 0.6998813600782693,
  "max_mean_ratio": 1.915588307240681,
  "aux_loss": 0.0,
  "aux_loss_alpha": 0.0
}