{
  "experiment": "Exp-1",
  "epoch": 1,
  "step": 3800,
  "expert_load": [
    348020.0,
    1548375.0,
    201351.0,
    1172654.0
  ],
  "cv": 0.686557684075334,
  "max_mean_ratio": 1.89380503913892,
  "aux_loss": 0.0,
  "aux_loss_alpha": 0.0
}