{
  "experiment": "Exp-1",
  "epoch": 1,
  "step": 4600,
  "expert_load": [
    340456.0,
    1560142.0,
    200521.0,
    1169281.0
  ],
  "cv": 0.6928308463796393,
  "max_mean_ratio": 1.9081971624265912,
  "aux_loss": 0.0,
  "aux_loss_alpha": 0.0
}