{
  "experiment": "Exp-1",
  "epoch": 0,
  "step": 18700,
  "expert_load": [
    313365.0,
    1566328.0,
    219894.0,
    1170813.0
  ],
  "cv": 0.6964267367905981,
  "max_mean_ratio": 1.915763209393323,
  "aux_loss": 0.0,
  "aux_loss_alpha": 0.0
}