{
  "experiment": "Exp-1",
  "epoch": 0,
  "step": 10200,
  "expert_load": [
    294363.0,
    1570317.0,
    234167.0,
    1171553.0
  ],
  "cv": 0.6988867569716157,
  "max_mean_ratio": 1.9206421232876476,
  "aux_loss": 0.0,
  "aux_loss_alpha": 0.0
}