{
  "experiment": "Exp-1",
  "epoch": 1,
  "step": 43400,
  "expert_load": [
    342095.0,
    1565867.0,
    191411.0,
    1171027.0
  ],
  "cv": 0.6980823446673105,
  "max_mean_ratio": 1.9151993639921487,
  "aux_loss": 0.0,
  "aux_loss_alpha": 0.0
}