{
  "experiment": "Exp-1",
  "epoch": 0,
  "step": 38800,
  "expert_load": [
    336250.0,
    1562246.0,
    204688.0,
    1167216.0
  ],
  "cv": 0.6929892367905982,
  "max_mean_ratio": 1.910770547945182,
  "aux_loss": 0.0,
  "aux_loss_alpha": 0.0
}