{
  "experiment": "Exp-1",
  "epoch": 1,
  "step": 35500,
  "expert_load": [
    341230.0,
    1566792.0,
    193147.0,
    1169231.0
  ],
  "cv": 0.6977530271526333,
  "max_mean_ratio": 1.9163307240704266,
  "aux_loss": 0.0,
  "aux_loss_alpha": 0.0
}