{
  "experiment": "Exp-1",
  "epoch": 0,
  "step": 42600,
  "expert_load": [
    335065.0,
    1564847.0,
    204911.0,
    1165577.0
  ],
  "cv": 0.6939615949119289,
  "max_mean_ratio": 1.9139518101761017,
  "aux_loss": 0.0,
  "aux_loss_alpha": 0.0
}