{
  "experiment": "Exp-1",
  "epoch": 1,
  "step": 37200,
  "expert_load": [
    341959.0,
    1567008.0,
    193857.0,
    1167576.0
  ],
  "cv": 0.697104864848328,
  "max_mean_ratio": 1.9165949119373542,
  "aux_loss": 0.0,
  "aux_loss_alpha": 0.0
}