{
  "experiment": "Exp-1",
  "epoch": 0,
  "step": 18300,
  "expert_load": [
    313896.0,
    1572556.0,
    221624.0,
    1162324.0
  ],
  "cv": 0.6966521679305199,
  "max_mean_ratio": 1.9233806262230684,
  "aux_loss": 0.0,
  "aux_loss_alpha": 0.0
}