{
  "experiment": "Exp-1",
  "epoch": 1,
  "step": 20600,
  "expert_load": [
    345480.0,
    1560624.0,
    194723.0,
    1169573.0
  ],
  "cv": 0.6937321887230835,
  "max_mean_ratio": 1.908786692759272,
  "aux_loss": 0.0,
  "aux_loss_alpha": 0.0
}