{
  "experiment": "Exp-1",
  "epoch": 1,
  "step": 32500,
  "expert_load": [
    339345.0,
    1566444.0,
    194401.0,
    1170210.0
  ],
  "cv": 0.6978610414628095,
  "max_mean_ratio": 1.9159050880625987,
  "aux_loss": 0.0,
  "aux_loss_alpha": 0.0
}