{
  "experiment": "Exp-1",
  "epoch": 0,
  "step": 23800,
  "expert_load": [
    318022.0,
    1573932.0,
    218024.0,
    1160422.0
  ],
  "cv": 0.6969034368884455,
  "max_mean_ratio": 1.9250636007827553,
  "aux_loss": 0.0,
  "aux_loss_alpha": 0.0
}