{
  "experiment": "Exp-1",
  "epoch": 0,
  "step": 43200,
  "expert_load": [
    343070.0,
    1559375.0,
    198856.0,
    1169099.0
  ],
  "cv": 0.6923727984344338,
  "max_mean_ratio": 1.9072590508806029,
  "aux_loss": 0.0,
  "aux_loss_alpha": 0.0
}