{
  "experiment": "Exp-1",
  "epoch": 1,
  "step": 23800,
  "expert_load": [
    340901.0,
    1565479.0,
    194896.0,
    1169124.0
  ],
  "cv": 0.69670476088551,
  "max_mean_ratio": 1.9147248043052603,
  "aux_loss": 0.0,
  "aux_loss_alpha": 0.0
}