{
  "experiment": "Exp-1",
  "epoch": 1,
  "step": 27200,
  "expert_load": [
    335309.0,
    1568726.0,
    193127.0,
    1173238.0
  ],
  "cv": 0.7008113686399131,
  "max_mean_ratio": 1.9186961839530097,
  "aux_loss": 0.0,
  "aux_loss_alpha": 0.0
}