{
  "experiment": "Exp-1",
  "epoch": 1,
  "step": 2900,
  "expert_load": [
    349519.0,
    1556391.0,
    195045.0,
    1169445.0
  ],
  "cv": 0.6908796324608526,
  "max_mean_ratio": 1.9036093444226774,
  "aux_loss": 0.0,
  "aux_loss_alpha": 0.0
}