{
  "experiment": "Exp-1",
  "epoch": 0,
  "step": 14900,
  "expert_load": [
    311583.0,
    1570918.0,
    212667.0,
    1175232.0
  ],
  "cv": 0.70191673801369,
  "max_mean_ratio": 1.9213772015655342,
  "aux_loss": 0.0,
  "aux_loss_alpha": 0.0
}