{
  "experiment": "Exp-1",
  "epoch": 0,
  "step": 9600,
  "expert_load": [
    302710.0,
    1569726.0,
    236213.0,
    1161751.0
  ],
  "cv": 0.693843566536195,
  "max_mean_ratio": 1.9199192759295265,
  "aux_loss": 0.0,
  "aux_loss_alpha": 0.0
}