{
  "experiment": "Exp-1",
  "epoch": 0,
  "step": 4700,
  "expert_load": [
    287059.0,
    1571863.0,
    253073.0,
    1158405.0
  ],
  "cv": 0.6932960035469582,
  "max_mean_ratio": 1.9225330234833424,
  "aux_loss": 0.0,
  "aux_loss_alpha": 0.0
}