{
  "experiment": "Exp-1",
  "epoch": 0,
  "step": 17700,
  "expert_load": [
    319311.0,
    1573129.0,
    217605.0,
    1160355.0
  ],
  "cv": 0.6963548801369778,
  "max_mean_ratio": 1.9240814579256125,
  "aux_loss": 0.0,
  "aux_loss_alpha": 0.0
}