{
  "experiment": "Exp-1",
  "epoch": 0,
  "step": 25700,
  "expert_load": [
    319258.0,
    1566732.0,
    211911.0,
    1172499.0
  ],
  "cv": 0.6979012506115374,
  "max_mean_ratio": 1.9162573385518356,
  "aux_loss": 0.0,
  "aux_loss_alpha": 0.0
}