{
  "experiment": "Exp-1",
  "epoch": 0,
  "step": 10100,
  "expert_load": [
    303047.0,
    1568615.0,
    232025.0,
    1166713.0
  ],
  "cv": 0.695542211961831,
  "max_mean_ratio": 1.9185604207436164,
  "aux_loss": 0.0,
  "aux_loss_alpha": 0.0
}