{
  "experiment": "Exp-1",
  "epoch": 1,
  "step": 42100,
  "expert_load": [
    340035.0,
    1564992.0,
    193976.0,
    1171397.0
  ],
  "cv": 0.6974687347113417,
  "max_mean_ratio": 1.9141291585126967,
  "aux_loss": 0.0,
  "aux_loss_alpha": 0.0
}