{
  "experiment": "Exp-1",
  "epoch": 0,
  "step": 29000,
  "expert_load": [
    314750.0,
    1565340.0,
    207495.0,
    1182815.0
  ],
  "cv": 0.7019694074119288,
  "max_mean_ratio": 1.9145547945205246,
  "aux_loss": 0.0,
  "aux_loss_alpha": 0.0
}