{
  "experiment": "Exp-1",
  "epoch": 1,
  "step": 6000,
  "expert_load": [
    333866.0,
    1561620.0,
    199543.0,
    1175371.0
  ],
  "cv": 0.6966147871819875,
  "max_mean_ratio": 1.9100048923678827,
  "aux_loss": 0.0,
  "aux_loss_alpha": 0.0
}