{
  "experiment": "Exp-1",
  "epoch": 1,
  "step": 35200,
  "expert_load": [
    341480.0,
    1565736.0,
    195924.0,
    1167260.0
  ],
  "cv": 0.6959654017857058,
  "max_mean_ratio": 1.915039138943225,
  "aux_loss": 0.0,
  "aux_loss_alpha": 0.0
}