{
  "experiment": "Exp-1",
  "epoch": 0,
  "step": 30400,
  "expert_load": [
    347893.0,
    1540922.0,
    206057.0,
    1175528.0
  ],
  "cv": 0.6826115306996002,
  "max_mean_ratio": 1.8846893346379416,
  "aux_loss": 0.0,
  "aux_loss_alpha": 0.0
}