{
  "experiment": "Exp-1",
  "epoch": 1,
  "step": 13900,
  "expert_load": [
    355552.0,
    1550033.0,
    195804.0,
    1169011.0
  ],
  "cv": 0.6864767306751384,
  "max_mean_ratio": 1.8958329256359847,
  "aux_loss": 0.0,
  "aux_loss_alpha": 0.0
}