{
  "experiment": "Exp-1",
  "epoch": 0,
  "step": 28500,
  "expert_load": [
    318968.0,
    1563378.0,
    212358.0,
    1175696.0
  ],
  "cv": 0.6971005075831617,
  "max_mean_ratio": 1.9121550880625988,
  "aux_loss": 0.0,
  "aux_loss_alpha": 0.0
}