{
  "experiment": "Exp-1",
  "epoch": 1,
  "step": 18700,
  "expert_load": [
    341868.0,
    1565143.0,
    198508.0,
    1164881.0
  ],
  "cv": 0.6943189670988174,
  "max_mean_ratio": 1.9143138454011508,
  "aux_loss": 0.0,
  "aux_loss_alpha": 0.0
}