{
  "experiment": "Exp-1",
  "epoch": 0,
  "step": 41300,
  "expert_load": [
    334805.0,
    1562508.0,
    203711.0,
    1169376.0
  ],
  "cv": 0.6942016267123202,
  "max_mean_ratio": 1.9110909980430295,
  "aux_loss": 0.0,
  "aux_loss_alpha": 0.0
}