{
  "experiment": "Exp-1",
  "epoch": 0,
  "step": 21300,
  "expert_load": [
    313271.0,
    1568862.0,
    213839.0,
    1174428.0
  ],
  "cv": 0.7001055681262145,
  "max_mean_ratio": 1.918862524461816,
  "aux_loss": 0.0,
  "aux_loss_alpha": 0.0
}