{
  "experiment": "Exp-1",
  "epoch": 1,
  "step": 12700,
  "expert_load": [
    337025.0,
    1556533.0,
    248653.0,
    1128189.0
  ],
  "cv": 0.6691164689334556,
  "max_mean_ratio": 1.9037830234833426,
  "aux_loss": 0.0,
  "aux_loss_alpha": 0.0
}