{
  "experiment": "Exp-1",
  "epoch": 0,
  "step": 29700,
  "expert_load": [
    335485.0,
    1554256.0,
    209570.0,
    1171089.0
  ],
  "cv": 0.6891099712573301,
  "max_mean_ratio": 1.9009980430528144,
  "aux_loss": 0.0,
  "aux_loss_alpha": 0.0
}