{
  "experiment": "Exp-1",
  "epoch": 1,
  "step": 28800,
  "expert_load": [
    337255.0,
    1564173.0,
    196924.0,
    1172048.0
  ],
  "cv": 0.6969946336839445,
  "max_mean_ratio": 1.9131274461839296,
  "aux_loss": 0.0,
  "aux_loss_alpha": 0.0
}