{
  "experiment": "Exp-1",
  "epoch": 1,
  "step": 31800,
  "expert_load": [
    340763.0,
    1549924.0,
    212942.0,
    1166771.0
  ],
  "cv": 0.6840583720645709,
  "max_mean_ratio": 1.8956996086105442,
  "aux_loss": 0.0,
  "aux_loss_alpha": 0.0
}