{
  "experiment": "Exp-1",
  "epoch": 1,
  "step": 13600,
  "expert_load": [
    347299.0,
    1554958.0,
    196728.0,
    1171415.0
  ],
  "cv": 0.6906807271281716,
  "max_mean_ratio": 1.901856653620329,
  "aux_loss": 0.0,
  "aux_loss_alpha": 0.0
}