{
  "experiment": "Exp-1",
  "epoch": 1,
  "step": 23400,
  "expert_load": [
    334487.0,
    1566295.0,
    197036.0,
    1172582.0
  ],
  "cv": 0.6986238686399132,
  "max_mean_ratio": 1.9157228473580978,
  "aux_loss": 0.0,
  "aux_loss_alpha": 0.0
}