{
  "experiment": "Exp-1",
  "epoch": 1,
  "step": 11200,
  "expert_load": [
    331628.0,
    1561480.0,
    199719.0,
    1177573.0
  ],
  "cv": 0.6975066505626137,
  "max_mean_ratio": 1.9098336594911705,
  "aux_loss": 0.0,
  "aux_loss_alpha": 0.0
}