{
  "experiment": "Exp-1",
  "epoch": 0,
  "step": 13500,
  "expert_load": [
    331000.0,
    1570586.0,
    226540.0,
    1142274.0
  ],
  "cv": 0.6860588154354124,
  "max_mean_ratio": 1.9209711350293306,
  "aux_loss": 0.0,
  "aux_loss_alpha": 0.0
}