{
  "experiment": "Exp-1",
  "epoch": 0,
  "step": 14600,
  "expert_load": [
    297871.0,
    1570318.0,
    217689.0,
    1184522.0
  ],
  "cv": 0.705594652030324,
  "max_mean_ratio": 1.9206433463796242,
  "aux_loss": 0.0,
  "aux_loss_alpha": 0.0
}