{
  "experiment": "Exp-1",
  "epoch": 1,
  "step": 32000,
  "expert_load": [
    341115.0,
    1567296.0,
    193839.0,
    1168150.0
  ],
  "cv": 0.697549917441283,
  "max_mean_ratio": 1.916947162426591,
  "aux_loss": 0.0,
  "aux_loss_alpha": 0.0
}