{
  "experiment": "Exp-1",
  "epoch": 0,
  "step": 34400,
  "expert_load": [
    320871.0,
    1563844.0,
    202614.0,
    1183071.0
  ],
  "cv": 0.7013866040851187,
  "max_mean_ratio": 1.9127250489236556,
  "aux_loss": 0.0,
  "aux_loss_alpha": 0.0
}