{
  "experiment": "Exp-1",
  "epoch": 0,
  "step": 29400,
  "expert_load": [
    324932.0,
    1564638.0,
    208504.0,
    1172326.0
  ],
  "cv": 0.696630075831694,
  "max_mean_ratio": 1.9136961839530098,
  "aux_loss": 0.0,
  "aux_loss_alpha": 0.0
}