{
  "experiment": "Exp-1",
  "epoch": 1,
  "step": 38500,
  "expert_load": [
    341035.0,
    1564376.0,
    197475.0,
    1167514.0
  ],
  "cv": 0.695062683463788,
  "max_mean_ratio": 1.9133757338551625,
  "aux_loss": 0.0,
  "aux_loss_alpha": 0.0
}