{
  "experiment": "Exp-1",
  "epoch": 1,
  "step": 1100,
  "expert_load": [
    335630.0,
    1561579.0,
    200379.0,
    1172812.0
  ],
  "cv": 0.6953729666095805,
  "max_mean_ratio": 1.9099547455968455,
  "aux_loss": 0.0,
  "aux_loss_alpha": 0.0
}