{
  "experiment": "Exp-1",
  "epoch": 1,
  "step": 29900,
  "expert_load": [
    337396.0,
    1566511.0,
    196317.0,
    1170176.0
  ],
  "cv": 0.6977431659735727,
  "max_mean_ratio": 1.9159870352250254,
  "aux_loss": 0.0,
  "aux_loss_alpha": 0.0
}