{
  "experiment": "Exp-1",
  "epoch": 1,
  "step": 35600,
  "expert_load": [
    342957.0,
    1566443.0,
    195221.0,
    1165779.0
  ],
  "cv": 0.6958297150195609,
  "max_mean_ratio": 1.9159038649706224,
  "aux_loss": 0.0,
  "aux_loss_alpha": 0.0
}