{
  "experiment": "Exp-1",
  "epoch": 1,
  "step": 35300,
  "expert_load": [
    339787.0,
    1567046.0,
    197927.0,
    1165640.0
  ],
  "cv": 0.6959546997309113,
  "max_mean_ratio": 1.9166413894324619,
  "aux_loss": 0.0,
  "aux_loss_alpha": 0.0
}