{
  "experiment": "Exp-1",
  "epoch": 1,
  "step": 19500,
  "expert_load": [
    342200.0,
    1563195.0,
    196569.0,
    1168436.0
  ],
  "cv": 0.6947663894324768,
  "max_mean_ratio": 1.9119312622308964,
  "aux_loss": 0.0,
  "aux_loss_alpha": 0.0
}