{
  "experiment": "Exp-1",
  "epoch": 1,
  "step": 23700,
  "expert_load": [
    336915.0,
    1565329.0,
    198208.0,
    1169948.0
  ],
  "cv": 0.6967203553082106,
  "max_mean_ratio": 1.9145413405087828,
  "aux_loss": 0.0,
  "aux_loss_alpha": 0.0
}