{
  "experiment": "Exp-1",
  "epoch": 1,
  "step": 16900,
  "expert_load": [
    343166.0,
    1564357.0,
    192504.0,
    1170373.0
  ],
  "cv": 0.6967137047455884,
  "max_mean_ratio": 1.9133524951076086,
  "aux_loss": 0.0,
  "aux_loss_alpha": 0.0
}