{
  "experiment": "Exp-1",
  "epoch": 0,
  "step": 30500,
  "expert_load": [
    317643.0,
    1561321.0,
    215355.0,
    1176081.0
  ],
  "cv": 0.6957355369373692,
  "max_mean_ratio": 1.9096391878669041,
  "aux_loss": 0.0,
  "aux_loss_alpha": 0.0
}