{
  "experiment": "Exp-1",
  "epoch": 0,
  "step": 26200,
  "expert_load": [
    315798.0,
    1569120.0,
    211828.0,
    1173654.0
  ],
  "cv": 0.7000323354941206,
  "max_mean_ratio": 1.9191780821917572,
  "aux_loss": 0.0,
  "aux_loss_alpha": 0.0
}