{
  "experiment": "Exp-1",
  "epoch": 0,
  "step": 34100,
  "expert_load": [
    322714.0,
    1567214.0,
    208737.0,
    1171735.0
  ],
  "cv": 0.6980628516389347,
  "max_mean_ratio": 1.9168468688845166,
  "aux_loss": 0.0,
  "aux_loss_alpha": 0.0
}