{
  "experiment": "Exp-1",
  "epoch": 1,
  "step": 17600,
  "expert_load": [
    337370.0,
    1565660.0,
    195134.0,
    1172236.0
  ],
  "cv": 0.6981930344911852,
  "max_mean_ratio": 1.9149461839530098,
  "aux_loss": 0.0,
  "aux_loss_alpha": 0.0
}