{
  "experiment": "Exp-1",
  "epoch": 0,
  "step": 3700,
  "expert_load": [
    273946.0,
    1567382.0,
    269969.0,
    1159103.0
  ],
  "cv": 0.6903313050391305,
  "max_mean_ratio": 1.9170523483365713,
  "aux_loss": 0.0,
  "aux_loss_alpha": 0.0
}