{
  "experiment": "Exp-1",
  "epoch": 0,
  "step": 20000,
  "expert_load": [
    306941.0,
    1573796.0,
    214156.0,
    1175507.0
  ],
  "cv": 0.7039016634050794,
  "max_mean_ratio": 1.9248972602739491,
  "aux_loss": 0.0,
  "aux_loss_alpha": 0.0
}