{
  "experiment": "Exp-1",
  "epoch": 1,
  "step": 24700,
  "expert_load": [
    344709.0,
    1563629.0,
    189595.0,
    1172467.0
  ],
  "cv": 0.6974053632583085,
  "max_mean_ratio": 1.9124620841487046,
  "aux_loss": 0.0,
  "aux_loss_alpha": 0.0
}