{
  "experiment": "Exp-1",
  "epoch": 1,
  "step": 18800,
  "expert_load": [
    339639.0,
    1563988.0,
    199366.0,
    1167407.0
  ],
  "cv": 0.6946150318003829,
  "max_mean_ratio": 1.912901174168274,
  "aux_loss": 0.0,
  "aux_loss_alpha": 0.0
}