{
  "experiment": "Exp-1",
  "epoch": 0,
  "step": 39600,
  "expert_load": [
    327607.0,
    1563097.0,
    203982.0,
    1175714.0
  ],
  "cv": 0.6974391511741598,
  "max_mean_ratio": 1.9118113992171977,
  "aux_loss": 0.0,
  "aux_loss_alpha": 0.0
}