{
  "experiment": "Exp-1",
  "epoch": 1,
  "step": 43100,
  "expert_load": [
    341044.0,
    1565777.0,
    192529.0,
    1171050.0
  ],
  "cv": 0.6979439059442185,
  "max_mean_ratio": 1.9150892857142623,
  "aux_loss": 0.0,
  "aux_loss_alpha": 0.0
}