{
  "experiment": "Exp-1",
  "epoch": 1,
  "step": 15200,
  "expert_load": [
    335659.0,
    1565790.0,
    196772.0,
    1172179.0
  ],
  "cv": 0.698129815924649,
  "max_mean_ratio": 1.915105185909957,
  "aux_loss": 0.0,
  "aux_loss_alpha": 0.0
}