{
  "experiment": "Exp-1",
  "epoch": 0,
  "step": 8100,
  "expert_load": [
    296579.0,
    1569027.0,
    224469.0,
    1180325.0
  ],
  "cv": 0.7024742386252361,
  "max_mean_ratio": 1.9190643346379412,
  "aux_loss": 0.0,
  "aux_loss_alpha": 0.0
}