{
  "experiment": "Exp-1",
  "epoch": 1,
  "step": 34400,
  "expert_load": [
    344971.0,
    1566849.0,
    192663.0,
    1165917.0
  ],
  "cv": 0.696363518224062,
  "max_mean_ratio": 1.916400440313088,
  "aux_loss": 0.0,
  "aux_loss_alpha": 0.0
}