{
  "experiment": "Exp-1",
  "epoch": 1,
  "step": 1400,
  "expert_load": [
    339240.0,
    1562352.0,
    204115.0,
    1164693.0
  ],
  "cv": 0.6919720829256275,
  "max_mean_ratio": 1.910900195694693,
  "aux_loss": 0.0,
  "aux_loss_alpha": 0.0
}