{
  "experiment": "Exp-1",
  "epoch": 0,
  "step": 38600,
  "expert_load": [
    333078.0,
    1560861.0,
    211321.0,
    1165140.0
  ],
  "cv": 0.6906834026418702,
  "max_mean_ratio": 1.9090765655577067,
  "aux_loss": 0.0,
  "aux_loss_alpha": 0.0
}