{
  "experiment": "Exp-1",
  "epoch": 1,
  "step": 8000,
  "expert_load": [
    339062.0,
    1564021.0,
    200034.0,
    1167283.0
  ],
  "cv": 0.6945312499999915,
  "max_mean_ratio": 1.9129415362034992,
  "aux_loss": 0.0,
  "aux_loss_alpha": 0.0
}