{
  "experiment": "Exp-1",
  "epoch": 1,
  "step": 28100,
  "expert_load": [
    333629.0,
    1566274.0,
    196667.0,
    1173830.0
  ],
  "cv": 0.6991974987768994,
  "max_mean_ratio": 1.915697162426591,
  "aux_loss": 0.0,
  "aux_loss_alpha": 0.0
}