{
  "experiment": "Exp-1",
  "epoch": 0,
  "step": 21600,
  "expert_load": [
    312108.0,
    1571792.0,
    210500.0,
    1176000.0
  ],
  "cv": 0.7029716548434356,
  "max_mean_ratio": 1.9224461839530098,
  "aux_loss": 0.0,
  "aux_loss_alpha": 0.0
}