{
  "experiment": "Exp-1",
  "epoch": 0,
  "step": 9900,
  "expert_load": [
    298776.0,
    1568197.0,
    230457.0,
    1172970.0
  ],
  "cv": 0.6982342374021441,
  "max_mean_ratio": 1.9180491682974325,
  "aux_loss": 0.0,
  "aux_loss_alpha": 0.0
}