{
  "experiment": "Exp-1",
  "epoch": 1,
  "step": 22400,
  "expert_load": [
    333166.0,
    1563264.0,
    192792.0,
    1181178.0
  ],
  "cv": 0.7008181720890325,
  "max_mean_ratio": 1.912015655577276,
  "aux_loss": 0.0,
  "aux_loss_alpha": 0.0
}