{
  "experiment": "Exp-1",
  "epoch": 1,
  "step": 41300,
  "expert_load": [
    338259.0,
    1565585.0,
    196038.0,
    1170518.0
  ],
  "cv": 0.697307210127193,
  "max_mean_ratio": 1.914854452054771,
  "aux_loss": 0.0,
  "aux_loss_alpha": 0.0
}