{
  "experiment": "Exp-1",
  "epoch": 0,
  "step": 15200,
  "expert_load": [
    312553.0,
    1572507.0,
    216593.0,
    1168747.0
  ],
  "cv": 0.699804916829737,
  "max_mean_ratio": 1.9233206947162191,
  "aux_loss": 0.0,
  "aux_loss_alpha": 0.0
}