{
  "experiment": "Exp-1",
  "epoch": 1,
  "step": 3400,
  "expert_load": [
    335012.0,
    1554536.0,
    194010.0,
    1186842.0
  ],
  "cv": 0.6975833995841402,
  "max_mean_ratio": 1.901340508806239,
  "aux_loss": 0.0,
  "aux_loss_alpha": 0.0
}