{
  "experiment": "Exp-1",
  "epoch": 1,
  "step": 14400,
  "expert_load": [
    338544.0,
    1561733.0,
    199475.0,
    1170648.0
  ],
  "cv": 0.6945693187377606,
  "max_mean_ratio": 1.9101431017612291,
  "aux_loss": 0.0,
  "aux_loss_alpha": 0.0
}