{
  "experiment": "Exp-1",
  "epoch": 1,
  "step": 43700,
  "expert_load": [
    343146.0,
    1566041.0,
    199298.0,
    1161915.0
  ],
  "cv": 0.6935375642123203,
  "max_mean_ratio": 1.9154121819960626,
  "aux_loss": 0.0,
  "aux_loss_alpha": 0.0
}