{
  "experiment": "Exp-1",
  "epoch": 0,
  "step": 33600,
  "expert_load": [
    324976.0,
    1563197.0,
    206478.0,
    1175749.0
  ],
  "cv": 0.6973592679794435,
  "max_mean_ratio": 1.9119337084148493,
  "aux_loss": 0.0,
  "aux_loss_alpha": 0.0
}