{
  "experiment": "Exp-1",
  "epoch": 1,
  "step": 4700,
  "expert_load": [
    338794.0,
    1559074.0,
    201354.0,
    1171178.0
  ],
  "cv": 0.6929156983855101,
  "max_mean_ratio": 1.9068909001956713,
  "aux_loss": 0.0,
  "aux_loss_alpha": 0.0
}