{
  "experiment": "Exp-1",
  "epoch": 0,
  "step": 7700,
  "expert_load": [
    301645.0,
    1571351.0,
    231040.0,
    1166364.0
  ],
  "cv": 0.6972801492172126,
  "max_mean_ratio": 1.921906800391366,
  "aux_loss": 0.0,
  "aux_loss_alpha": 0.0
}