{
  "experiment": "Exp-1",
  "epoch": 1,
  "step": 18100,
  "expert_load": [
    332131.0,
    1566926.0,
    196961.0,
    1174382.0
  ],
  "cv": 0.6998544520547859,
  "max_mean_ratio": 1.9164946183952798,
  "aux_loss": 0.0,
  "aux_loss_alpha": 0.0
}