{
  "experiment": "Exp-1",
  "epoch": 1,
  "step": 7000,
  "expert_load": [
    337037.0,
    1558236.0,
    200661.0,
    1174466.0
  ],
  "cv": 0.6938957772749426,
  "max_mean_ratio": 1.9058659491193504,
  "aux_loss": 0.0,
  "aux_loss_alpha": 0.0
}