{
  "experiment": "Exp-1",
  "epoch": 1,
  "step": 26000,
  "expert_load": [
    342513.0,
    1566744.0,
    191616.0,
    1169527.0
  ],
  "cv": 0.6979754770058623,
  "max_mean_ratio": 1.916272015655554,
  "aux_loss": 0.0,
  "aux_loss_alpha": 0.0
}