{
  "experiment": "Exp-1",
  "epoch": 0,
  "step": 7800,
  "expert_load": [
    309474.0,
    1572262.0,
    227003.0,
    1161661.0
  ],
  "cv": 0.6958978259540032,
  "max_mean_ratio": 1.9230210371819725,
  "aux_loss": 0.0,
  "aux_loss_alpha": 0.0
}