{
  "experiment": "Exp-1",
  "epoch": 1,
  "step": 36500,
  "expert_load": [
    334517.0,
    1567159.0,
    192410.0,
    1176314.0
  ],
  "cv": 0.7012131543541988,
  "max_mean_ratio": 1.9167795988258083,
  "aux_loss": 0.0,
  "aux_loss_alpha": 0.0
}