{
  "experiment": "Exp-1",
  "epoch": 0,
  "step": 19800,
  "expert_load": [
    298835.0,
    1572934.0,
    217251.0,
    1181380.0
  ],
  "cv": 0.7059056231653534,
  "max_mean_ratio": 1.9238429549901916,
  "aux_loss": 0.0,
  "aux_loss_alpha": 0.0
}