{
  "experiment": "Exp-1",
  "epoch": 0,
  "step": 30700,
  "expert_load": [
    327270.0,
    1560849.0,
    206594.0,
    1175687.0
  ],
  "cv": 0.6957655026907938,
  "max_mean_ratio": 1.9090618884539883,
  "aux_loss": 0.0,
  "aux_loss_alpha": 0.0
}