{
  "experiment": "Exp-1",
  "epoch": 1,
  "step": 31400,
  "expert_load": [
    339715.0,
    1566519.0,
    193674.0,
    1170492.0
  ],
  "cv": 0.6980925880626138,
  "max_mean_ratio": 1.9159968199608377,
  "aux_loss": 0.0,
  "aux_loss_alpha": 0.0
}