{
  "experiment": "Exp-1",
  "epoch": 1,
  "step": 32200,
  "expert_load": [
    342416.0,
    1566223.0,
    195702.0,
    1166059.0
  ],
  "cv": 0.6957708537181911,
  "max_mean_ratio": 1.9156347847357886,
  "aux_loss": 0.0,
  "aux_loss_alpha": 0.0
}