{
  "experiment": "Exp-1",
  "epoch": 1,
  "step": 4000,
  "expert_load": [
    335792.0,
    1559340.0,
    200450.0,
    1174818.0
  ],
  "cv": 0.6947970431751382,
  "max_mean_ratio": 1.9072162426614248,
  "aux_loss": 0.0,
  "aux_loss_alpha": 0.0
}