{
  "experiment": "Exp-1",
  "epoch": 1,
  "step": 43200,
  "expert_load": [
    345660.0,
    1564502.0,
    198804.0,
    1161434.0
  ],
  "cv": 0.6923500947896197,
  "max_mean_ratio": 1.9135298434442036,
  "aux_loss": 0.0,
  "aux_loss_alpha": 0.0
}