{
  "experiment": "Exp-1",
  "epoch": 0,
  "step": 5400,
  "expert_load": [
    290367.0,
    1568115.0,
    246511.0,
    1165407.0
  ],
  "cv": 0.6941410072162342,
  "max_mean_ratio": 1.9179488747553581,
  "aux_loss": 0.0,
  "aux_loss_alpha": 0.0
}