{
  "experiment": "Exp-1",
  "epoch": 1,
  "step": 18300,
  "expert_load": [
    336319.0,
    1567783.0,
    191939.0,
    1174359.0
  ],
  "cv": 0.7007833139677018,
  "max_mean_ratio": 1.9175428082191546,
  "aux_loss": 0.0,
  "aux_loss_alpha": 0.0
}