{
  "experiment": "Exp-1",
  "epoch": 0,
  "step": 23400,
  "expert_load": [
    321918.0,
    1567371.0,
    212013.0,
    1169098.0
  ],
  "cv": 0.6967717251712243,
  "max_mean_ratio": 1.9170388943248298,
  "aux_loss": 0.0,
  "aux_loss_alpha": 0.0
}