{
  "experiment": "Exp-1",
  "epoch": 0,
  "step": 32900,
  "expert_load": [
    329309.0,
    1563256.0,
    206664.0,
    1171171.0
  ],
  "cv": 0.695305543664375,
  "max_mean_ratio": 1.9120058708414638,
  "aux_loss": 0.0,
  "aux_loss_alpha": 0.0
}