{
  "experiment": "Exp-1",
  "epoch": 0,
  "step": 26000,
  "expert_load": [
    345929.0,
    1564469.0,
    214067.0,
    1145935.0
  ],
  "cv": 0.6843696489725943,
  "max_mean_ratio": 1.9134894814089785,
  "aux_loss": 0.0,
  "aux_loss_alpha": 0.0
}