{
  "experiment": "Exp-1",
  "epoch": 0,
  "step": 16100,
  "expert_load": [
    304541.0,
    1568234.0,
    220851.0,
    1176774.0
  ],
  "cv": 0.7004260946673104,
  "max_mean_ratio": 1.9180944227005636,
  "aux_loss": 0.0,
  "aux_loss_alpha": 0.0
}