{
  "experiment": "Exp-1",
  "epoch": 1,
  "step": 5100,
  "expert_load": [
    342062.0,
    1556651.0,
    201203.0,
    1170484.0
  ],
  "cv": 0.6910212818003829,
  "max_mean_ratio": 1.9039273483365715,
  "aux_loss": 0.0,
  "aux_loss_alpha": 0.0
}