{
  "experiment": "Exp-1",
  "epoch": 0,
  "step": 40700,
  "expert_load": [
    439902.0,
    1462461.0,
    204212.0,
    1163825.0
  ],
  "cv": 0.628024706457918,
  "max_mean_ratio": 1.7887243150684713,
  "aux_loss": 0.0,
  "aux_loss_alpha": 0.0
}