{
  "experiment": "Exp-1",
  "epoch": 0,
  "step": 42200,
  "expert_load": [
    337991.0,
    1560919.0,
    201432.0,
    1170058.0
  ],
  "cv": 0.6936230277641794,
  "max_mean_ratio": 1.9091475048923445,
  "aux_loss": 0.0,
  "aux_loss_alpha": 0.0
}