{
  "experiment": "Exp-1",
  "epoch": 0,
  "step": 7900,
  "expert_load": [
    310098.0,
    1563943.0,
    242178.0,
    1154181.0
  ],
  "cv": 0.6861816597358037,
  "max_mean_ratio": 1.9128461350293309,
  "aux_loss": 0.0,
  "aux_loss_alpha": 0.0
}