{
  "experiment": "Exp-1",
  "epoch": 0,
  "step": 21400,
  "expert_load": [
    311481.0,
    1571849.0,
    211156.0,
    1175914.0
  ],
  "cv": 0.7029351149706372,
  "max_mean_ratio": 1.922515900195671,
  "aux_loss": 0.0,
  "aux_loss_alpha": 0.0
}