{
  "experiment": "Exp-1",
  "epoch": 1,
  "step": 36600,
  "expert_load": [
    339388.0,
    1564724.0,
    192030.0,
    1174258.0
  ],
  "cv": 0.6987227862035139,
  "max_mean_ratio": 1.9138013698629903,
  "aux_loss": 0.0,
  "aux_loss_alpha": 0.0
}