{
  "experiment": "Exp-1",
  "epoch": 0,
  "step": 33200,
  "expert_load": [
    321575.0,
    1568852.0,
    207900.0,
    1172073.0
  ],
  "cv": 0.6993598642367821,
  "max_mean_ratio": 1.9188502935420508,
  "aux_loss": 0.0,
  "aux_loss_alpha": 0.0
}