{
  "experiment": "Exp-1",
  "epoch": 0,
  "step": 23500,
  "expert_load": [
    310259.0,
    1570011.0,
    220289.0,
    1169841.0
  ],
  "cv": 0.6984410163894239,
  "max_mean_ratio": 1.9202678571428335,
  "aux_loss": 0.0,
  "aux_loss_alpha": 0.0
}