{
  "experiment": "Exp-1",
  "epoch": 0,
  "step": 24700,
  "expert_load": [
    315374.0,
    1567612.0,
    212749.0,
    1174665.0
  ],
  "cv": 0.6994356959393261,
  "max_mean_ratio": 1.9173336594911703,
  "aux_loss": 0.0,
  "aux_loss_alpha": 0.0
}