{
  "experiment": "Exp-1",
  "epoch": 0,
  "step": 40600,
  "expert_load": [
    384715.0,
    1510223.0,
    206155.0,
    1169307.0
  ],
  "cv": 0.6599821887230839,
  "max_mean_ratio": 1.847141634050858,
  "aux_loss": 0.0,
  "aux_loss_alpha": 0.0
}