{
  "experiment": "Exp-1",
  "epoch": 0,
  "step": 37700,
  "expert_load": [
    334735.0,
    1550414.0,
    209046.0,
    1176205.0
  ],
  "cv": 0.6889359864236706,
  "max_mean_ratio": 1.8962989236790375,
  "aux_loss": 0.0,
  "aux_loss_alpha": 0.0
}