{
  "experiment": "Exp-1",
  "epoch": 0,
  "step": 9700,
  "expert_load": [
    313380.0,
    1569768.0,
    229973.0,
    1157279.0
  ],
  "cv": 0.6920695480675062,
  "max_mean_ratio": 1.91997064579254,
  "aux_loss": 0.0,
  "aux_loss_alpha": 0.0
}