{
  "experiment": "Exp-1",
  "epoch": 1,
  "step": 36300,
  "expert_load": [
    337539.0,
    1567117.0,
    193224.0,
    1172520.0
  ],
  "cv": 0.6994246881115375,
  "max_mean_ratio": 1.9167282289627945,
  "aux_loss": 0.0,
  "aux_loss_alpha": 0.0
}