{
  "experiment": "Exp-1",
  "epoch": 0,
  "step": 36400,
  "expert_load": [
    460173.0,
    1432979.0,
    209009.0,
    1168239.0
  ],
  "cv": 0.6114774951076246,
  "max_mean_ratio": 1.7526651174168082,
  "aux_loss": 0.0,
  "aux_loss_alpha": 0.0
}