{
  "experiment": "Exp-1",
  "epoch": 1,
  "step": 28000,
  "expert_load": [
    335291.0,
    1565262.0,
    192976.0,
    1176871.0
  ],
  "cv": 0.7001737555039054,
  "max_mean_ratio": 1.9144593933463563,
  "aux_loss": 0.0,
  "aux_loss_alpha": 0.0
}