{
  "experiment": "Exp-1",
  "epoch": 0,
  "step": 9400,
  "expert_load": [
    306292.0,
    1571067.0,
    232091.0,
    1160950.0
  ],
  "cv": 0.6945446275684847,
  "max_mean_ratio": 1.9215594422700353,
  "aux_loss": 0.0,
  "aux_loss_alpha": 0.0
}