{
  "experiment": "Exp-1",
  "epoch": 0,
  "step": 400,
  "expert_load": [
    209059.0,
    1554666.0,
    323147.0,
    1183528.0
  ],
  "cv": 0.6951143590997958,
  "max_mean_ratio": 1.901499510763186,
  "aux_loss": 0.0,
  "aux_loss_alpha": 0.0
}