{
  "experiment": "Exp-1",
  "epoch": 1,
  "step": 31600,
  "expert_load": [
    338697.0,
    1560274.0,
    198793.0,
    1172636.0
  ],
  "cv": 0.6945518132338466,
  "max_mean_ratio": 1.9083586105674912,
  "aux_loss": 0.0,
  "aux_loss_alpha": 0.0
}