{
  "experiment": "Exp-1",
  "epoch": 1,
  "step": 20800,
  "expert_load": [
    338888.0,
    1561991.0,
    194426.0,
    1175095.0
  ],
  "cv": 0.6971172486545902,
  "max_mean_ratio": 1.9104586594911703,
  "aux_loss": 0.0,
  "aux_loss_alpha": 0.0
}