{
  "experiment": "Exp-1",
  "epoch": 1,
  "step": 19800,
  "expert_load": [
    341846.0,
    1559099.0,
    193254.0,
    1176201.0
  ],
  "cv": 0.6958107570939249,
  "max_mean_ratio": 1.9069214774950842,
  "aux_loss": 0.0,
  "aux_loss_alpha": 0.0
}