{
  "experiment": "Exp-1",
  "epoch": 1,
  "step": 11800,
  "expert_load": [
    337999.0,
    1561089.0,
    215899.0,
    1155413.0
  ],
  "cv": 0.6861738625244534,
  "max_mean_ratio": 1.9093554305283524,
  "aux_loss": 0.0,
  "aux_loss_alpha": 0.0
}