{
  "experiment": "Exp-1",
  "epoch": 0,
  "step": 3200,
  "expert_load": [
    273104.0,
    1561800.0,
    276117.0,
    1159379.0
  ],
  "cv": 0.6865475935665278,
  "max_mean_ratio": 1.9102250489236556,
  "aux_loss": 0.0,
  "aux_loss_alpha": 0.0
}