{
  "experiment": "Exp-1",
  "epoch": 1,
  "step": 30700,
  "expert_load": [
    340536.0,
    1568098.0,
    196111.0,
    1165655.0
  ],
  "cv": 0.6967943523727899,
  "max_mean_ratio": 1.9179280821917573,
  "aux_loss": 0.0,
  "aux_loss_alpha": 0.0
}