{
  "experiment": "Exp-1",
  "epoch": 1,
  "step": 34200,
  "expert_load": [
    346759.0,
    1567595.0,
    190378.0,
    1165668.0
  ],
  "cv": 0.6969324088796393,
  "max_mean_ratio": 1.9173128669275694,
  "aux_loss": 0.0,
  "aux_loss_alpha": 0.0
}