{
  "experiment": "Exp-1",
  "epoch": 1,
  "step": 41400,
  "expert_load": [
    343331.0,
    1564955.0,
    195670.0,
    1166444.0
  ],
  "cv": 0.695110078277878,
  "max_mean_ratio": 1.9140839041095656,
  "aux_loss": 0.0,
  "aux_loss_alpha": 0.0
}