{
  "experiment": "Exp-1",
  "epoch": 1,
  "step": 29000,
  "expert_load": [
    341847.0,
    1565134.0,
    197598.0,
    1165821.0
  ],
  "cv": 0.6948003302348251,
  "max_mean_ratio": 1.9143028375733622,
  "aux_loss": 0.0,
  "aux_loss_alpha": 0.0
}