{
  "experiment": "Exp-1",
  "epoch": 1,
  "step": 40700,
  "expert_load": [
    344135.0,
    1565072.0,
    198936.0,
    1162257.0
  ],
  "cv": 0.6930780638453927,
  "max_mean_ratio": 1.914227005870818,
  "aux_loss": 0.0,
  "aux_loss_alpha": 0.0
}