{
  "experiment": "Exp-1",
  "epoch": 1,
  "step": 8700,
  "expert_load": [
    333109.0,
    1562943.0,
    200906.0,
    1173442.0
  ],
  "cv": 0.6965191566780736,
  "max_mean_ratio": 1.9116230430528143,
  "aux_loss": 0.0,
  "aux_loss_alpha": 0.0
}