{
  "experiment": "Exp-1",
  "epoch": 0,
  "step": 23600,
  "expert_load": [
    319353.0,
    1575856.0,
    217708.0,
    1157483.0
  ],
  "cv": 0.6968922761741597,
  "max_mean_ratio": 1.9274168297455732,
  "aux_loss": 0.0,
  "aux_loss_alpha": 0.0
}