{
  "experiment": "Exp-1",
  "epoch": 0,
  "step": 13800,
  "expert_load": [
    308706.0,
    1567942.0,
    232472.0,
    1161280.0
  ],
  "cv": 0.6925544275929465,
  "max_mean_ratio": 1.9177372798434207,
  "aux_loss": 0.0,
  "aux_loss_alpha": 0.0
}