{
  "experiment": "Exp-1",
  "epoch": 1,
  "step": 27500,
  "expert_load": [
    333655.0,
    1566567.0,
    199522.0,
    1170656.0
  ],
  "cv": 0.6977584546232791,
  "max_mean_ratio": 1.9160555283757104,
  "aux_loss": 0.0,
  "aux_loss_alpha": 0.0
}