{
  "experiment": "Exp-1",
  "epoch": 0,
  "step": 18200,
  "expert_load": [
    315626.0,
    1571757.0,
    214227.0,
    1168790.0
  ],
  "cv": 0.6994450220156471,
  "max_mean_ratio": 1.9224033757338317,
  "aux_loss": 0.0,
  "aux_loss_alpha": 0.0
}