{
  "experiment": "Exp-1",
  "epoch": 0,
  "step": 21200,
  "expert_load": [
    305241.0,
    1571036.0,
    205846.0,
    1188277.0
  ],
  "cv": 0.7083967557485236,
  "max_mean_ratio": 1.921521526418763,
  "aux_loss": 0.0,
  "aux_loss_alpha": 0.0
}