{
  "experiment": "Exp-1",
  "epoch": 1,
  "step": 18400,
  "expert_load": [
    336717.0,
    1564542.0,
    195805.0,
    1173336.0
  ],
  "cv": 0.69789903375733,
  "max_mean_ratio": 1.9135787671232642,
  "aux_loss": 0.0,
  "aux_loss_alpha": 0.0
}