{
  "experiment": "Exp-1",
  "epoch": 1,
  "step": 11900,
  "expert_load": [
    338201.0,
    1562752.0,
    239081.0,
    1130366.0
  ],
  "cv": 0.6748048403864888,
  "max_mean_ratio": 1.9113894324852996,
  "aux_loss": 0.0,
  "aux_loss_alpha": 0.0
}