{
  "experiment": "Exp-1",
  "epoch": 0,
  "step": 30200,
  "expert_load": [
    323894.0,
    1564328.0,
    212005.0,
    1170173.0
  ],
  "cv": 0.6952289475293457,
  "max_mean_ratio": 1.9133170254402896,
  "aux_loss": 0.0,
  "aux_loss_alpha": 0.0
}