{
  "experiment": "Exp-1",
  "epoch": 0,
  "step": 15700,
  "expert_load": [
    310544.0,
    1571756.0,
    219609.0,
    1168491.0
  ],
  "cv": 0.699030699608602,
  "max_mean_ratio": 1.922402152641855,
  "aux_loss": 0.0,
  "aux_loss_alpha": 0.0
}