{
  "experiment": "Exp-1",
  "epoch": 0,
  "step": 300,
  "expert_load": [
    212276.0,
    1580815.0,
    628103.0,
    849206.0
  ],
  "cv": 0.6071953736545914,
  "max_mean_ratio": 1.9334821428571192,
  "aux_loss": 0.0,
  "aux_loss_alpha": 0.0
}