{
  "experiment": "Exp-1",
  "epoch": 0,
  "step": 23100,
  "expert_load": [
    314713.0,
    1572085.0,
    215922.0,
    1167680.0
  ],
  "cv": 0.6990683096868799,
  "max_mean_ratio": 1.9228045499021291,
  "aux_loss": 0.0,
  "aux_loss_alpha": 0.0
}