{
  "experiment": "Exp-1",
  "epoch": 0,
  "step": 22900,
  "expert_load": [
    315033.0,
    1570143.0,
    215571.0,
    1169653.0
  ],
  "cv": 0.6986828828277801,
  "max_mean_ratio": 1.9204293052837338,
  "aux_loss": 0.0,
  "aux_loss_alpha": 0.0
}