{
  "experiment": "Exp-1",
  "epoch": 0,
  "step": 28100,
  "expert_load": [
    324961.0,
    1566962.0,
    205244.0,
    1173233.0
  ],
  "cv": 0.6987943370841402,
  "max_mean_ratio": 1.9165386497064345,
  "aux_loss": 0.0,
  "aux_loss_alpha": 0.0
}