{
  "experiment": "Exp-1",
  "epoch": 1,
  "step": 20400,
  "expert_load": [
    338340.0,
    1562376.0,
    196203.0,
    1173481.0
  ],
  "cv": 0.6965095248287586,
  "max_mean_ratio": 1.9109295499021293,
  "aux_loss": 0.0,
  "aux_loss_alpha": 0.0
}