{
  "experiment": "Exp-1",
  "epoch": 0,
  "step": 15000,
  "expert_load": [
    297288.0,
    1571890.0,
    212032.0,
    1189190.0
  ],
  "cv": 0.7090953705968602,
  "max_mean_ratio": 1.9225660469667083,
  "aux_loss": 0.0,
  "aux_loss_alpha": 0.0
}