{
  "experiment": "Exp-1",
  "epoch": 1,
  "step": 31300,
  "expert_load": [
    337688.0,
    1567094.0,
    196687.0,
    1168931.0
  ],
  "cv": 0.6975440313111461,
  "max_mean_ratio": 1.9167000978473347,
  "aux_loss": 0.0,
  "aux_loss_alpha": 0.0
}