{
  "experiment": "Exp-1",
  "epoch": 0,
  "step": 37400,
  "expert_load": [
    338636.0,
    1552065.0,
    204947.0,
    1174752.0
  ],
  "cv": 0.6896511130136902,
  "max_mean_ratio": 1.8983182485322663,
  "aux_loss": 0.0,
  "aux_loss_alpha": 0.0
}