{
  "experiment": "Exp-1",
  "epoch": 0,
  "step": 22400,
  "expert_load": [
    309931.0,
    1569448.0,
    217641.0,
    1173380.0
  ],
  "cv": 0.6998217343444141,
  "max_mean_ratio": 1.9195792563600547,
  "aux_loss": 0.0,
  "aux_loss_alpha": 0.0
}