{
  "experiment": "Exp-1",
  "epoch": 0,
  "step": 6900,
  "expert_load": [
    299499.0,
    1567655.0,
    241613.0,
    1161633.0
  ],
  "cv": 0.6921908635029269,
  "max_mean_ratio": 1.9173862524461605,
  "aux_loss": 0.0,
  "aux_loss_alpha": 0.0
}