{
  "experiment": "Exp-1",
  "epoch": 1,
  "step": 36700,
  "expert_load": [
    337852.0,
    1565840.0,
    193947.0,
    1172761.0
  ],
  "cv": 0.6986370933219093,
  "max_mean_ratio": 1.9151663405087829,
  "aux_loss": 0.0,
  "aux_loss_alpha": 0.0
}