{
  "experiment": "Exp-1",
  "epoch": 0,
  "step": 2300,
  "expert_load": [
    267964.0,
    1564186.0,
    284054.0,
    1154196.0
  ],
  "cv": 0.6857660377935336,
  "max_mean_ratio": 1.9131433463796244,
  "aux_loss": 0.0,
  "aux_loss_alpha": 0.0
}