{
  "experiment": "Exp-1",
  "epoch": 1,
  "step": 8200,
  "expert_load": [
    338256.0,
    1563573.0,
    194896.0,
    1173675.0
  ],
  "cv": 0.6974831824853144,
  "max_mean_ratio": 1.9123935909980196,
  "aux_loss": 0.0,
  "aux_loss_alpha": 0.0
}