{
  "experiment": "Exp-1",
  "epoch": 0,
  "step": 30600,
  "expert_load": [
    324150.0,
    1566000.0,
    206224.0,
    1174026.0
  ],
  "cv": 0.6984528650929465,
  "max_mean_ratio": 1.9153620352250256,
  "aux_loss": 0.0,
  "aux_loss_alpha": 0.0
}