{
  "experiment": "Exp-1",
  "epoch": 1,
  "step": 20000,
  "expert_load": [
    341094.0,
    1562969.0,
    192306.0,
    1174031.0
  ],
  "cv": 0.6974490123532204,
  "max_mean_ratio": 1.9116548434442036,
  "aux_loss": 0.0,
  "aux_loss_alpha": 0.0
}