{
  "experiment": "Exp-1",
  "epoch": 0,
  "step": 6700,
  "expert_load": [
    311988.0,
    1572418.0,
    237305.0,
    1148689.0
  ],
  "cv": 0.6896536356408918,
  "max_mean_ratio": 1.923211839530309,
  "aux_loss": 0.0,
  "aux_loss_alpha": 0.0
}