{
  "experiment": "Exp-1",
  "epoch": 0,
  "step": 1000,
  "expert_load": [
    250209.0,
    1541476.0,
    300913.0,
    1177802.0
  ],
  "cv": 0.6817133225293459,
  "max_mean_ratio": 1.885366927592932,
  "aux_loss": 0.0,
  "aux_loss_alpha": 0.0
}