{
  "experiment": "Exp-1",
  "epoch": 1,
  "step": 29800,
  "expert_load": [
    336596.0,
    1565344.0,
    200150.0,
    1168310.0
  ],
  "cv": 0.6958544061888369,
  "max_mean_ratio": 1.9145596868884305,
  "aux_loss": 0.0,
  "aux_loss_alpha": 0.0
}