{
  "experiment": "Exp-1",
  "epoch": 0,
  "step": 34200,
  "expert_load": [
    326509.0,
    1564554.0,
    213090.0,
    1166247.0
  ],
  "cv": 0.6935313723091892,
  "max_mean_ratio": 1.9135934442269824,
  "aux_loss": 0.0,
  "aux_loss_alpha": 0.0
}