{
  "experiment": "Exp-1",
  "epoch": 1,
  "step": 36100,
  "expert_load": [
    338823.0,
    1566236.0,
    195830.0,
    1169511.0
  ],
  "cv": 0.6973026235322811,
  "max_mean_ratio": 1.9156506849314834,
  "aux_loss": 0.0,
  "aux_loss_alpha": 0.0
}