{
  "experiment": "Exp-1",
  "epoch": 0,
  "step": 34600,
  "expert_load": [
    326121.0,
    1564824.0,
    205963.0,
    1173492.0
  ],
  "cv": 0.6974451137475453,
  "max_mean_ratio": 1.913923679060642,
  "aux_loss": 0.0,
  "aux_loss_alpha": 0.0
}