{
  "experiment": "Exp-1",
  "epoch": 1,
  "step": 27000,
  "expert_load": [
    340081.0,
    1566642.0,
    194374.0,
    1169303.0
  ],
  "cv": 0.6975898208170169,
  "max_mean_ratio": 1.916147260273949,
  "aux_loss": 0.0,
  "aux_loss_alpha": 0.0
}