{
  "experiment": "Exp-1",
  "epoch": 0,
  "step": 35500,
  "expert_load": [
    356879.0,
    1534354.0,
    207793.0,
    1171374.0
  ],
  "cv": 0.6763103901663322,
  "max_mean_ratio": 1.8766560665361804,
  "aux_loss": 0.0,
  "aux_loss_alpha": 0.0
}