{
  "experiment": "Exp-1",
  "epoch": 0,
  "step": 2600,
  "expert_load": [
    264969.0,
    1561670.0,
    273010.0,
    1170751.0
  ],
  "cv": 0.6919758286448057,
  "max_mean_ratio": 1.9100660469667086,
  "aux_loss": 0.0,
  "aux_loss_alpha": 0.0
}