{
  "experiment": "Exp-1",
  "epoch": 0,
  "step": 21800,
  "expert_load": [
    311139.0,
    1570618.0,
    215210.0,
    1173433.0
  ],
  "cv": 0.7007552592954904,
  "max_mean_ratio": 1.9210102739725792,
  "aux_loss": 0.0,
  "aux_loss_alpha": 0.0
}