{
  "experiment": "Exp-1",
  "epoch": 1,
  "step": 12200,
  "expert_load": [
    334319.0,
    1559516.0,
    205695.0,
    1170870.0
  ],
  "cv": 0.6927570022015571,
  "max_mean_ratio": 1.9074315068492917,
  "aux_loss": 0.0,
  "aux_loss_alpha": 0.0
}