{
  "experiment": "Exp-1",
  "epoch": 0,
  "step": 2800,
  "expert_load": [
    272739.0,
    1561030.0,
    266523.0,
    1170108.0
  ],
  "cv": 0.691211854818974,
  "max_mean_ratio": 1.9092832681017378,
  "aux_loss": 0.0,
  "aux_loss_alpha": 0.0
}