{
  "experiment": "Exp-1",
  "epoch": 0,
  "step": 29600,
  "expert_load": [
    331951.0,
    1564899.0,
    207706.0,
    1165844.0
  ],
  "cv": 0.6939242141633966,
  "max_mean_ratio": 1.9140154109588807,
  "aux_loss": 0.0,
  "aux_loss_alpha": 0.0
}