{
  "experiment": "Exp-1",
  "epoch": 0,
  "step": 31600,
  "expert_load": [
    318615.0,
    1563031.0,
    214635.0,
    1174119.0
  ],
  "cv": 0.6960150898972518,
  "max_mean_ratio": 1.9117306751467475,
  "aux_loss": 0.0,
  "aux_loss_alpha": 0.0
}