{
  "experiment": "Exp-1",
  "epoch": 1,
  "step": 31100,
  "expert_load": [
    333674.0,
    1568083.0,
    192894.0,
    1175749.0
  ],
  "cv": 0.7015307760518505,
  "max_mean_ratio": 1.9179097358121096,
  "aux_loss": 0.0,
  "aux_loss_alpha": 0.0
}