{
  "experiment": "Exp-1",
  "epoch": 0,
  "step": 24600,
  "expert_load": [
    309352.0,
    1569589.0,
    211969.0,
    1179490.0
  ],
  "cv": 0.7030270761986215,
  "max_mean_ratio": 1.9197517123287435,
  "aux_loss": 0.0,
  "aux_loss_alpha": 0.0
}