{
  "experiment": "Exp-1",
  "epoch": 1,
  "step": 37700,
  "expert_load": [
    342265.0,
    1566636.0,
    191693.0,
    1169806.0
  ],
  "cv": 0.6980220309442184,
  "max_mean_ratio": 1.91613992172209,
  "aux_loss": 0.0,
  "aux_loss_alpha": 0.0
}