{
  "experiment": "Exp-1",
  "epoch": 0,
  "step": 18800,
  "expert_load": [
    320574.0,
    1570930.0,
    224628.0,
    1154268.0
  ],
  "cv": 0.691750703277878,
  "max_mean_ratio": 1.9213918786692523,
  "aux_loss": 0.0,
  "aux_loss_alpha": 0.0
}