{
  "experiment": "Exp-1",
  "epoch": 0,
  "step": 37600,
  "expert_load": [
    326692.0,
    1560620.0,
    209804.0,
    1173284.0
  ],
  "cv": 0.6943125458659406,
  "max_mean_ratio": 1.9087818003913661,
  "aux_loss": 0.0,
  "aux_loss_alpha": 0.0
}