{
  "experiment": "Exp-1",
  "epoch": 1,
  "step": 6100,
  "expert_load": [
    340399.0,
    1564117.0,
    201571.0,
    1164313.0
  ],
  "cv": 0.6931571061643751,
  "max_mean_ratio": 1.9130589530332447,
  "aux_loss": 0.0,
  "aux_loss_alpha": 0.0
}