{
  "experiment": "Exp-1",
  "epoch": 1,
  "step": 19900,
  "expert_load": [
    341588.0,
    1563134.0,
    194500.0,
    1171178.0
  ],
  "cv": 0.6961100324119288,
  "max_mean_ratio": 1.9118566536203287,
  "aux_loss": 0.0,
  "aux_loss_alpha": 0.0
}