{
  "experiment": "Exp-1",
  "epoch": 1,
  "step": 15000,
  "expert_load": [
    336492.0,
    1564448.0,
    200003.0,
    1169457.0
  ],
  "cv": 0.6957867539138858,
  "max_mean_ratio": 1.9134637964774717,
  "aux_loss": 0.0,
  "aux_loss_alpha": 0.0
}