{
  "experiment": "Exp-1",
  "epoch": 1,
  "step": 20900,
  "expert_load": [
    342052.0,
    1562082.0,
    193983.0,
    1172283.0
  ],
  "cv": 0.6959537059686803,
  "max_mean_ratio": 1.9105699608610334,
  "aux_loss": 0.0,
  "aux_loss_alpha": 0.0
}