{
  "experiment": "Exp-1",
  "epoch": 1,
  "step": 34100,
  "expert_load": [
    336804.0,
    1566403.0,
    193641.0,
    1173552.0
  ],
  "cv": 0.6993844025195609,
  "max_mean_ratio": 1.9158549412915618,
  "aux_loss": 0.0,
  "aux_loss_alpha": 0.0
}