{
  "experiment": "Exp-1",
  "epoch": 1,
  "step": 22600,
  "expert_load": [
    330339.0,
    1563241.0,
    200002.0,
    1176818.0
  ],
  "cv": 0.6983064762720071,
  "max_mean_ratio": 1.911987524461816,
  "aux_loss": 0.0,
  "aux_loss_alpha": 0.0
}