{
  "experiment": "Exp-1",
  "epoch": 0,
  "step": 19100,
  "expert_load": [
    303882.0,
    1568909.0,
    212861.0,
    1184748.0
  ],
  "cv": 0.7049717924412829,
  "max_mean_ratio": 1.9189200097847123,
  "aux_loss": 0.0,
  "aux_loss_alpha": 0.0
}