{
  "experiment": "Exp-1",
  "epoch": 1,
  "step": 9400,
  "expert_load": [
    341862.0,
    1558422.0,
    202662.0,
    1167454.0
  ],
  "cv": 0.690719560298426,
  "max_mean_ratio": 1.9060934442269826,
  "aux_loss": 0.0,
  "aux_loss_alpha": 0.0
}