{
  "experiment": "Exp-1",
  "epoch": 0,
  "step": 27200,
  "expert_load": [
    315681.0,
    1565122.0,
    220967.0,
    1168630.0
  ],
  "cv": 0.6945570878179954,
  "max_mean_ratio": 1.9142881604696438,
  "aux_loss": 0.0,
  "aux_loss_alpha": 0.0
}