{
  "experiment": "Exp-1",
  "epoch": 0,
  "step": 30000,
  "expert_load": [
    348585.0,
    1540479.0,
    211099.0,
    1170237.0
  ],
  "cv": 0.6795388943248449,
  "max_mean_ratio": 1.8841475048923448,
  "aux_loss": 0.0,
  "aux_loss_alpha": 0.0
}