{
  "experiment": "Exp-1",
  "epoch": 1,
  "step": 29500,
  "expert_load": [
    336593.0,
    1566673.0,
    196401.0,
    1170733.0
  ],
  "cv": 0.6980923587328681,
  "max_mean_ratio": 1.916185176125221,
  "aux_loss": 0.0,
  "aux_loss_alpha": 0.0
}