{
  "experiment": "Exp-1",
  "epoch": 1,
  "step": 39700,
  "expert_load": [
    341345.0,
    1566903.0,
    196551.0,
    1165601.0
  ],
  "cv": 0.6959491193737684,
  "max_mean_ratio": 1.91646648727982,
  "aux_loss": 0.0,
  "aux_loss_alpha": 0.0
}