{
  "experiment": "Exp-1",
  "epoch": 1,
  "step": 6900,
  "expert_load": [
    333063.0,
    1559065.0,
    198533.0,
    1179739.0
  ],
  "cv": 0.6969840845156471,
  "max_mean_ratio": 1.9068798923678827,
  "aux_loss": 0.0,
  "aux_loss_alpha": 0.0
}