{
  "experiment": "Exp-1",
  "epoch": 1,
  "step": 4200,
  "expert_load": [
    336965.0,
    1560439.0,
    204132.0,
    1168864.0
  ],
  "cv": 0.6925739206213223,
  "max_mean_ratio": 1.9085604207436166,
  "aux_loss": 0.0,
  "aux_loss_alpha": 0.0
}