{
  "experiment": "Exp-1",
  "epoch": 0,
  "step": 18500,
  "expert_load": [
    309308.0,
    1569000.0,
    216412.0,
    1175680.0
  ],
  "cv": 0.7006435757093847,
  "max_mean_ratio": 1.9190313111545754,
  "aux_loss": 0.0,
  "aux_loss_alpha": 0.0
}