{
  "experiment": "Exp-1",
  "epoch": 0,
  "step": 34300,
  "expert_load": [
    321423.0,
    1565634.0,
    206137.0,
    1177206.0
  ],
  "cv": 0.6996657901174083,
  "max_mean_ratio": 1.9149143835616205,
  "aux_loss": 0.0,
  "aux_loss_alpha": 0.0
}