{
  "experiment": "Exp-1",
  "epoch": 0,
  "step": 8000,
  "expert_load": [
    298225.0,
    1571138.0,
    235829.0,
    1165208.0
  ],
  "cv": 0.6964267367905981,
  "max_mean_ratio": 1.921646281800368,
  "aux_loss": 0.0,
  "aux_loss_alpha": 0.0
}