{
  "experiment": "Exp-1",
  "epoch": 1,
  "step": 10900,
  "expert_load": [
    344688.0,
    1559052.0,
    202240.0,
    1164420.0
  ],
  "cv": 0.6898143193493066,
  "max_mean_ratio": 1.906863992172188,
  "aux_loss": 0.0,
  "aux_loss_alpha": 0.0
}