{
  "experiment": "Exp-1",
  "epoch": 0,
  "step": 8800,
  "expert_load": [
    300130.0,
    1573490.0,
    239566.0,
    1157214.0
  ],
  "cv": 0.6942072835127117,
  "max_mean_ratio": 1.9245229941291349,
  "aux_loss": 0.0,
  "aux_loss_alpha": 0.0
}