{
  "experiment": "Exp-1",
  "epoch": 1,
  "step": 15100,
  "expert_load": [
    339884.0,
    1565004.0,
    194139.0,
    1171373.0
  ],
  "cv": 0.6974531402886411,
  "max_mean_ratio": 1.9141438356164149,
  "aux_loss": 0.0,
  "aux_loss_alpha": 0.0
}