{
  "experiment": "Exp-1",
  "epoch": 0,
  "step": 8200,
  "expert_load": [
    299977.0,
    1571895.0,
    238874.0,
    1159654.0
  ],
  "cv": 0.694264768835608,
  "max_mean_ratio": 1.922572162426591,
  "aux_loss": 0.0,
  "aux_loss_alpha": 0.0
}