{
  "experiment": "Exp-1",
  "epoch": 0,
  "step": 8900,
  "expert_load": [
    308687.0,
    1571861.0,
    232412.0,
    1157440.0
  ],
  "cv": 0.6934614267367821,
  "max_mean_ratio": 1.9225305772993895,
  "aux_loss": 0.0,
  "aux_loss_alpha": 0.0
}