{
  "experiment": "Exp-1",
  "epoch": 1,
  "step": 26200,
  "expert_load": [
    341194.0,
    1565648.0,
    196975.0,
    1166583.0
  ],
  "cv": 0.6955251651174084,
  "max_mean_ratio": 1.9149315068492916,
  "aux_loss": 0.0,
  "aux_loss_alpha": 0.0
}