{
  "experiment": "Exp-1",
  "epoch": 0,
  "step": 11300,
  "expert_load": [
    302359.0,
    1570834.0,
    226860.0,
    1170347.0
  ],
  "cv": 0.6989408787915765,
  "max_mean_ratio": 1.9212744618395068,
  "aux_loss": 0.0,
  "aux_loss_alpha": 0.0
}