{
  "experiment": "Exp-1",
  "epoch": 0,
  "step": 38100,
  "expert_load": [
    333282.0,
    1559819.0,
    206712.0,
    1170587.0
  ],
  "cv": 0.6927596012720072,
  "max_mean_ratio": 1.9078021037181763,
  "aux_loss": 0.0,
  "aux_loss_alpha": 0.0
}