{
  "experiment": "Exp-1",
  "epoch": 1,
  "step": 13200,
  "expert_load": [
    362746.0,
    1538681.0,
    200170.0,
    1168803.0
  ],
  "cv": 0.6786268499266062,
  "max_mean_ratio": 1.881948385518568,
  "aux_loss": 0.0,
  "aux_loss_alpha": 0.0
}