{
  "experiment": "Exp-1",
  "epoch": 1,
  "step": 17900,
  "expert_load": [
    333593.0,
    1565862.0,
    194244.0,
    1176701.0
  ],
  "cv": 0.7003963582436313,
  "max_mean_ratio": 1.9151932485322662,
  "aux_loss": 0.0,
  "aux_loss_alpha": 0.0
}