{
  "experiment": "Exp-1",
  "epoch": 0,
  "step": 3400,
  "expert_load": [
    282308.0,
    1560500.0,
    262260.0,
    1165332.0
  ],
  "cv": 0.6885687530577215,
  "max_mean_ratio": 1.908635029354184,
  "aux_loss": 0.0,
  "aux_loss_alpha": 0.0
}