{
  "experiment": "Exp-1",
  "epoch": 1,
  "step": 15300,
  "expert_load": [
    334858.0,
    1565775.0,
    199087.0,
    1170680.0
  ],
  "cv": 0.697277626590011,
  "max_mean_ratio": 1.9150868395303093,
  "aux_loss": 0.0,
  "aux_loss_alpha": 0.0
}