{
  "experiment": "Exp-1",
  "epoch": 0,
  "step": 39400,
  "expert_load": [
    331781.0,
    1560321.0,
    204017.0,
    1174281.0
  ],
  "cv": 0.6949487830234748,
  "max_mean_ratio": 1.9084160958903875,
  "aux_loss": 0.0,
  "aux_loss_alpha": 0.0
}