{
  "experiment": "Exp-1",
  "epoch": 0,
  "step": 9500,
  "expert_load": [
    305059.0,
    1572501.0,
    228811.0,
    1164029.0
  ],
  "cv": 0.6970710769324768,
  "max_mean_ratio": 1.92331335616436,
  "aux_loss": 0.0,
  "aux_loss_alpha": 0.0
}