{
  "experiment": "Exp-1",
  "epoch": 1,
  "step": 33000,
  "expert_load": [
    339670.0,
    1548879.0,
    214251.0,
    1167600.0
  ],
  "cv": 0.683651541095882,
  "max_mean_ratio": 1.8944214774950845,
  "aux_loss": 0.0,
  "aux_loss_alpha": 0.0
}