{
  "experiment": "Exp-1",
  "epoch": 1,
  "step": 10800,
  "expert_load": [
    345362.0,
    1554110.0,
    194808.0,
    1176120.0
  ],
  "cv": 0.6923883928571344,
  "max_mean_ratio": 1.9008194716242428,
  "aux_loss": 0.0,
  "aux_loss_alpha": 0.0
}