{
  "experiment": "Exp-1",
  "epoch": 0,
  "step": 2400,
  "expert_load": [
    266015.0,
    1564055.0,
    286643.0,
    1153687.0
  ],
  "cv": 0.6854530026907939,
  "max_mean_ratio": 1.9129831213307007,
  "aux_loss": 0.0,
  "aux_loss_alpha": 0.0
}