{
  "experiment": "Exp-1",
  "epoch": 0,
  "step": 27100,
  "expert_load": [
    321511.0,
    1564525.0,
    210888.0,
    1173476.0
  ],
  "cv": 0.6969339377446099,
  "max_mean_ratio": 1.9135579745596634,
  "aux_loss": 0.0,
  "aux_loss_alpha": 0.0
}