{
  "experiment": "Exp-1",
  "epoch": 1,
  "step": 7500,
  "expert_load": [
    331472.0,
    1563809.0,
    196618.0,
    1178501.0
  ],
  "cv": 0.6996836013943163,
  "max_mean_ratio": 1.9126822407044775,
  "aux_loss": 0.0,
  "aux_loss_alpha": 0.0
}