{
  "experiment": "Exp-1",
  "epoch": 0,
  "step": 17000,
  "expert_load": [
    311210.0,
    1567274.0,
    225357.0,
    1166559.0
  ],
  "cv": 0.6948427562377606,
  "max_mean_ratio": 1.9169202544031076,
  "aux_loss": 0.0,
  "aux_loss_alpha": 0.0
}