{
  "experiment": "Exp-1",
  "epoch": 0,
  "step": 35000,
  "expert_load": [
    324991.0,
    1563425.0,
    205035.0,
    1176949.0
  ],
  "cv": 0.6981504556017527,
  "max_mean_ratio": 1.912212573385495,
  "aux_loss": 0.0,
  "aux_loss_alpha": 0.0
}