{
  "experiment": "Exp-1",
  "epoch": 1,
  "step": 27100,
  "expert_load": [
    339463.0,
    1566753.0,
    192135.0,
    1172049.0
  ],
  "cv": 0.6990604360322811,
  "max_mean_ratio": 1.9162830234833426,
  "aux_loss": 0.0,
  "aux_loss_alpha": 0.0
}