{
  "experiment": "Exp-1",
  "epoch": 0,
  "step": 1700,
  "expert_load": [
    263405.0,
    1554487.0,
    287961.0,
    1164547.0
  ],
  "cv": 0.6840092190557646,
  "max_mean_ratio": 1.9012805772993897,
  "aux_loss": 0.0,
  "aux_loss_alpha": 0.0
}