{
  "experiment": "Exp-1",
  "epoch": 1,
  "step": 42400,
  "expert_load": [
    345548.0,
    1557020.0,
    202117.0,
    1165715.0
  ],
  "cv": 0.6890629586594827,
  "max_mean_ratio": 1.9043786692759062,
  "aux_loss": 0.0,
  "aux_loss_alpha": 0.0
}