{
  "experiment": "Exp-1",
  "epoch": 1,
  "step": 38200,
  "expert_load": [
    338415.0,
    1565171.0,
    197586.0,
    1169228.0
  ],
  "cv": 0.6963412732387391,
  "max_mean_ratio": 1.9143480919764932,
  "aux_loss": 0.0,
  "aux_loss_alpha": 0.0
}