{
  "experiment": "Exp-1",
  "epoch": 1,
  "step": 12800,
  "expert_load": [
    334158.0,
    1563749.0,
    233836.0,
    1138657.0
  ],
  "cv": 0.679425299657526,
  "max_mean_ratio": 1.9126088551858866,
  "aux_loss": 0.0,
  "aux_loss_alpha": 0.0
}