{
  "experiment": "Exp-1",
  "epoch": 0,
  "step": 43700,
  "expert_load": [
    334882.0,
    1560958.0,
    202436.0,
    1172124.0
  ],
  "cv": 0.6945051064089934,
  "max_mean_ratio": 1.9091952054794288,
  "aux_loss": 0.0,
  "aux_loss_alpha": 0.0
}