{
  "experiment": "Exp-1",
  "epoch": 1,
  "step": 9700,
  "expert_load": [
    338475.0,
    1559502.0,
    205003.0,
    1167420.0
  ],
  "cv": 0.691244037426606,
  "max_mean_ratio": 1.9074143835616204,
  "aux_loss": 0.0,
  "aux_loss_alpha": 0.0
}