{
  "experiment": "Exp-1",
  "epoch": 0,
  "step": 8500,
  "expert_load": [
    305234.0,
    1568366.0,
    237237.0,
    1159563.0
  ],
  "cv": 0.6918659796966647,
  "max_mean_ratio": 1.9182558708414639,
  "aux_loss": 0.0,
  "aux_loss_alpha": 0.0
}