{
  "experiment": "Exp-1",
  "epoch": 1,
  "step": 36800,
  "expert_load": [
    340316.0,
    1565039.0,
    195266.0,
    1169779.0
  ],
  "cv": 0.6966780821917723,
  "max_mean_ratio": 1.914186643835593,
  "aux_loss": 0.0,
  "aux_loss_alpha": 0.0
}