{
  "experiment": "Exp-1",
  "epoch": 0,
  "step": 30100,
  "expert_load": [
    329437.0,
    1559887.0,
    207218.0,
    1173858.0
  ],
  "cv": 0.6942539138943163,
  "max_mean_ratio": 1.9078852739725793,
  "aux_loss": 0.0,
  "aux_loss_alpha": 0.0
}