{
  "experiment": "Exp-1",
  "epoch": 1,
  "step": 27300,
  "expert_load": [
    332099.0,
    1566358.0,
    191151.0,
    1180792.0
  ],
  "cv": 0.7027982051125159,
  "max_mean_ratio": 1.9157999021526184,
  "aux_loss": 0.0,
  "aux_loss_alpha": 0.0
}