{
  "experiment": "Exp-1",
  "epoch": 0,
  "step": 43600,
  "expert_load": [
    332485.0,
    1560231.0,
    208676.0,
    1169008.0
  ],
  "cv": 0.6921862004647664,
  "max_mean_ratio": 1.908306017612501,
  "aux_loss": 0.0,
  "aux_loss_alpha": 0.0
}