{
  "experiment": "Exp-1",
  "epoch": 1,
  "step": 10700,
  "expert_load": [
    351719.0,
    1554066.0,
    196187.0,
    1168428.0
  ],
  "cv": 0.6888140594422616,
  "max_mean_ratio": 1.900765655577276,
  "aux_loss": 0.0,
  "aux_loss_alpha": 0.0
}