{
  "experiment": "Exp-1",
  "epoch": 0,
  "step": 33000,
  "expert_load": [
    322311.0,
    1567809.0,
    209626.0,
    1170654.0
  ],
  "cv": 0.6979141695205394,
  "max_mean_ratio": 1.917574608610544,
  "aux_loss": 0.0,
  "aux_loss_alpha": 0.0
}