{
  "experiment": "Exp-1",
  "epoch": 1,
  "step": 27700,
  "expert_load": [
    337155.0,
    1566775.0,
    193622.0,
    1172848.0
  ],
  "cv": 0.6993156800391304,
  "max_mean_ratio": 1.916309931506826,
  "aux_loss": 0.0,
  "aux_loss_alpha": 0.0
}