{
  "experiment": "Exp-1",
  "epoch": 0,
  "step": 19200,
  "expert_load": [
    314620.0,
    1572185.0,
    216372.0,
    1167223.0
  ],
  "cv": 0.6989033451565472,
  "max_mean_ratio": 1.9229268590997808,
  "aux_loss": 0.0,
  "aux_loss_alpha": 0.0
}