{
  "experiment": "Exp-1",
  "epoch": 0,
  "step": 27300,
  "expert_load": [
    327656.0,
    1560307.0,
    213637.0,
    1168800.0
  ],
  "cv": 0.6918235536937293,
  "max_mean_ratio": 1.9083989726027164,
  "aux_loss": 0.0,
  "aux_loss_alpha": 0.0
}