{
  "experiment": "Exp-1",
  "epoch": 0,
  "step": 14800,
  "expert_load": [
    307897.0,
    1570995.0,
    223764.0,
    1167744.0
  ],
  "cv": 0.6979782289628095,
  "max_mean_ratio": 1.921471379647726,
  "aux_loss": 0.0,
  "aux_loss_alpha": 0.0
}