{
  "experiment": "Exp-1",
  "epoch": 0,
  "step": 19000,
  "expert_load": [
    307721.0,
    1571616.0,
    218001.0,
    1173062.0
  ],
  "cv": 0.7011179060665276,
  "max_mean_ratio": 1.9222309197651428,
  "aux_loss": 0.0,
  "aux_loss_alpha": 0.0
}