{
  "experiment": "Exp-1",
  "epoch": 1,
  "step": 24900,
  "expert_load": [
    344187.0,
    1565618.0,
    192931.0,
    1167664.0
  ],
  "cv": 0.6963054977984259,
  "max_mean_ratio": 1.9148948140899962,
  "aux_loss": 0.0,
  "aux_loss_alpha": 0.0
}