{
  "experiment": "Exp-1",
  "epoch": 1,
  "step": 13700,
  "expert_load": [
    380954.0,
    1523336.0,
    195862.0,
    1170248.0
  ],
  "cv": 0.6698150837817922,
  "max_mean_ratio": 1.8631800391389204,
  "aux_loss": 0.0,
  "aux_loss_alpha": 0.0
}