{
  "experiment": "Exp-1",
  "epoch": 1,
  "step": 38800,
  "expert_load": [
    340554.0,
    1567525.0,
    195552.0,
    1166769.0
  ],
  "cv": 0.6969540423189738,
  "max_mean_ratio": 1.9172272504892134,
  "aux_loss": 0.0,
  "aux_loss_alpha": 0.0
}