{
  "experiment": "Exp-1",
  "epoch": 1,
  "step": 33200,
  "expert_load": [
    338747.0,
    1565676.0,
    194773.0,
    1171204.0
  ],
  "cv": 0.6977702268835531,
  "max_mean_ratio": 1.914965753424634,
  "aux_loss": 0.0,
  "aux_loss_alpha": 0.0
}