{
  "experiment": "Exp-1",
  "epoch": 0,
  "step": 12600,
  "expert_load": [
    297222.0,
    1569111.0,
    224877.0,
    1179190.0
  ],
  "cv": 0.701981791218191,
  "max_mean_ratio": 1.9191670743639686,
  "aux_loss": 0.0,
  "aux_loss_alpha": 0.0
}