{
  "experiment": "Exp-1",
  "epoch": 0,
  "step": 34700,
  "expert_load": [
    329319.0,
    1565849.0,
    207359.0,
    1167873.0
  ],
  "cv": 0.6954921416340424,
  "max_mean_ratio": 1.9151773483365715,
  "aux_loss": 0.0,
  "aux_loss_alpha": 0.0
}