{
  "experiment": "Exp-1",
  "epoch": 1,
  "step": 1200,
  "expert_load": [
    337928.0,
    1559279.0,
    199144.0,
    1174049.0
  ],
  "cv": 0.694506482387467,
  "max_mean_ratio": 1.9071416340508573,
  "aux_loss": 0.0,
  "aux_loss_alpha": 0.0
}