{
  "experiment": "Exp-1",
  "epoch": 1,
  "step": 4500,
  "expert_load": [
    335439.0,
    1559518.0,
    201090.0,
    1174353.0
  ],
  "cv": 0.6946577635763125,
  "max_mean_ratio": 1.9074339530332447,
  "aux_loss": 0.0,
  "aux_loss_alpha": 0.0
}