{
  "experiment": "Exp-1",
  "epoch": 1,
  "step": 21300,
  "expert_load": [
    335282.0,
    1563980.0,
    191130.0,
    1180008.0
  ],
  "cv": 0.700885595034238,
  "max_mean_ratio": 1.912891389432462,
  "aux_loss": 0.0,
  "aux_loss_alpha": 0.0
}