{
  "experiment": "Exp-1",
  "epoch": 0,
  "step": 6300,
  "expert_load": [
    298163.0,
    1567642.0,
    243962.0,
    1160633.0
  ],
  "cv": 0.6916446764921638,
  "max_mean_ratio": 1.9173703522504657,
  "aux_loss": 0.0,
  "aux_loss_alpha": 0.0
}