{
  "experiment": "Exp-1",
  "epoch": 0,
  "step": 25500,
  "expert_load": [
    396073.0,
    1566690.0,
    212637.0,
    1095000.0
  ],
  "cv": 0.6648019355430447,
  "max_mean_ratio": 1.916205968688822,
  "aux_loss": 0.0,
  "aux_loss_alpha": 0.0
}