{
  "experiment": "Exp-1",
  "epoch": 0,
  "step": 43300,
  "expert_load": [
    342068.0,
    1555687.0,
    201782.0,
    1170863.0
  ],
  "cv": 0.6905135457436314,
  "max_mean_ratio": 1.9027482876712096,
  "aux_loss": 0.0,
  "aux_loss_alpha": 0.0
}