{
  "experiment": "Exp-1",
  "epoch": 0,
  "step": 6600,
  "expert_load": [
    298524.0,
    1569027.0,
    241338.0,
    1161511.0
  ],
  "cv": 0.6930829562132987,
  "max_mean_ratio": 1.9190643346379412,
  "aux_loss": 0.0,
  "aux_loss_alpha": 0.0
}