{
  "experiment": "Exp-1",
  "epoch": 1,
  "step": 14500,
  "expert_load": [
    337495.0,
    1563908.0,
    201573.0,
    1167424.0
  ],
  "cv": 0.6944057301859015,
  "max_mean_ratio": 1.9128033268101527,
  "aux_loss": 0.0,
  "aux_loss_alpha": 0.0
}