{
  "experiment": "Exp-1",
  "epoch": 1,
  "step": 34500,
  "expert_load": [
    336053.0,
    1565192.0,
    199615.0,
    1169540.0
  ],
  "cv": 0.6963434900929465,
  "max_mean_ratio": 1.914373776908,
  "aux_loss": 0.0,
  "aux_loss_alpha": 0.0
}