{
  "experiment": "Exp-1",
  "epoch": 1,
  "step": 25500,
  "expert_load": [
    337934.0,
    1564387.0,
    198011.0,
    1170068.0
  ],
  "cv": 0.6961678235078193,
  "max_mean_ratio": 1.9133891878669043,
  "aux_loss": 0.0,
  "aux_loss_alpha": 0.0
}