{
  "experiment": "Exp-1",
  "epoch": 1,
  "step": 16700,
  "expert_load": [
    341411.0,
    1560901.0,
    199731.0,
    1168357.0
  ],
  "cv": 0.6929776938600698,
  "max_mean_ratio": 1.9091254892367673,
  "aux_loss": 0.0,
  "aux_loss_alpha": 0.0
}