{
  "experiment": "Exp-1",
  "epoch": 0,
  "step": 5600,
  "expert_load": [
    293570.0,
    1568504.0,
    246357.0,
    1161969.0
  ],
  "cv": 0.6927962940313027,
  "max_mean_ratio": 1.918424657534223,
  "aux_loss": 0.0,
  "aux_loss_alpha": 0.0
}