{
  "experiment": "Exp-1",
  "epoch": 1,
  "step": 26500,
  "expert_load": [
    336972.0,
    1564503.0,
    197517.0,
    1171408.0
  ],
  "cv": 0.6968808096868799,
  "max_mean_ratio": 1.91353106653618,
  "aux_loss": 0.0,
  "aux_loss_alpha": 0.0
}