{
  "experiment": "Exp-1",
  "epoch": 0,
  "step": 40400,
  "expert_load": [
    338475.0,
    1555947.0,
    205511.0,
    1170467.0
  ],
  "cv": 0.6902306292808135,
  "max_mean_ratio": 1.903066291585104,
  "aux_loss": 0.0,
  "aux_loss_alpha": 0.0
}