{
  "experiment": "Exp-1",
  "epoch": 1,
  "step": 24300,
  "expert_load": [
    338023.0,
    1566159.0,
    195658.0,
    1170560.0
  ],
  "cv": 0.6977327696917722,
  "max_mean_ratio": 1.9155565068492917,
  "aux_loss": 0.0,
  "aux_loss_alpha": 0.0
}