{
  "experiment": "Exp-1",
  "epoch": 0,
  "step": 6000,
  "expert_load": [
    296989.0,
    1574685.0,
    238627.0,
    1160099.0
  ],
  "cv": 0.6963918786692674,
  "max_mean_ratio": 1.9259845890410723,
  "aux_loss": 0.0,
  "aux_loss_alpha": 0.0
}