{
  "experiment": "Exp-1",
  "epoch": 1,
  "step": 16200,
  "expert_load": [
    337118.0,
    1564916.0,
    199310.0,
    1169056.0
  ],
  "cv": 0.695967312866919,
  "max_mean_ratio": 1.9140362035224814,
  "aux_loss": 0.0,
  "aux_loss_alpha": 0.0
}