{
  "experiment": "Exp-1",
  "epoch": 1,
  "step": 18900,
  "expert_load": [
    339228.0,
    1568246.0,
    197604.0,
    1165322.0
  ],
  "cv": 0.6966297700586999,
  "max_mean_ratio": 1.9181090998042818,
  "aux_loss": 0.0,
  "aux_loss_alpha": 0.0
}