{
  "experiment": "Exp-1",
  "epoch": 0,
  "step": 36600,
  "expert_load": [
    350344.0,
    1543380.0,
    206286.0,
    1170390.0
  ],
  "cv": 0.6818807332436315,
  "max_mean_ratio": 1.8876956947162196,
  "aux_loss": 0.0,
  "aux_loss_alpha": 0.0
}