{
  "experiment": "Exp-1",
  "epoch": 0,
  "step": 3300,
  "expert_load": [
    288975.0,
    1565923.0,
    268886.0,
    1146616.0
  ],
  "cv": 0.6833928571428488,
  "max_mean_ratio": 1.9152678571428337,
  "aux_loss": 0.0,
  "aux_loss_alpha": 0.0
}