{
  "experiment": "Exp-1",
  "epoch": 0,
  "step": 28200,
  "expert_load": [
    314255.0,
    1566330.0,
    211074.0,
    1178741.0
  ],
  "cv": 0.7005470278864885,
  "max_mean_ratio": 1.915765655577276,
  "aux_loss": 0.0,
  "aux_loss_alpha": 0.0
}