{
  "experiment": "Exp-1",
  "epoch": 1,
  "step": 21000,
  "expert_load": [
    337516.0,
    1565382.0,
    193077.0,
    1174425.0
  ],
  "cv": 0.6991475813356078,
  "max_mean_ratio": 1.9146061643835381,
  "aux_loss": 0.0,
  "aux_loss_alpha": 0.0
}