{
  "experiment": "Exp-1",
  "epoch": 1,
  "step": 32700,
  "expert_load": [
    338979.0,
    1558289.0,
    209701.0,
    1163431.0
  ],
  "cv": 0.6883190129647665,
  "max_mean_ratio": 1.9059307729941057,
  "aux_loss": 0.0,
  "aux_loss_alpha": 0.0
}