{
  "experiment": "Exp-1",
  "epoch": 0,
  "step": 26700,
  "expert_load": [
    309163.0,
    1571158.0,
    211933.0,
    1178146.0
  ],
  "cv": 0.7034596685420658,
  "max_mean_ratio": 1.921670743639898,
  "aux_loss": 0.0,
  "aux_loss_alpha": 0.0
}