{
  "experiment": "Exp-1",
  "epoch": 0,
  "step": 7200,
  "expert_load": [
    297852.0,
    1571427.0,
    235187.0,
    1165934.0
  ],
  "cv": 0.69698393162915,
  "max_mean_ratio": 1.921999755381581,
  "aux_loss": 0.0,
  "aux_loss_alpha": 0.0
}