{
  "experiment": "Exp-1",
  "epoch": 1,
  "step": 41500,
  "expert_load": [
    344046.0,
    1565497.0,
    194501.0,
    1166356.0
  ],
  "cv": 0.6955206549657449,
  "max_mean_ratio": 1.9147468199608375,
  "aux_loss": 0.0,
  "aux_loss_alpha": 0.0
}