{
  "experiment": "Exp-1",
  "epoch": 1,
  "step": 3000,
  "expert_load": [
    337719.0,
    1562719.0,
    195869.0,
    1174093.0
  ],
  "cv": 0.6970349957191695,
  "max_mean_ratio": 1.9113490704500744,
  "aux_loss": 0.0,
  "aux_loss_alpha": 0.0
}