{
  "experiment": "Exp-1",
  "epoch": 1,
  "step": 18000,
  "expert_load": [
    339589.0,
    1566853.0,
    196672.0,
    1167286.0
  ],
  "cv": 0.6966543847847273,
  "max_mean_ratio": 1.9164053326809942,
  "aux_loss": 0.0,
  "aux_loss_alpha": 0.0
}