{
  "experiment": "Exp-1",
  "epoch": 1,
  "step": 42500,
  "expert_load": [
    339379.0,
    1565410.0,
    196900.0,
    1168711.0
  ],
  "cv": 0.6963204042318897,
  "max_mean_ratio": 1.9146404109588806,
  "aux_loss": 0.0,
  "aux_loss_alpha": 0.0
}