{
  "experiment": "Exp-1",
  "epoch": 0,
  "step": 20300,
  "expert_load": [
    310936.0,
    1567034.0,
    221237.0,
    1171193.0
  ],
  "cv": 0.6970112983121245,
  "max_mean_ratio": 1.9166267123287437,
  "aux_loss": 0.0,
  "aux_loss_alpha": 0.0
}