{
  "experiment": "Exp-1",
  "epoch": 1,
  "step": 35400,
  "expert_load": [
    342259.0,
    1566964.0,
    193102.0,
    1168075.0
  ],
  "cv": 0.6973571275684846,
  "max_mean_ratio": 1.9165410958903875,
  "aux_loss": 0.0,
  "aux_loss_alpha": 0.0
}