{
  "experiment": "Exp-1",
  "epoch": 1,
  "step": 40600,
  "expert_load": [
    340954.0,
    1565117.0,
    196039.0,
    1168290.0
  ],
  "cv": 0.6960066811399132,
  "max_mean_ratio": 1.9142820450097613,
  "aux_loss": 0.0,
  "aux_loss_alpha": 0.0
}