{
  "experiment": "Exp-1",
  "epoch": 1,
  "step": 10100,
  "expert_load": [
    350129.0,
    1545442.0,
    199209.0,
    1175620.0
  ],
  "cv": 0.6861504708904026,
  "max_mean_ratio": 1.8902177103717968,
  "aux_loss": 0.0,
  "aux_loss_alpha": 0.0
}