{
  "experiment": "Exp-1",
  "epoch": 1,
  "step": 32100,
  "expert_load": [
    340005.0,
    1565019.0,
    193584.0,
    1171792.0
  ],
  "cv": 0.6976933249755296,
  "max_mean_ratio": 1.9141621819960626,
  "aux_loss": 0.0,
  "aux_loss_alpha": 0.0
}