{
  "experiment": "Exp-1",
  "epoch": 1,
  "step": 24800,
  "expert_load": [
    340938.0,
    1564531.0,
    198124.0,
    1166807.0
  ],
  "cv": 0.6948004066780736,
  "max_mean_ratio": 1.9135653131115224,
  "aux_loss": 0.0,
  "aux_loss_alpha": 0.0
}