{
  "experiment": "Exp-1",
  "epoch": 0,
  "step": 14000,
  "expert_load": [
    310564.0,
    1572731.0,
    221937.0,
    1165168.0
  ],
  "cv": 0.6980540606653535,
  "max_mean_ratio": 1.9235946673189588,
  "aux_loss": 0.0,
  "aux_loss_alpha": 0.0
}