{
  "experiment": "Exp-1",
  "epoch": 0,
  "step": 35900,
  "expert_load": [
    366199.0,
    1523308.0,
    197904.0,
    1182989.0
  ],
  "cv": 0.6752860506359996,
  "max_mean_ratio": 1.863145792563578,
  "aux_loss": 0.0,
  "aux_loss_alpha": 0.0
}