{
  "experiment": "Exp-1",
  "epoch": 0,
  "step": 13200,
  "expert_load": [
    307312.0,
    1568815.0,
    222183.0,
    1172090.0
  ],
  "cv": 0.698583200831694,
  "max_mean_ratio": 1.9188050391389198,
  "aux_loss": 0.0,
  "aux_loss_alpha": 0.0
}