{
  "experiment": "Exp-1",
  "epoch": 0,
  "step": 800,
  "expert_load": [
    247248.0,
    1544710.0,
    302101.0,
    1176341.0
  ],
  "cv": 0.6832982204011658,
  "max_mean_ratio": 1.8893224070449866,
  "aux_loss": 0.0,
  "aux_loss_alpha": 0.0
}