{
  "experiment": "Exp-1",
  "epoch": 0,
  "step": 14700,
  "expert_load": [
    297688.0,
    1570334.0,
    221941.0,
    1180437.0
  ],
  "cv": 0.703511114848328,
  "max_mean_ratio": 1.9206629158512485,
  "aux_loss": 0.0,
  "aux_loss_alpha": 0.0
}