{
  "experiment": "Exp-1",
  "epoch": 0,
  "step": 20900,
  "expert_load": [
    312407.0,
    1570797.0,
    218740.0,
    1168456.0
  ],
  "cv": 0.6984109741927508,
  "max_mean_ratio": 1.9212292074363757,
  "aux_loss": 0.0,
  "aux_loss_alpha": 0.0
}