{
  "experiment": "Exp-1",
  "epoch": 1,
  "step": 41600,
  "expert_load": [
    341002.0,
    1567123.0,
    193791.0,
    1168484.0
  ],
  "cv": 0.6975881390655492,
  "max_mean_ratio": 1.9167355675146536,
  "aux_loss": 0.0,
  "aux_loss_alpha": 0.0
}