{
  "experiment": "Exp-1",
  "epoch": 0,
  "step": 26500,
  "expert_load": [
    309763.0,
    1575560.0,
    203869.0,
    1181208.0
  ],
  "cv": 0.7082532717710285,
  "max_mean_ratio": 1.9270547945205243,
  "aux_loss": 0.0,
  "aux_loss_alpha": 0.0
}