{
  "experiment": "Exp-1",
  "epoch": 0,
  "step": 37200,
  "expert_load": [
    372534.0,
    1522263.0,
    203697.0,
    1171906.0
  ],
  "cv": 0.6690892551369781,
  "max_mean_ratio": 1.861867661448118,
  "aux_loss": 0.0,
  "aux_loss_alpha": 0.0
}