{
  "experiment": "Exp-1",
  "epoch": 0,
  "step": 26300,
  "expert_load": [
    310878.0,
    1567478.0,
    209797.0,
    1182247.0
  ],
  "cv": 0.7030055956457839,
  "max_mean_ratio": 1.917169765166317,
  "aux_loss": 0.0,
  "aux_loss_alpha": 0.0
}