{
  "experiment": "Exp-1",
  "epoch": 1,
  "step": 16600,
  "expert_load": [
    339268.0,
    1563198.0,
    195041.0,
    1172893.0
  ],
  "cv": 0.6968755351027311,
  "max_mean_ratio": 1.911934931506826,
  "aux_loss": 0.0,
  "aux_loss_alpha": 0.0
}