{
  "experiment": "Exp-1",
  "epoch": 0,
  "step": 39500,
  "expert_load": [
    331071.0,
    1560678.0,
    206589.0,
    1172062.0
  ],
  "cv": 0.6940044795743555,
  "max_mean_ratio": 1.908852739726004,
  "aux_loss": 0.0,
  "aux_loss_alpha": 0.0
}