{
  "experiment": "Exp-1",
  "epoch": 1,
  "step": 8300,
  "expert_load": [
    338370.0,
    1562527.0,
    194915.0,
    1174588.0
  ],
  "cv": 0.697203935298426,
  "max_mean_ratio": 1.9111142367905833,
  "aux_loss": 0.0,
  "aux_loss_alpha": 0.0
}