{
  "experiment": "Exp-1",
  "epoch": 0,
  "step": 24800,
  "expert_load": [
    313697.0,
    1570843.0,
    206576.0,
    1179284.0
  ],
  "cv": 0.7040642581947076,
  "max_mean_ratio": 1.9212854696672954,
  "aux_loss": 0.0,
  "aux_loss_alpha": 0.0
}