{
  "experiment": "Exp-1",
  "epoch": 0,
  "step": 32000,
  "expert_load": [
    318372.0,
    1568547.0,
    211683.0,
    1171798.0
  ],
  "cv": 0.6988077910958819,
  "max_mean_ratio": 1.9184772504892134,
  "aux_loss": 0.0,
  "aux_loss_alpha": 0.0
}