{
  "experiment": "Exp-1",
  "epoch": 1,
  "step": 27800,
  "expert_load": [
    341191.0,
    1565411.0,
    194237.0,
    1169561.0
  ],
  "cv": 0.6969061888453927,
  "max_mean_ratio": 1.9146416340508572,
  "aux_loss": 0.0,
  "aux_loss_alpha": 0.0
}