{
  "experiment": "Exp-1",
  "epoch": 0,
  "step": 30300,
  "expert_load": [
    326069.0,
    1559962.0,
    204472.0,
    1179897.0
  ],
  "cv": 0.6972399400684847,
  "max_mean_ratio": 1.907977005870818,
  "aux_loss": 0.0,
  "aux_loss_alpha": 0.0
}