{
  "experiment": "Exp-1",
  "epoch": 1,
  "step": 37600,
  "expert_load": [
    343660.0,
    1566333.0,
    189570.0,
    1170837.0
  ],
  "cv": 0.6984536295254318,
  "max_mean_ratio": 1.9157693248532055,
  "aux_loss": 0.0,
  "aux_loss_alpha": 0.0
}