{
  "experiment": "Exp-1",
  "epoch": 1,
  "step": 21800,
  "expert_load": [
    337717.0,
    1564416.0,
    195321.0,
    1172946.0
  ],
  "cv": 0.6976782656555688,
  "max_mean_ratio": 1.913424657534223,
  "aux_loss": 0.0,
  "aux_loss_alpha": 0.0
}