{
  "experiment": "Exp-1",
  "epoch": 0,
  "step": 11500,
  "expert_load": [
    302051.0,
    1567213.0,
    218891.0,
    1182245.0
  ],
  "cv": 0.7023809778620266,
  "max_mean_ratio": 1.91684564579254,
  "aux_loss": 0.0,
  "aux_loss_alpha": 0.0
}