{
  "experiment": "Exp-1",
  "epoch": 0,
  "step": 15300,
  "expert_load": [
    309656.0,
    1572552.0,
    221452.0,
    1166740.0
  ],
  "cv": 0.6986764615949034,
  "max_mean_ratio": 1.9233757338551623,
  "aux_loss": 0.0,
  "aux_loss_alpha": 0.0
}