{
  "experiment": "Exp-1",
  "epoch": 0,
  "step": 33300,
  "expert_load": [
    331452.0,
    1561996.0,
    205352.0,
    1171600.0
  ],
  "cv": 0.6947520181017528,
  "max_mean_ratio": 1.9104647749510528,
  "aux_loss": 0.0,
  "aux_loss_alpha": 0.0
}