{
  "experiment": "Exp-1",
  "epoch": 1,
  "step": 42900,
  "expert_load": [
    338081.0,
    1566034.0,
    197086.0,
    1169199.0
  ],
  "cv": 0.6969347786203437,
  "max_mean_ratio": 1.915403620352227,
  "aux_loss": 0.0,
  "aux_loss_alpha": 0.0
}