{
  "experiment": "Exp-1",
  "epoch": 0,
  "step": 29300,
  "expert_load": [
    325151.0,
    1561564.0,
    204954.0,
    1178731.0
  ],
  "cv": 0.6977359803082106,
  "max_mean_ratio": 1.9099363992171978,
  "aux_loss": 0.0,
  "aux_loss_alpha": 0.0
}