{
  "experiment": "Exp-1",
  "epoch": 1,
  "step": 24200,
  "expert_load": [
    337989.0,
    1566161.0,
    199967.0,
    1166283.0
  ],
  "cv": 0.695502996575334,
  "max_mean_ratio": 1.9155589530332446,
  "aux_loss": 0.0,
  "aux_loss_alpha": 0.0
}