{
  "experiment": "Exp-1",
  "epoch": 1,
  "step": 4800,
  "expert_load": [
    338647.0,
    1557222.0,
    201170.0,
    1173361.0
  ],
  "cv": 0.6926924840997958,
  "max_mean_ratio": 1.9046257338551627,
  "aux_loss": 0.0,
  "aux_loss_alpha": 0.0
}