{
  "experiment": "Exp-1",
  "epoch": 1,
  "step": 34700,
  "expert_load": [
    344676.0,
    1566019.0,
    196507.0,
    1163198.0
  ],
  "cv": 0.6943088001467626,
  "max_mean_ratio": 1.9153852739725792,
  "aux_loss": 0.0,
  "aux_loss_alpha": 0.0
}