{
  "experiment": "Exp-1",
  "epoch": 1,
  "step": 30900,
  "expert_load": [
    333940.0,
    1566380.0,
    196332.0,
    1173748.0
  ],
  "cv": 0.6992551369862928,
  "max_mean_ratio": 1.9158268101761018,
  "aux_loss": 0.0,
  "aux_loss_alpha": 0.0
}