{
  "experiment": "Exp-1",
  "epoch": 0,
  "step": 12700,
  "expert_load": [
    307483.0,
    1569781.0,
    227637.0,
    1165499.0
  ],
  "cv": 0.6959505717954905,
  "max_mean_ratio": 1.9199865459882348,
  "aux_loss": 0.0,
  "aux_loss_alpha": 0.0
}