{
  "experiment": "Exp-1",
  "epoch": 1,
  "step": 13000,
  "expert_load": [
    354868.0,
    1551363.0,
    201695.0,
    1162474.0
  ],
  "cv": 0.6839496697651579,
  "max_mean_ratio": 1.8974596379647517,
  "aux_loss": 0.0,
  "aux_loss_alpha": 0.0
}