{
  "experiment": "Exp-1",
  "epoch": 0,
  "step": 19500,
  "expert_load": [
    310101.0,
    1571641.0,
    220407.0,
    1168251.0
  ],
  "cv": 0.6988043511496979,
  "max_mean_ratio": 1.9222614970645557,
  "aux_loss": 0.0,
  "aux_loss_alpha": 0.0
}