{
  "experiment": "Exp-1",
  "epoch": 0,
  "step": 41400,
  "expert_load": [
    337446.0,
    1557332.0,
    207148.0,
    1168474.0
  ],
  "cv": 0.6901304886252362,
  "max_mean_ratio": 1.9047602739725795,
  "aux_loss": 0.0,
  "aux_loss_alpha": 0.0
}