{
  "experiment": "Exp-1",
  "epoch": 1,
  "step": 41900,
  "expert_load": [
    344477.0,
    1565512.0,
    192409.0,
    1168002.0
  ],
  "cv": 0.6964279598825747,
  "max_mean_ratio": 1.9147651663404854,
  "aux_loss": 0.0,
  "aux_loss_alpha": 0.0
}