{
  "experiment": "Exp-1",
  "epoch": 0,
  "step": 42300,
  "expert_load": [
    344185.0,
    1561123.0,
    195636.0,
    1169456.0
  ],
  "cv": 0.693933616682966,
  "max_mean_ratio": 1.909397015655554,
  "aux_loss": 0.0,
  "aux_loss_alpha": 0.0
}