{
  "experiment": "Exp-1",
  "epoch": 0,
  "step": 13400,
  "expert_load": [
    305575.0,
    1573116.0,
    222494.0,
    1169215.0
  ],
  "cv": 0.7001489114481323,
  "max_mean_ratio": 1.9240655577299177,
  "aux_loss": 0.0,
  "aux_loss_alpha": 0.0
}