{
  "experiment": "Exp-1",
  "epoch": 1,
  "step": 34000,
  "expert_load": [
    338675.0,
    1566980.0,
    198949.0,
    1165796.0
  ],
  "cv": 0.695903100538152,
  "max_mean_ratio": 1.9165606653620118,
  "aux_loss": 0.0,
  "aux_loss_alpha": 0.0
}