{
  "experiment": "Exp-1",
  "epoch": 0,
  "step": 35700,
  "expert_load": [
    462469.0,
    1434030.0,
    203571.0,
    1170330.0
  ],
  "cv": 0.613851478412419,
  "max_mean_ratio": 1.7539505870841272,
  "aux_loss": 0.0,
  "aux_loss_alpha": 0.0
}