{
  "experiment": "Exp-1",
  "epoch": 1,
  "step": 24600,
  "expert_load": [
    341013.0,
    1566521.0,
    196027.0,
    1166839.0
  ],
  "cv": 0.6962870749755297,
  "max_mean_ratio": 1.9159992661447907,
  "aux_loss": 0.0,
  "aux_loss_alpha": 0.0
}