{
  "experiment": "Exp-1",
  "epoch": 0,
  "step": 500,
  "expert_load": [
    239250.0,
    1547132.0,
    560733.0,
    923285.0
  ],
  "cv": 0.5941305727128108,
  "max_mean_ratio": 1.89228473581211,
  "aux_loss": 0.0,
  "aux_loss_alpha": 0.0
}