{
  "experiment": "Exp-1",
  "epoch": 1,
  "step": 26800,
  "expert_load": [
    333609.0,
    1564667.0,
    198003.0,
    1174121.0
  ],
  "cv": 0.698171324608602,
  "max_mean_ratio": 1.9137316536203288,
  "aux_loss": 0.0,
  "aux_loss_alpha": 0.0
}