{
  "experiment": "Exp-1",
  "epoch": 0,
  "step": 38300,
  "expert_load": [
    326198.0,
    1562757.0,
    204102.0,
    1177343.0
  ],
  "cv": 0.6979477281066451,
  "max_mean_ratio": 1.911395547945182,
  "aux_loss": 0.0,
  "aux_loss_alpha": 0.0
}