{
  "experiment": "Exp-1",
  "epoch": 0,
  "step": 20500,
  "expert_load": [
    314854.0,
    1572959.0,
    211690.0,
    1170897.0
  ],
  "cv": 0.7013518988502849,
  "max_mean_ratio": 1.9238735322896046,
  "aux_loss": 0.0,
  "aux_loss_alpha": 0.0
}