{
  "experiment": "Exp-1",
  "epoch": 0,
  "step": 32800,
  "expert_load": [
    328728.0,
    1559607.0,
    206832.0,
    1175233.0
  ],
  "cv": 0.6947197590508721,
  "max_mean_ratio": 1.9075428082191548,
  "aux_loss": 0.0,
  "aux_loss_alpha": 0.0
}