{
  "experiment": "Exp-1",
  "epoch": 0,
  "step": 11000,
  "expert_load": [
    340109.0,
    1572708.0,
    229405.0,
    1128178.0
  ],
  "cv": 0.68115842098825,
  "max_mean_ratio": 1.923566536203499,
  "aux_loss": 0.0,
  "aux_loss_alpha": 0.0
}