{
  "experiment": "Exp-1",
  "epoch": 0,
  "step": 25400,
  "expert_load": [
    389386.0,
    1561835.0,
    220305.0,
    1098874.0
  ],
  "cv": 0.6623721868884459,
  "max_mean_ratio": 1.9102678571428338,
  "aux_loss": 0.0,
  "aux_loss_alpha": 0.0
}