{
  "experiment": "Exp-1",
  "epoch": 0,
  "step": 2100,
  "expert_load": [
    269336.0,
    1557989.0,
    287651.0,
    1155424.0
  ],
  "cv": 0.6820150440313028,
  "max_mean_ratio": 1.9055638454011508,
  "aux_loss": 0.0,
  "aux_loss_alpha": 0.0
}