{
  "experiment": "Exp-1",
  "epoch": 1,
  "step": 3300,
  "expert_load": [
    352373.0,
    1547128.0,
    200537.0,
    1170362.0
  ],
  "cv": 0.6847827482876628,
  "max_mean_ratio": 1.8922798434442039,
  "aux_loss": 0.0,
  "aux_loss_alpha": 0.0
}