{
  "experiment": "Exp-1",
  "epoch": 0,
  "step": 1800,
  "expert_load": [
    269291.0,
    1553322.0,
    282221.0,
    1165566.0
  ],
  "cv": 0.6836309014187784,
  "max_mean_ratio": 1.8998556751467477,
  "aux_loss": 0.0,
  "aux_loss_alpha": 0.0
}