{
  "experiment": "Exp-1",
  "epoch": 1,
  "step": 7600,
  "expert_load": [
    339741.0,
    1560292.0,
    209441.0,
    1160926.0
  ],
  "cv": 0.6885450556506765,
  "max_mean_ratio": 1.9083806262230687,
  "aux_loss": 0.0,
  "aux_loss_alpha": 0.0
}