{
  "experiment": "Exp-1",
  "epoch": 1,
  "step": 3200,
  "expert_load": [
    341765.0,
    1558587.0,
    198138.0,
    1171910.0
  ],
  "cv": 0.6931677317759211,
  "max_mean_ratio": 1.9062952544031078,
  "aux_loss": 0.0,
  "aux_loss_alpha": 0.0
}