{
  "experiment": "Exp-1",
  "epoch": 0,
  "step": 18400,
  "expert_load": [
    307502.0,
    1573651.0,
    223831.0,
    1165416.0
  ],
  "cv": 0.6987031402886411,
  "max_mean_ratio": 1.9247199119373541,
  "aux_loss": 0.0,
  "aux_loss_alpha": 0.0
}