{
  "experiment": "Exp-1",
  "epoch": 0,
  "step": 16000,
  "expert_load": [
    314009.0,
    1569363.0,
    223128.0,
    1163900.0
  ],
  "cv": 0.6951403498042967,
  "max_mean_ratio": 1.919475293542051,
  "aux_loss": 0.0,
  "aux_loss_alpha": 0.0
}