{
  "experiment": "Exp-1",
  "epoch": 1,
  "step": 9800,
  "expert_load": [
    340566.0,
    1553428.0,
    210583.0,
    1165823.0
  ],
  "cv": 0.6861134723581129,
  "max_mean_ratio": 1.8999853228962584,
  "aux_loss": 0.0,
  "aux_loss_alpha": 0.0
}