{
  "experiment": "Exp-1",
  "epoch": 0,
  "step": 4200,
  "expert_load": [
    296455.0,
    1568706.0,
    246717.0,
    1158522.0
  ],
  "cv": 0.6913141358855102,
  "max_mean_ratio": 1.9186717221134795,
  "aux_loss": 0.0,
  "aux_loss_alpha": 0.0
}