{
  "experiment": "Exp-1",
  "epoch": 1,
  "step": 34900,
  "expert_load": [
    340655.0,
    1568183.0,
    195150.0,
    1166412.0
  ],
  "cv": 0.6972603504158428,
  "max_mean_ratio": 1.9180320450097612,
  "aux_loss": 0.0,
  "aux_loss_alpha": 0.0
}