{
  "experiment": "Exp-1",
  "epoch": 1,
  "step": 12000,
  "expert_load": [
    340431.0,
    1563566.0,
    228820.0,
    1137583.0
  ],
  "cv": 0.6791208261986218,
  "max_mean_ratio": 1.912385029354184,
  "aux_loss": 0.0,
  "aux_loss_alpha": 0.0
}