{
  "experiment": "Exp-1",
  "epoch": 1,
  "step": 30800,
  "expert_load": [
    337799.0,
    1567069.0,
    193373.0,
    1172159.0
  ],
  "cv": 0.6992204317514591,
  "max_mean_ratio": 1.9166695205479218,
  "aux_loss": 0.0,
  "aux_loss_alpha": 0.0
}