{
  "experiment": "Exp-1",
  "epoch": 1,
  "step": 19100,
  "expert_load": [
    338676.0,
    1564922.0,
    198523.0,
    1168279.0
  ],
  "cv": 0.695683096868876,
  "max_mean_ratio": 1.9140435420743405,
  "aux_loss": 0.0,
  "aux_loss_alpha": 0.0
}