{
  "experiment": "Exp-1",
  "epoch": 1,
  "step": 7100,
  "expert_load": [
    338929.0,
    1562346.0,
    201233.0,
    1167892.0
  ],
  "cv": 0.6936088857632009,
  "max_mean_ratio": 1.9108928571428336,
  "aux_loss": 0.0,
  "aux_loss_alpha": 0.0
}