{
  "experiment": "Exp-1",
  "epoch": 1,
  "step": 25200,
  "expert_load": [
    343686.0,
    1564994.0,
    192735.0,
    1168985.0
  ],
  "cv": 0.6964969116927507,
  "max_mean_ratio": 1.9141316046966497,
  "aux_loss": 0.0,
  "aux_loss_alpha": 0.0
}