{
  "experiment": "Exp-1",
  "epoch": 1,
  "step": 8600,
  "expert_load": [
    332449.0,
    1564475.0,
    196155.0,
    1177321.0
  ],
  "cv": 0.6996222174657448,
  "max_mean_ratio": 1.9134968199608375,
  "aux_loss": 0.0,
  "aux_loss_alpha": 0.0
}