{
  "experiment": "Exp-1",
  "epoch": 0,
  "step": 20200,
  "expert_load": [
    312275.0,
    1566363.0,
    220049.0,
    1171713.0
  ],
  "cv": 0.696857265166332,
  "max_mean_ratio": 1.915806017612501,
  "aux_loss": 0.0,
  "aux_loss_alpha": 0.0
}