{
  "experiment": "Exp-1",
  "epoch": 1,
  "step": 4100,
  "expert_load": [
    335829.0,
    1560121.0,
    203966.0,
    1170484.0
  ],
  "cv": 0.6931043603228878,
  "max_mean_ratio": 1.9081714774950842,
  "aux_loss": 0.0,
  "aux_loss_alpha": 0.0
}