{
  "experiment": "Exp-1",
  "epoch": 0,
  "step": 42900,
  "expert_load": [
    331711.0,
    1561751.0,
    205495.0,
    1171443.0
  ],
  "cv": 0.6945090050146686,
  "max_mean_ratio": 1.9101651174168064,
  "aux_loss": 0.0,
  "aux_loss_alpha": 0.0
}