{
  "experiment": "Exp-1",
  "epoch": 1,
  "step": 41100,
  "expert_load": [
    340540.0,
    1566307.0,
    200393.0,
    1163160.0
  ],
  "cv": 0.6941799932729856,
  "max_mean_ratio": 1.915737524461816,
  "aux_loss": 0.0,
  "aux_loss_alpha": 0.0
}