{
  "experiment": "Exp-1",
  "epoch": 0,
  "step": 20700,
  "expert_load": [
    314071.0,
    1569507.0,
    213058.0,
    1173764.0
  ],
  "cv": 0.7002747370352165,
  "max_mean_ratio": 1.9196514187866693,
  "aux_loss": 0.0,
  "aux_loss_alpha": 0.0
}