{
  "experiment": "Exp-1",
  "epoch": 0,
  "step": 12200,
  "expert_load": [
    313824.0,
    1572605.0,
    226559.0,
    1157412.0
  ],
  "cv": 0.6942122523238663,
  "max_mean_ratio": 1.9234405577299178,
  "aux_loss": 0.0,
  "aux_loss_alpha": 0.0
}