{
  "experiment": "Exp-1",
  "epoch": 0,
  "step": 14200,
  "expert_load": [
    309095.0,
    1569883.0,
    227776.0,
    1163646.0
  ],
  "cv": 0.6951606072651578,
  "max_mean_ratio": 1.9201113013698394,
  "aux_loss": 0.0,
  "aux_loss_alpha": 0.0
}