{
  "experiment": "Exp-1",
  "epoch": 1,
  "step": 39900,
  "expert_load": [
    343567.0,
    1566356.0,
    193396.0,
    1167081.0
  ],
  "cv": 0.6964943126223007,
  "max_mean_ratio": 1.9157974559686655,
  "aux_loss": 0.0,
  "aux_loss_alpha": 0.0
}