{
  "experiment": "Exp-1",
  "epoch": 0,
  "step": 41600,
  "expert_load": [
    342585.0,
    1562771.0,
    203672.0,
    1161372.0
  ],
  "cv": 0.6908050238502851,
  "max_mean_ratio": 1.9114126712328534,
  "aux_loss": 0.0,
  "aux_loss_alpha": 0.0
}