{
  "experiment": "Exp-1",
  "epoch": 0,
  "step": 37300,
  "expert_load": [
    350241.0,
    1533853.0,
    201636.0,
    1184670.0
  ],
  "cv": 0.6825233916340425,
  "max_mean_ratio": 1.8760432974559458,
  "aux_loss": 0.0,
  "aux_loss_alpha": 0.0
}