{
  "experiment": "Exp-1",
  "epoch": 1,
  "step": 5800,
  "expert_load": [
    346629.0,
    1550690.0,
    196303.0,
    1176778.0
  ],
  "cv": 0.6903304641633966,
  "max_mean_ratio": 1.896636497064556,
  "aux_loss": 0.0,
  "aux_loss_alpha": 0.0
}