{
  "experiment": "Exp-1",
  "epoch": 0,
  "step": 31400,
  "expert_load": [
    325952.0,
    1558364.0,
    214490.0,
    1171594.0
  ],
  "cv": 0.691750856164375,
  "max_mean_ratio": 1.9060225048923445,
  "aux_loss": 0.0,
  "aux_loss_alpha": 0.0
}