{
  "experiment": "Exp-1",
  "epoch": 0,
  "step": 20800,
  "expert_load": [
    309381.0,
    1571797.0,
    217228.0,
    1171994.0
  ],
  "cv": 0.700785072162418,
  "max_mean_ratio": 1.9224522994128923,
  "aux_loss": 0.0,
  "aux_loss_alpha": 0.0
}