{
  "experiment": "Exp-1",
  "epoch": 1,
  "step": 27600,
  "expert_load": [
    331836.0,
    1565008.0,
    197824.0,
    1175732.0
  ],
  "cv": 0.6991354268590912,
  "max_mean_ratio": 1.914148727984321,
  "aux_loss": 0.0,
  "aux_loss_alpha": 0.0
}