{
  "experiment": "Exp-1",
  "epoch": 0,
  "step": 29900,
  "expert_load": [
    341823.0,
    1554384.0,
    212780.0,
    1161413.0
  ],
  "cv": 0.6846117447406961,
  "max_mean_ratio": 1.9011545988258085,
  "aux_loss": 0.0,
  "aux_loss_alpha": 0.0
}