{
  "experiment": "Exp-1",
  "epoch": 1,
  "step": 20200,
  "expert_load": [
    339476.0,
    1563227.0,
    193347.0,
    1174350.0
  ],
  "cv": 0.6976784185420658,
  "max_mean_ratio": 1.911970401174145,
  "aux_loss": 0.0,
  "aux_loss_alpha": 0.0
}