{
  "experiment": "Exp-1",
  "epoch": 0,
  "step": 13600,
  "expert_load": [
    297849.0,
    1573559.0,
    225464.0,
    1173528.0
  ],
  "cv": 0.7023266267123202,
  "max_mean_ratio": 1.9246073874755145,
  "aux_loss": 0.0,
  "aux_loss_alpha": 0.0
}