{
  "experiment": "Exp-1",
  "epoch": 1,
  "step": 33400,
  "expert_load": [
    338565.0,
    1565267.0,
    195165.0,
    1171403.0
  ],
  "cv": 0.6975599315068408,
  "max_mean_ratio": 1.9144655088062388,
  "aux_loss": 0.0,
  "aux_loss_alpha": 0.0
}