{
  "experiment": "Exp-1",
  "epoch": 0,
  "step": 16900,
  "expert_load": [
    305191.0,
    1571008.0,
    220841.0,
    1173360.0
  ],
  "cv": 0.7007135212817918,
  "max_mean_ratio": 1.9214872798434206,
  "aux_loss": 0.0,
  "aux_loss_alpha": 0.0
}