{
  "experiment": "Exp-1",
  "epoch": 0,
  "step": 100,
  "expert_load": [
    225009.0,
    1537754.0,
    46843.0,
    1460794.0
  ],
  "cv": 0.8379632460860954,
  "max_mean_ratio": 1.880814579256337,
  "aux_loss": 0.0,
  "aux_loss_alpha": 0.0
}