{
  "experiment": "Exp-1",
  "epoch": 1,
  "step": 19700,
  "expert_load": [
    344221.0,
    1560339.0,
    198304.0,
    1167536.0
  ],
  "cv": 0.692353152519561,
  "max_mean_ratio": 1.908438111545965,
  "aux_loss": 0.0,
  "aux_loss_alpha": 0.0
}