{
  "experiment": "Exp-1",
  "epoch": 1,
  "step": 15800,
  "expert_load": [
    336868.0,
    1566126.0,
    202313.0,
    1165093.0
  ],
  "cv": 0.6947775501467626,
  "max_mean_ratio": 1.9155161448140665,
  "aux_loss": 0.0,
  "aux_loss_alpha": 0.0
}