{
  "experiment": "Exp-1",
  "epoch": 1,
  "step": 17100,
  "expert_load": [
    338419.0,
    1562910.0,
    195762.0,
    1173309.0
  ],
  "cv": 0.6968171324608525,
  "max_mean_ratio": 1.911582681017589,
  "aux_loss": 0.0,
  "aux_loss_alpha": 0.0
}