{
  "experiment": "Exp-1",
  "epoch": 0,
  "step": 3800,
  "expert_load": [
    282971.0,
    1566164.0,
    262688.0,
    1158577.0
  ],
  "cv": 0.6892773819716158,
  "max_mean_ratio": 1.9155626223091742,
  "aux_loss": 0.0,
  "aux_loss_alpha": 0.0
}