{
  "experiment": "Exp-1",
  "epoch": 1,
  "step": 21600,
  "expert_load": [
    341454.0,
    1566086.0,
    191021.0,
    1171839.0
  ],
  "cv": 0.6986181353962733,
  "max_mean_ratio": 1.915467221135006,
  "aux_loss": 0.0,
  "aux_loss_alpha": 0.0
}