{
  "experiment": "Exp-1",
  "epoch": 0,
  "step": 27800,
  "expert_load": [
    322340.0,
    1570759.0,
    209626.0,
    1167675.0
  ],
  "cv": 0.6985332069471538,
  "max_mean_ratio": 1.921182729941268,
  "aux_loss": 0.0,
  "aux_loss_alpha": 0.0
}