{
  "experiment": "Exp-1",
  "epoch": 0,
  "step": 26800,
  "expert_load": [
    322949.0,
    1561556.0,
    208882.0,
    1177013.0
  ],
  "cv": 0.6966970401174083,
  "max_mean_ratio": 1.9099266144813856,
  "aux_loss": 0.0,
  "aux_loss_alpha": 0.0
}