{
  "experiment": "Exp-1",
  "epoch": 1,
  "step": 42000,
  "expert_load": [
    342156.0,
    1565789.0,
    191839.0,
    1170616.0
  ],
  "cv": 0.6978141053082106,
  "max_mean_ratio": 1.9151039628179805,
  "aux_loss": 0.0,
  "aux_loss_alpha": 0.0
}