{
  "experiment": "Exp-1",
  "epoch": 0,
  "step": 12500,
  "expert_load": [
    308171.0,
    1567497.0,
    221216.0,
    1173516.0
  ],
  "cv": 0.6983988197162341,
  "max_mean_ratio": 1.917193003913871,
  "aux_loss": 0.0,
  "aux_loss_alpha": 0.0
}