{
  "experiment": "Exp-1",
  "epoch": 1,
  "step": 8400,
  "expert_load": [
    334405.0,
    1560983.0,
    200337.0,
    1174675.0
  ],
  "cv": 0.6958232173434357,
  "max_mean_ratio": 1.9092257827788417,
  "aux_loss": 0.0,
  "aux_loss_alpha": 0.0
}