{
  "experiment": "Exp-1",
  "epoch": 1,
  "step": 9500,
  "expert_load": [
    341153.0,
    1559318.0,
    204219.0,
    1165710.0
  ],
  "cv": 0.6904146281800306,
  "max_mean_ratio": 1.9071893346379414,
  "aux_loss": 0.0,
  "aux_loss_alpha": 0.0
}