{
  "experiment": "Exp-1",
  "epoch": 1,
  "step": 13100,
  "expert_load": [
    353094.0,
    1549992.0,
    197213.0,
    1170101.0
  ],
  "cv": 0.6868129280821834,
  "max_mean_ratio": 1.8957827788649475,
  "aux_loss": 0.0,
  "aux_loss_alpha": 0.0
}