{
  "experiment": "Exp-1",
  "epoch": 1,
  "step": 23500,
  "expert_load": [
    340940.0,
    1567750.0,
    191288.0,
    1170422.0
  ],
  "cv": 0.6990588307240619,
  "max_mean_ratio": 1.9175024461839296,
  "aux_loss": 0.0,
  "aux_loss_alpha": 0.0
}