{
  "experiment": "Exp-1",
  "epoch": 1,
  "step": 39000,
  "expert_load": [
    338658.0,
    1566702.0,
    194619.0,
    1170421.0
  ],
  "cv": 0.6981078767123202,
  "max_mean_ratio": 1.9162206457925401,
  "aux_loss": 0.0,
  "aux_loss_alpha": 0.0
}