{
  "experiment": "Exp-1",
  "epoch": 0,
  "step": 13300,
  "expert_load": [
    304523.0,
    1571896.0,
    221692.0,
    1172289.0
  ],
  "cv": 0.7007797211350207,
  "max_mean_ratio": 1.9225733855185674,
  "aux_loss": 0.0,
  "aux_loss_alpha": 0.0
}