{
  "experiment": "Exp-1",
  "epoch": 1,
  "step": 2200,
  "expert_load": [
    333752.0,
    1558502.0,
    203675.0,
    1174471.0
  ],
  "cv": 0.6938569441046881,
  "max_mean_ratio": 1.9061912915851038,
  "aux_loss": 0.0,
  "aux_loss_alpha": 0.0
}