{
  "experiment": "Exp-1",
  "epoch": 0,
  "step": 4500,
  "expert_load": [
    291738.0,
    1568373.0,
    266490.0,
    1143799.0
  ],
  "cv": 0.6838164291829661,
  "max_mean_ratio": 1.9182644324852993,
  "aux_loss": 0.0,
  "aux_loss_alpha": 0.0
}