{
  "experiment": "Exp-1",
  "epoch": 1,
  "step": 25100,
  "expert_load": [
    340601.0,
    1565285.0,
    195782.0,
    1168732.0
  ],
  "cv": 0.6963337053571343,
  "max_mean_ratio": 1.914487524461816,
  "aux_loss": 0.0,
  "aux_loss_alpha": 0.0
}