{
  "experiment": "Exp-1",
  "epoch": 0,
  "step": 24300,
  "expert_load": [
    319446.0,
    1571263.0,
    215661.0,
    1164030.0
  ],
  "cv": 0.6968698783023398,
  "max_mean_ratio": 1.9217991682974325,
  "aux_loss": 0.0,
  "aux_loss_alpha": 0.0
}