{
  "experiment": "Exp-1",
  "epoch": 1,
  "step": 7300,
  "expert_load": [
    340646.0,
    1561100.0,
    202104.0,
    1166550.0
  ],
  "cv": 0.6921227525684847,
  "max_mean_ratio": 1.909368884540094,
  "aux_loss": 0.0,
  "aux_loss_alpha": 0.0
}