{
  "experiment": "Exp-1",
  "epoch": 1,
  "step": 25900,
  "expert_load": [
    336723.0,
    1565759.0,
    190258.0,
    1177660.0
  ],
  "cv": 0.7010637078033182,
  "max_mean_ratio": 1.915067270058685,
  "aux_loss": 0.0,
  "aux_loss_alpha": 0.0
}