{
  "experiment": "Exp-1",
  "epoch": 0,
  "step": 17600,
  "expert_load": [
    310163.0,
    1571150.0,
    222299.0,
    1166788.0
  ],
  "cv": 0.6977108304794435,
  "max_mean_ratio": 1.921660958904086,
  "aux_loss": 0.0,
  "aux_loss_alpha": 0.0
}