{
  "experiment": "Exp-1",
  "epoch": 1,
  "step": 22800,
  "expert_load": [
    338141.0,
    1565576.0,
    190781.0,
    1175902.0
  ],
  "cv": 0.7001150470890325,
  "max_mean_ratio": 1.9148434442269824,
  "aux_loss": 0.0,
  "aux_loss_alpha": 0.0
}