{
  "experiment": "Exp-1",
  "epoch": 0,
  "step": 36100,
  "expert_load": [
    372849.0,
    1527587.0,
    211782.0,
    1158182.0
  ],
  "cv": 0.6656858488258236,
  "max_mean_ratio": 1.8683794031310925,
  "aux_loss": 0.0,
  "aux_loss_alpha": 0.0
}