{
  "experiment": "Exp-1",
  "epoch": 0,
  "step": 23300,
  "expert_load": [
    317648.0,
    1569392.0,
    213634.0,
    1169726.0
  ],
  "cv": 0.6983177134295413,
  "max_mean_ratio": 1.9195107632093698,
  "aux_loss": 0.0,
  "aux_loss_alpha": 0.0
}