{
  "experiment": "Exp-1",
  "epoch": 0,
  "step": 17400,
  "expert_load": [
    317079.0,
    1570446.0,
    218620.0,
    1164255.0
  ],
  "cv": 0.6962620015900111,
  "max_mean_ratio": 1.9207999021526183,
  "aux_loss": 0.0,
  "aux_loss_alpha": 0.0
}