{
  "experiment": "Exp-1",
  "epoch": 0,
  "step": 41000,
  "expert_load": [
    342474.0,
    1554433.0,
    204023.0,
    1169470.0
  ],
  "cv": 0.688894248409972,
  "max_mean_ratio": 1.9012145303326577,
  "aux_loss": 0.0,
  "aux_loss_alpha": 0.0
}