{
  "experiment": "Exp-1",
  "epoch": 0,
  "step": 44000,
  "expert_load": [
    329198.0,
    1557986.0,
    201369.0,
    1181847.0
  ],
  "cv": 0.6970348428326725,
  "max_mean_ratio": 1.9055601761252212,
  "aux_loss": 0.0,
  "aux_loss_alpha": 0.0
}