{
  "experiment": "Exp-1",
  "epoch": 0,
  "step": 28300,
  "expert_load": [
    312601.0,
    1566725.0,
    209302.0,
    1181772.0
  ],
  "cv": 0.7023093505381519,
  "max_mean_ratio": 1.916248776908,
  "aux_loss": 0.0,
  "aux_loss_alpha": 0.0
}