{
  "experiment": "Exp-1",
  "epoch": 1,
  "step": 30400,
  "expert_load": [
    340065.0,
    1567332.0,
    195190.0,
    1167813.0
  ],
  "cv": 0.6973182943982302,
  "max_mean_ratio": 1.9169911937377455,
  "aux_loss": 0.0,
  "aux_loss_alpha": 0.0
}