{
  "experiment": "Exp-1",
  "epoch": 1,
  "step": 37800,
  "expert_load": [
    337269.0,
    1567149.0,
    192555.0,
    1173427.0
  ],
  "cv": 0.6999024584148642,
  "max_mean_ratio": 1.916767367906043,
  "aux_loss": 0.0,
  "aux_loss_alpha": 0.0
}