{
  "experiment": "Exp-1",
  "epoch": 1,
  "step": 12400,
  "expert_load": [
    342315.0,
    1563234.0,
    199871.0,
    1164980.0
  ],
  "cv": 0.6930000917318897,
  "max_mean_ratio": 1.9119789628179804,
  "aux_loss": 0.0,
  "aux_loss_alpha": 0.0
}