{
  "experiment": "Exp-1",
  "epoch": 1,
  "step": 29700,
  "expert_load": [
    339692.0,
    1563898.0,
    202675.0,
    1164135.0
  ],
  "cv": 0.6928511038405003,
  "max_mean_ratio": 1.9127910958903875,
  "aux_loss": 0.0,
  "aux_loss_alpha": 0.0
}