{
  "experiment": "Exp-1",
  "epoch": 0,
  "step": 4400,
  "expert_load": [
    280196.0,
    1567958.0,
    255525.0,
    1166721.0
  ],
  "cv": 0.6944895884295414,
  "max_mean_ratio": 1.917756849315045,
  "aux_loss": 0.0,
  "aux_loss_alpha": 0.0
}