{
  "experiment": "Exp-1",
  "epoch": 1,
  "step": 22700,
  "expert_load": [
    336570.0,
    1562791.0,
    190979.0,
    1180060.0
  ],
  "cv": 0.7001415728962732,
  "max_mean_ratio": 1.9114371330723836,
  "aux_loss": 0.0,
  "aux_loss_alpha": 0.0
}