{
  "experiment": "Exp-1",
  "epoch": 1,
  "step": 43000,
  "expert_load": [
    340876.0,
    1565210.0,
    197644.0,
    1166670.0
  ],
  "cv": 0.6952236729451969,
  "max_mean_ratio": 1.9143957925635773,
  "aux_loss": 0.0,
  "aux_loss_alpha": 0.0
}