{
  "experiment": "Exp-1",
  "epoch": 0,
  "step": 10300,
  "expert_load": [
    298666.0,
    1568961.0,
    229277.0,
    1173496.0
  ],
  "cv": 0.6990433127446098,
  "max_mean_ratio": 1.9189836105674911,
  "aux_loss": 0.0,
  "aux_loss_alpha": 0.0
}