{
  "experiment": "Exp-1",
  "epoch": 1,
  "step": 14100,
  "expert_load": [
    333992.0,
    1560966.0,
    200542.0,
    1174900.0
  ],
  "cv": 0.6958988961594826,
  "max_mean_ratio": 1.9092049902152408,
  "aux_loss": 0.0,
  "aux_loss_alpha": 0.0
}