{
  "experiment": "Exp-1",
  "epoch": 0,
  "step": 7000,
  "expert_load": [
    301056.0,
    1570009.0,
    234837.0,
    1164498.0
  ],
  "cv": 0.6953597419275844,
  "max_mean_ratio": 1.9202654109588806,
  "aux_loss": 0.0,
  "aux_loss_alpha": 0.0
}