{
  "experiment": "Exp-1",
  "epoch": 0,
  "step": 22800,
  "expert_load": [
    323102.0,
    1568524.0,
    215255.0,
    1163519.0
  ],
  "cv": 0.6948234925391304,
  "max_mean_ratio": 1.9184491193737534,
  "aux_loss": 0.0,
  "aux_loss_alpha": 0.0
}