{
  "experiment": "Exp-1",
  "epoch": 1,
  "step": 37400,
  "expert_load": [
    344933.0,
    1564390.0,
    198902.0,
    1162175.0
  ],
  "cv": 0.6925954011741599,
  "max_mean_ratio": 1.9133928571428338,
  "aux_loss": 0.0,
  "aux_loss_alpha": 0.0
}