{
  "experiment": "Exp-1",
  "epoch": 1,
  "step": 900,
  "expert_load": [
    335430.0,
    1560812.0,
    199651.0,
    1174507.0
  ],
  "cv": 0.6956844728473496,
  "max_mean_ratio": 1.9090166340508572,
  "aux_loss": 0.0,
  "aux_loss_alpha": 0.0
}