{
  "experiment": "Exp-1",
  "epoch": 0,
  "step": 31700,
  "expert_load": [
    324718.0,
    1565286.0,
    210033.0,
    1170363.0
  ],
  "cv": 0.6960742569716157,
  "max_mean_ratio": 1.9144887475537926,
  "aux_loss": 0.0,
  "aux_loss_alpha": 0.0
}