{
  "experiment": "Exp-1",
  "epoch": 1,
  "step": 21700,
  "expert_load": [
    337129.0,
    1566190.0,
    193300.0,
    1173781.0
  ],
  "cv": 0.6993730124755296,
  "max_mean_ratio": 1.9155944227005637,
  "aux_loss": 0.0,
  "aux_loss_alpha": 0.0
}