{
  "experiment": "Exp-1",
  "epoch": 1,
  "step": 40900,
  "expert_load": [
    337531.0,
    1565176.0,
    198044.0,
    1169649.0
  ],
  "cv": 0.6964980583414787,
  "max_mean_ratio": 1.9143542074363757,
  "aux_loss": 0.0,
  "aux_loss_alpha": 0.0
}