{
  "experiment": "Exp-1",
  "epoch": 0,
  "step": 34800,
  "expert_load": [
    333611.0,
    1566114.0,
    206579.0,
    1164096.0
  ],
  "cv": 0.6940238197162342,
  "max_mean_ratio": 1.9155014677103483,
  "aux_loss": 0.0,
  "aux_loss_alpha": 0.0
}