{
  "experiment": "Exp-1",
  "epoch": 1,
  "step": 23000,
  "expert_load": [
    333489.0,
    1566156.0,
    194801.0,
    1175954.0
  ],
  "cv": 0.7002122829011656,
  "max_mean_ratio": 1.9155528375733621,
  "aux_loss": 0.0,
  "aux_loss_alpha": 0.0
}