{
  "experiment": "Exp-1",
  "epoch": 1,
  "step": 41700,
  "expert_load": [
    339089.0,
    1565343.0,
    194532.0,
    1171436.0
  ],
  "cv": 0.6976734497309113,
  "max_mean_ratio": 1.9145584637964541,
  "aux_loss": 0.0,
  "aux_loss_alpha": 0.0
}