{
  "experiment": "Exp-1",
  "epoch": 0,
  "step": 44100,
  "expert_load": [
    335246.0,
    1554649.0,
    197570.0,
    1182935.0
  ],
  "cv": 0.6956086411448056,
  "max_mean_ratio": 1.9014787181995854,
  "aux_loss": 0.0,
  "aux_loss_alpha": 0.0
}