{
  "experiment": "Exp-1",
  "epoch": 1,
  "step": 20100,
  "expert_load": [
    341845.0,
    1562919.0,
    193757.0,
    1171879.0
  ],
  "cv": 0.6963403559197566,
  "max_mean_ratio": 1.9115936888453777,
  "aux_loss": 0.0,
  "aux_loss_alpha": 0.0
}