{
  "experiment": "Exp-1",
  "epoch": 0,
  "step": 42800,
  "expert_load": [
    330278.0,
    1560761.0,
    207294.0,
    1172067.0
  ],
  "cv": 0.6940147994129073,
  "max_mean_ratio": 1.908954256360055,
  "aux_loss": 0.0,
  "aux_loss_alpha": 0.0
}