{
  "experiment": "Exp-1",
  "epoch": 1,
  "step": 23600,
  "expert_load": [
    340406.0,
    1565399.0,
    195354.0,
    1169241.0
  ],
  "cv": 0.6966684503424572,
  "max_mean_ratio": 1.914626956947139,
  "aux_loss": 0.0,
  "aux_loss_alpha": 0.0
}