{
  "experiment": "Exp-1",
  "epoch": 0,
  "step": 10600,
  "expert_load": [
    309202.0,
    1575042.0,
    225719.0,
    1160437.0
  ],
  "cv": 0.69728236607142,
  "max_mean_ratio": 1.9264212328766888,
  "aux_loss": 0.0,
  "aux_loss_alpha": 0.0
}