{
  "experiment": "Exp-1",
  "epoch": 0,
  "step": 3100,
  "expert_load": [
    277622.0,
    1566600.0,
    268838.0,
    1157340.0
  ],
  "cv": 0.6889440129647665,
  "max_mean_ratio": 1.9160958904109355,
  "aux_loss": 0.0,
  "aux_loss_alpha": 0.0
}