{
  "experiment": "Exp-1",
  "epoch": 0,
  "step": 13000,
  "expert_load": [
    310235.0,
    1568575.0,
    223300.0,
    1168290.0
  ],
  "cv": 0.6966146342954905,
  "max_mean_ratio": 1.9185114970645558,
  "aux_loss": 0.0,
  "aux_loss_alpha": 0.0
}