{
  "experiment": "Exp-1",
  "epoch": 0,
  "step": 15400,
  "expert_load": [
    314708.0,
    1571584.0,
    219671.0,
    1164437.0
  ],
  "cv": 0.6970570878179954,
  "max_mean_ratio": 1.9221917808218942,
  "aux_loss": 0.0,
  "aux_loss_alpha": 0.0
}