{
  "experiment": "Exp-1",
  "epoch": 1,
  "step": 23300,
  "expert_load": [
    335653.0,
    1563716.0,
    197333.0,
    1173698.0
  ],
  "cv": 0.6974034521770952,
  "max_mean_ratio": 1.9125684931506615,
  "aux_loss": 0.0,
  "aux_loss_alpha": 0.0
}