{
  "experiment": "Exp-1",
  "epoch": 1,
  "step": 10400,
  "expert_load": [
    347631.0,
    1552667.0,
    200211.0,
    1169891.0
  ],
  "cv": 0.688219560298426,
  "max_mean_ratio": 1.8990545499021294,
  "aux_loss": 0.0,
  "aux_loss_alpha": 0.0
}