{
  "experiment": "Exp-1",
  "epoch": 1,
  "step": 1300,
  "expert_load": [
    341422.0,
    1560448.0,
    206603.0,
    1161927.0
  ],
  "cv": 0.6892985567514592,
  "max_mean_ratio": 1.9085714285714053,
  "aux_loss": 0.0,
  "aux_loss_alpha": 0.0
}