{
  "experiment": "Exp-1",
  "epoch": 0,
  "step": 41100,
  "expert_load": [
    340220.0,
    1561283.0,
    202983.0,
    1165914.0
  ],
  "cv": 0.6918941872553731,
  "max_mean_ratio": 1.9095927103717967,
  "aux_loss": 0.0,
  "aux_loss_alpha": 0.0
}