{
  "experiment": "Exp-1",
  "epoch": 0,
  "step": 26100,
  "expert_load": [
    311074.0,
    1568841.0,
    212026.0,
    1178459.0
  ],
  "cv": 0.7020459271037096,
  "max_mean_ratio": 1.9188368395303093,
  "aux_loss": 0.0,
  "aux_loss_alpha": 0.0
}