{
  "experiment": "Exp-1",
  "epoch": 0,
  "step": 43500,
  "expert_load": [
    338851.0,
    1557066.0,
    205248.0,
    1169235.0
  ],
  "cv": 0.6904332038894241,
  "max_mean_ratio": 1.904434931506826,
  "aux_loss": 0.0,
  "aux_loss_alpha": 0.0
}