{
  "experiment": "Exp-1",
  "epoch": 1,
  "step": 27900,
  "expert_load": [
    339576.0,
    1566769.0,
    198355.0,
    1165700.0
  ],
  "cv": 0.6957660377935335,
  "max_mean_ratio": 1.9163025929549669,
  "aux_loss": 0.0,
  "aux_loss_alpha": 0.0
}