{
  "experiment": "Exp-1",
  "epoch": 1,
  "step": 39300,
  "expert_load": [
    340885.0,
    1567915.0,
    190360.0,
    1171240.0
  ],
  "cv": 0.6996046355185824,
  "max_mean_ratio": 1.9177042563600548,
  "aux_loss": 0.0,
  "aux_loss_alpha": 0.0
}