{
  "experiment": "Exp-1",
  "epoch": 1,
  "step": 44000,
  "expert_load": [
    337841.0,
    1564698.0,
    196382.0,
    1171479.0
  ],
  "cv": 0.6971265747309112,
  "max_mean_ratio": 1.9137695694716008,
  "aux_loss": 0.0,
  "aux_loss_alpha": 0.0
}