{
  "experiment": "Exp-1",
  "epoch": 0,
  "step": 35800,
  "expert_load": [
    386571.0,
    1498225.0,
    203724.0,
    1181880.0
  ],
  "cv": 0.6582518957925555,
  "max_mean_ratio": 1.8324669765166115,
  "aux_loss": 0.0,
  "aux_loss_alpha": 0.0
}