{
  "experiment": "Exp-1",
  "epoch": 1,
  "step": 17700,
  "expert_load": [
    342378.0,
    1565082.0,
    194921.0,
    1168019.0
  ],
  "cv": 0.6959511068982303,
  "max_mean_ratio": 1.9142392367905832,
  "aux_loss": 0.0,
  "aux_loss_alpha": 0.0
}