{
  "experiment": "Exp-1",
  "epoch": 0,
  "step": 35100,
  "expert_load": [
    319812.0,
    1564111.0,
    207629.0,
    1178848.0
  ],
  "cv": 0.6993146098336509,
  "max_mean_ratio": 1.9130516144813856,
  "aux_loss": 0.0,
  "aux_loss_alpha": 0.0
}