{
  "experiment": "Exp-1",
  "epoch": 0,
  "step": 28000,
  "expert_load": [
    321245.0,
    1564231.0,
    207888.0,
    1177036.0
  ],
  "cv": 0.698547578277878,
  "max_mean_ratio": 1.9131983855185675,
  "aux_loss": 0.0,
  "aux_loss_alpha": 0.0
}