{
  "experiment": "Exp-1",
  "epoch": 1,
  "step": 500,
  "expert_load": [
    359310.0,
    1537570.0,
    201913.0,
    1171607.0
  ],
  "cv": 0.679002797822888,
  "max_mean_ratio": 1.880589530332658,
  "aux_loss": 0.0,
  "aux_loss_alpha": 0.0
}