{
  "experiment": "Exp-1",
  "epoch": 0,
  "step": 13700,
  "expert_load": [
    303687.0,
    1573683.0,
    236544.0,
    1156486.0
  ],
  "cv": 0.6941081366193653,
  "max_mean_ratio": 1.9247590508806027,
  "aux_loss": 0.0,
  "aux_loss_alpha": 0.0
}