{
  "experiment": "Exp-1",
  "epoch": 0,
  "step": 27900,
  "expert_load": [
    323486.0,
    1567157.0,
    201301.0,
    1178456.0
  ],
  "cv": 0.7015543205723984,
  "max_mean_ratio": 1.916777152641855,
  "aux_loss": 0.0,
  "aux_loss_alpha": 0.0
}