{
  "experiment": "Exp-1",
  "epoch": 1,
  "step": 8100,
  "expert_load": [
    340753.0,
    1564700.0,
    199062.0,
    1165885.0
  ],
  "cv": 0.6944301155821833,
  "max_mean_ratio": 1.9137720156555538,
  "aux_loss": 0.0,
  "aux_loss_alpha": 0.0
}