{
  "experiment": "Exp-1",
  "epoch": 0,
  "step": 18600,
  "expert_load": [
    299644.0,
    1567388.0,
    220410.0,
    1182958.0
  ],
  "cv": 0.702767933586097,
  "max_mean_ratio": 1.9170596868884306,
  "aux_loss": 0.0,
  "aux_loss_alpha": 0.0
}