{
  "experiment": "Exp-1",
  "epoch": 1,
  "step": 39500,
  "expert_load": [
    341908.0,
    1567358.0,
    192569.0,
    1168565.0
  ],
  "cv": 0.6978755656800306,
  "max_mean_ratio": 1.917022994129135,
  "aux_loss": 0.0,
  "aux_loss_alpha": 0.0
}