{
  "experiment": "Exp-1",
  "epoch": 0,
  "step": 22300,
  "expert_load": [
    307164.0,
    1570119.0,
    213937.0,
    1179180.0
  ],
  "cv": 0.703139294887467,
  "max_mean_ratio": 1.9203999510762975,
  "aux_loss": 0.0,
  "aux_loss_alpha": 0.0
}