{
  "experiment": "Exp-1",
  "epoch": 1,
  "step": 40500,
  "expert_load": [
    341520.0,
    1565335.0,
    194648.0,
    1168897.0
  ],
  "cv": 0.6965287120841402,
  "max_mean_ratio": 1.9145486790606419,
  "aux_loss": 0.0,
  "aux_loss_alpha": 0.0
}