{
  "experiment": "Exp-1",
  "epoch": 1,
  "step": 35700,
  "expert_load": [
    342450.0,
    1565452.0,
    198561.0,
    1163937.0
  ],
  "cv": 0.694100339408015,
  "max_mean_ratio": 1.9146917808218944,
  "aux_loss": 0.0,
  "aux_loss_alpha": 0.0
}