{
  "experiment": "Exp-1",
  "epoch": 1,
  "step": 38900,
  "expert_load": [
    341077.0,
    1566720.0,
    191422.0,
    1171181.0
  ],
  "cv": 0.6987092557485237,
  "max_mean_ratio": 1.9162426614481174,
  "aux_loss": 0.0,
  "aux_loss_alpha": 0.0
}