{
  "experiment": "Exp-1",
  "epoch": 0,
  "step": 41200,
  "expert_load": [
    344590.0,
    1558517.0,
    206425.0,
    1160868.0
  ],
  "cv": 0.6875649003179954,
  "max_mean_ratio": 1.9062096379647515,
  "aux_loss": 0.0,
  "aux_loss_alpha": 0.0
}