{
  "experiment": "Exp-1",
  "epoch": 0,
  "step": 24100,
  "expert_load": [
    312169.0,
    1572046.0,
    211286.0,
    1174899.0
  ],
  "cv": 0.7025937958659405,
  "max_mean_ratio": 1.9227568493150449,
  "aux_loss": 0.0,
  "aux_loss_alpha": 0.0
}