{
  "experiment": "Exp-1",
  "epoch": 0,
  "step": 9200,
  "expert_load": [
    295046.0,
    1569290.0,
    231124.0,
    1174940.0
  ],
  "cv": 0.6998786845645707,
  "max_mean_ratio": 1.9193860078277651,
  "aux_loss": 0.0,
  "aux_loss_alpha": 0.0
}