{
  "experiment": "Exp-1",
  "epoch": 0,
  "step": 40300,
  "expert_load": [
    342455.0,
    1557577.0,
    208418.0,
    1161950.0
  ],
  "cv": 0.6872777030332596,
  "max_mean_ratio": 1.905059931506826,
  "aux_loss": 0.0,
  "aux_loss_alpha": 0.0
}