{
  "experiment": "Exp-1",
  "epoch": 1,
  "step": 35800,
  "expert_load": [
    342967.0,
    1565803.0,
    198118.0,
    1163512.0
  ],
  "cv": 0.6941780057485238,
  "max_mean_ratio": 1.9151210861056518,
  "aux_loss": 0.0,
  "aux_loss_alpha": 0.0
}