{
  "experiment": "Exp-1",
  "epoch": 0,
  "step": 39800,
  "expert_load": [
    349231.0,
    1545529.0,
    202489.0,
    1173151.0
  ],
  "cv": 0.6848299902152558,
  "max_mean_ratio": 1.8903241193737537,
  "aux_loss": 0.0,
  "aux_loss_alpha": 0.0
}