{
  "experiment": "Exp-1",
  "epoch": 0,
  "step": 6800,
  "expert_load": [
    304598.0,
    1569297.0,
    235566.0,
    1160939.0
  ],
  "cv": 0.6931988441780738,
  "max_mean_ratio": 1.9193945694716008,
  "aux_loss": 0.0,
  "aux_loss_alpha": 0.0
}