{
  "experiment": "Exp-1",
  "epoch": 0,
  "step": 15500,
  "expert_load": [
    316620.0,
    1569194.0,
    221410.0,
    1163176.0
  ],
  "cv": 0.6947818309686803,
  "max_mean_ratio": 1.9192685909980196,
  "aux_loss": 0.0,
  "aux_loss_alpha": 0.0
}