{
  "experiment": "Exp-1",
  "epoch": 1,
  "step": 8500,
  "expert_load": [
    338811.0,
    1561992.0,
    202376.0,
    1167221.0
  ],
  "cv": 0.6929908420988173,
  "max_mean_ratio": 1.910459882583147,
  "aux_loss": 0.0,
  "aux_loss_alpha": 0.0
}