{
  "experiment": "Exp-1",
  "epoch": 1,
  "step": 7400,
  "expert_load": [
    343011.0,
    1561093.0,
    195908.0,
    1170388.0
  ],
  "cv": 0.6943072712817919,
  "max_mean_ratio": 1.9093603228962583,
  "aux_loss": 0.0,
  "aux_loss_alpha": 0.0
}