{
  "experiment": "Exp-1",
  "epoch": 0,
  "step": 43900,
  "expert_load": [
    329330.0,
    1563571.0,
    196464.0,
    1181035.0
  ],
  "cv": 0.7006874541340423,
  "max_mean_ratio": 1.9123911448140667,
  "aux_loss": 0.0,
  "aux_loss_alpha": 0.0
}