{
  "experiment": "Exp-1",
  "epoch": 1,
  "step": 18600,
  "expert_load": [
    333662.0,
    1565565.0,
    194188.0,
    1176985.0
  ],
  "cv": 0.7003330632338466,
  "max_mean_ratio": 1.9148299902152408,
  "aux_loss": 0.0,
  "aux_loss_alpha": 0.0
}