{
  "experiment": "Exp-1",
  "epoch": 0,
  "step": 11700,
  "expert_load": [
    298198.0,
    1567085.0,
    232126.0,
    1172991.0
  ],
  "cv": 0.6974276082436314,
  "max_mean_ratio": 1.916689090019546,
  "aux_loss": 0.0,
  "aux_loss_alpha": 0.0
}