{
  "experiment": "Exp-1",
  "epoch": 0,
  "step": 1400,
  "expert_load": [
    256584.0,
    1548391.0,
    305018.0,
    1160407.0
  ],
  "cv": 0.6779757827788566,
  "max_mean_ratio": 1.8938246086105444,
  "aux_loss": 0.0,
  "aux_loss_alpha": 0.0
}