{
  "experiment": "Exp-1",
  "epoch": 1,
  "step": 25300,
  "expert_load": [
    341167.0,
    1567660.0,
    194566.0,
    1167007.0
  ],
  "cv": 0.697225492294512,
  "max_mean_ratio": 1.917392367906043,
  "aux_loss": 0.0,
  "aux_loss_alpha": 0.0
}