{
  "experiment": "Exp-1",
  "epoch": 1,
  "step": 100,
  "expert_load": [
    342151.0,
    1551279.0,
    199219.0,
    1177751.0
  ],
  "cv": 0.6909225935665277,
  "max_mean_ratio": 1.8973568982387243,
  "aux_loss": 0.0,
  "aux_loss_alpha": 0.0
}