{
  "experiment": "Exp-1",
  "epoch": 1,
  "step": 11300,
  "expert_load": [
    338115.0,
    1562961.0,
    198939.0,
    1170385.0
  ],
  "cv": 0.6953005748532205,
  "max_mean_ratio": 1.9116450587083915,
  "aux_loss": 0.0,
  "aux_loss_alpha": 0.0
}