{
  "experiment": "Exp-1",
  "epoch": 0,
  "step": 22000,
  "expert_load": [
    310761.0,
    1571856.0,
    215346.0,
    1172437.0
  ],
  "cv": 0.7011227219911852,
  "max_mean_ratio": 1.9225244618395068,
  "aux_loss": 0.0,
  "aux_loss_alpha": 0.0
}