{
  "experiment": "Exp-1",
  "epoch": 0,
  "step": 32600,
  "expert_load": [
    316370.0,
    1569911.0,
    211540.0,
    1172579.0
  ],
  "cv": 0.7000858457680932,
  "max_mean_ratio": 1.9201455479451819,
  "aux_loss": 0.0,
  "aux_loss_alpha": 0.0
}