{
  "experiment": "Exp-1",
  "epoch": 0,
  "step": 20600,
  "expert_load": [
    311783.0,
    1568493.0,
    213346.0,
    1176778.0
  ],
  "cv": 0.7009669306506764,
  "max_mean_ratio": 1.9184112035224814,
  "aux_loss": 0.0,
  "aux_loss_alpha": 0.0
}