{
  "experiment": "Exp-1",
  "epoch": 1,
  "step": 11500,
  "expert_load": [
    337714.0,
    1563037.0,
    212255.0,
    1157394.0
  ],
  "cv": 0.6885990245841404,
  "max_mean_ratio": 1.9117380136986066,
  "aux_loss": 0.0,
  "aux_loss_alpha": 0.0
}