{
  "experiment": "Exp-1",
  "epoch": 0,
  "step": 30800,
  "expert_load": [
    316675.0,
    1562779.0,
    208854.0,
    1182092.0
  ],
  "cv": 0.699851164995099,
  "max_mean_ratio": 1.9114224559686654,
  "aux_loss": 0.0,
  "aux_loss_alpha": 0.0
}