{
  "experiment": "Exp-1",
  "epoch": 1,
  "step": 21100,
  "expert_load": [
    335978.0,
    1563891.0,
    195177.0,
    1175354.0
  ],
  "cv": 0.6984241224314983,
  "max_mean_ratio": 1.9127825342465519,
  "aux_loss": 0.0,
  "aux_loss_alpha": 0.0
}