{
  "experiment": "Exp-1",
  "epoch": 1,
  "step": 12600,
  "expert_load": [
    334654.0,
    1561392.0,
    217418.0,
    1156936.0
  ],
  "cv": 0.6869571764921638,
  "max_mean_ratio": 1.909726027397237,
  "aux_loss": 0.0,
  "aux_loss_alpha": 0.0
}