{
  "experiment": "Exp-1",
  "epoch": 0,
  "step": 40500,
  "expert_load": [
    367215.0,
    1534691.0,
    201550.0,
    1166944.0
  ],
  "cv": 0.6750938723091894,
  "max_mean_ratio": 1.8770682485322667,
  "aux_loss": 0.0,
  "aux_loss_alpha": 0.0
}