{
  "experiment": "Exp-1",
  "epoch": 0,
  "step": 40100,
  "expert_load": [
    334449.0,
    1559670.0,
    204853.0,
    1171428.0
  ],
  "cv": 0.6931694899706373,
  "max_mean_ratio": 1.9076198630136754,
  "aux_loss": 0.0,
  "aux_loss_alpha": 0.0
}