{
  "experiment": "Exp-1",
  "epoch": 1,
  "step": 32800,
  "expert_load": [
    342370.0,
    1552292.0,
    209982.0,
    1165756.0
  ],
  "cv": 0.6853758714530249,
  "max_mean_ratio": 1.8985958904109357,
  "aux_loss": 0.0,
  "aux_loss_alpha": 0.0
}