{
  "experiment": "Exp-1",
  "epoch": 1,
  "step": 12500,
  "expert_load": [
    335651.0,
    1563607.0,
    199436.0,
    1171706.0
  ],
  "cv": 0.6962818768346294,
  "max_mean_ratio": 1.9124351761252212,
  "aux_loss": 0.0,
  "aux_loss_alpha": 0.0
}