{
  "experiment": "Exp-1",
  "epoch": 1,
  "step": 16000,
  "expert_load": [
    335331.0,
    1565099.0,
    198485.0,
    1171485.0
  ],
  "cv": 0.6972365001223007,
  "max_mean_ratio": 1.914260029354184,
  "aux_loss": 0.0,
  "aux_loss_alpha": 0.0
}