{
  "experiment": "Exp-1",
  "epoch": 1,
  "step": 26300,
  "expert_load": [
    338467.0,
    1564739.0,
    196531.0,
    1170663.0
  ],
  "cv": 0.6967775348581128,
  "max_mean_ratio": 1.913819716242638,
  "aux_loss": 0.0,
  "aux_loss_alpha": 0.0
}