{
  "experiment": "Exp-1",
  "epoch": 0,
  "step": 19900,
  "expert_load": [
    311513.0,
    1573151.0,
    212801.0,
    1172935.0
  ],
  "cv": 0.702353611179052,
  "max_mean_ratio": 1.9241083659490958,
  "aux_loss": 0.0,
  "aux_loss_alpha": 0.0
}