{
  "experiment": "Exp-1",
  "epoch": 1,
  "step": 42200,
  "expert_load": [
    341504.0,
    1564109.0,
    191989.0,
    1172798.0
  ],
  "cv": 0.6976712328767037,
  "max_mean_ratio": 1.9130491682974324,
  "aux_loss": 0.0,
  "aux_loss_alpha": 0.0
}