{
  "experiment": "Exp-1",
  "epoch": 1,
  "step": 800,
  "expert_load": [
    331933.0,
    1561803.0,
    199537.0,
    1177127.0
  ],
  "cv": 0.6975303479696587,
  "max_mean_ratio": 1.9102287181995852,
  "aux_loss": 0.0,
  "aux_loss_alpha": 0.0
}