{
  "experiment": "Exp-1",
  "epoch": 1,
  "step": 30300,
  "expert_load": [
    335455.0,
    1567560.0,
    190804.0,
    1176581.0
  ],
  "cv": 0.7017192086594826,
  "max_mean_ratio": 1.9172700587083913,
  "aux_loss": 0.0,
  "aux_loss_alpha": 0.0
}