{
  "experiment": "Exp-1",
  "epoch": 1,
  "step": 14800,
  "expert_load": [
    334406.0,
    1562686.0,
    200607.0,
    1172701.0
  ],
  "cv": 0.6960367997798349,
  "max_mean_ratio": 1.9113087084148495,
  "aux_loss": 0.0,
  "aux_loss_alpha": 0.0
}