{
  "experiment": "Exp-1",
  "epoch": 1,
  "step": 2100,
  "expert_load": [
    334453.0,
    1557874.0,
    205428.0,
    1172645.0
  ],
  "cv": 0.6924926614481324,
  "max_mean_ratio": 1.9054231898238514,
  "aux_loss": 0.0,
  "aux_loss_alpha": 0.0
}