{
  "experiment": "Exp-1",
  "epoch": 0,
  "step": 28900,
  "expert_load": [
    320506.0,
    1569081.0,
    210130.0,
    1170683.0
  ],
  "cv": 0.6987467893835531,
  "max_mean_ratio": 1.9191303816046732,
  "aux_loss": 0.0,
  "aux_loss_alpha": 0.0
}