{
  "experiment": "Exp-1",
  "epoch": 0,
  "step": 43800,
  "expert_load": [
    332827.0,
    1563395.0,
    202185.0,
    1171993.0
  ],
  "cv": 0.6960739511986216,
  "max_mean_ratio": 1.9121758806261997,
  "aux_loss": 0.0,
  "aux_loss_alpha": 0.0
}