{
  "experiment": "Exp-1",
  "epoch": 1,
  "step": 28900,
  "expert_load": [
    338501.0,
    1564133.0,
    197932.0,
    1169834.0
  ],
  "cv": 0.6959018774461754,
  "max_mean_ratio": 1.913078522504869,
  "aux_loss": 0.0,
  "aux_loss_alpha": 0.0
}