{
  "experiment": "Exp-1",
  "epoch": 1,
  "step": 15900,
  "expert_load": [
    340691.0,
    1565449.0,
    197368.0,
    1166892.0
  ],
  "cv": 0.6955009326076236,
  "max_mean_ratio": 1.9146881115459649,
  "aux_loss": 0.0,
  "aux_loss_alpha": 0.0
}