{
  "experiment": "Exp-1",
  "epoch": 1,
  "step": 15500,
  "expert_load": [
    335623.0,
    1564749.0,
    197224.0,
    1172804.0
  ],
  "cv": 0.6976905730185825,
  "max_mean_ratio": 1.9138319471624032,
  "aux_loss": 0.0,
  "aux_loss_alpha": 0.0
}