{
  "experiment": "Exp-1",
  "epoch": 1,
  "step": 28700,
  "expert_load": [
    341907.0,
    1564962.0,
    197602.0,
    1165929.0
  ],
  "cv": 0.6947346654843359,
  "max_mean_ratio": 1.9140924657534013,
  "aux_loss": 0.0,
  "aux_loss_alpha": 0.0
}