{
  "experiment": "Exp-1",
  "epoch": 0,
  "step": 32700,
  "expert_load": [
    331180.0,
    1567437.0,
    212214.0,
    1159569.0
  ],
  "cv": 0.6925052745841402,
  "max_mean_ratio": 1.91711961839528,
  "aux_loss": 0.0,
  "aux_loss_alpha": 0.0
}