{
  "experiment": "Exp-1",
  "epoch": 1,
  "step": 40000,
  "expert_load": [
    344939.0,
    1565486.0,
    196308.0,
    1163667.0
  ],
  "cv": 0.6941809105919681,
  "max_mean_ratio": 1.914733365949096,
  "aux_loss": 0.0,
  "aux_loss_alpha": 0.0
}