{
  "experiment": "Exp-1",
  "epoch": 1,
  "step": 35900,
  "expert_load": [
    342064.0,
    1566029.0,
    200245.0,
    1162062.0
  ],
  "cv": 0.6935216640166255,
  "max_mean_ratio": 1.9153975048923444,
  "aux_loss": 0.0,
  "aux_loss_alpha": 0.0
}