{
  "experiment": "Exp-1",
  "epoch": 0,
  "step": 14300,
  "expert_load": [
    305909.0,
    1572143.0,
    226913.0,
    1165435.0
  ],
  "cv": 0.6975547333659405,
  "max_mean_ratio": 1.922875489236767,
  "aux_loss": 0.0,
  "aux_loss_alpha": 0.0
}