{
  "experiment": "Exp-1",
  "epoch": 1,
  "step": 13500,
  "expert_load": [
    344476.0,
    1559112.0,
    197574.0,
    1169238.0
  ],
  "cv": 0.6923629372553731,
  "max_mean_ratio": 1.906937377690779,
  "aux_loss": 0.0,
  "aux_loss_alpha": 0.0
}