{
  "experiment": "Exp-1",
  "epoch": 1,
  "step": 19000,
  "expert_load": [
    335919.0,
    1564408.0,
    196585.0,
    1173488.0
  ],
  "cv": 0.6978205265410874,
  "max_mean_ratio": 1.913414872798411,
  "aux_loss": 0.0,
  "aux_loss_alpha": 0.0
}