{
  "experiment": "Exp-1",
  "epoch": 1,
  "step": 4900,
  "expert_load": [
    336448.0,
    1558143.0,
    199937.0,
    1175872.0
  ],
  "cv": 0.694522841242653,
  "max_mean_ratio": 1.9057522015655344,
  "aux_loss": 0.0,
  "aux_loss_alpha": 0.0
}