{
  "experiment": "Exp-1",
  "epoch": 0,
  "step": 21000,
  "expert_load": [
    317578.0,
    1568686.0,
    210533.0,
    1173603.0
  ],
  "cv": 0.6997916157044924,
  "max_mean_ratio": 1.918647260273949,
  "aux_loss": 0.0,
  "aux_loss_alpha": 0.0
}