{
  "experiment": "Exp-1",
  "epoch": 0,
  "step": 37900,
  "expert_load": [
    343936.0,
    1547630.0,
    202480.0,
    1176354.0
  ],
  "cv": 0.6876503638698546,
  "max_mean_ratio": 1.892893835616415,
  "aux_loss": 0.0,
  "aux_loss_alpha": 0.0
}