{
  "experiment": "Exp-1",
  "epoch": 0,
  "step": 16300,
  "expert_load": [
    308185.0,
    1570517.0,
    217889.0,
    1173809.0
  ],
  "cv": 0.7007275868395217,
  "max_mean_ratio": 1.9208867416829511,
  "aux_loss": 0.0,
  "aux_loss_alpha": 0.0
}