{
  "experiment": "Exp-1",
  "epoch": 0,
  "step": 12100,
  "expert_load": [
    313569.0,
    1574563.0,
    219853.0,
    1162415.0
  ],
  "cv": 0.6981378424657448,
  "max_mean_ratio": 1.9258353718199372,
  "aux_loss": 0.0,
  "aux_loss_alpha": 0.0
}