{
  "experiment": "Exp-1",
  "epoch": 0,
  "step": 33900,
  "expert_load": [
    323538.0,
    1561782.0,
    211605.0,
    1173475.0
  ],
  "cv": 0.6950620719177997,
  "max_mean_ratio": 1.9102030332680784,
  "aux_loss": 0.0,
  "aux_loss_alpha": 0.0
}