{
  "experiment": "Exp-1",
  "epoch": 0,
  "step": 19600,
  "expert_load": [
    310125.0,
    1571789.0,
    210565.0,
    1177921.0
  ],
  "cv": 0.7038505228718114,
  "max_mean_ratio": 1.9224425146770803,
  "aux_loss": 0.0,
  "aux_loss_alpha": 0.0
}