{
  "experiment": "Exp-1",
  "epoch": 1,
  "step": 17200,
  "expert_load": [
    338640.0,
    1563510.0,
    194313.0,
    1173937.0
  ],
  "cv": 0.6976040392612439,
  "max_mean_ratio": 1.912316536203499,
  "aux_loss": 0.0,
  "aux_loss_alpha": 0.0
}