{
  "experiment": "Exp-1",
  "epoch": 1,
  "step": 600,
  "expert_load": [
    344363.0,
    1558473.0,
    202489.0,
    1165075.0
  ],
  "cv": 0.6897053112768996,
  "max_mean_ratio": 1.906155821917785,
  "aux_loss": 0.0,
  "aux_loss_alpha": 0.0
}