{
  "experiment": "Exp-1",
  "epoch": 1,
  "step": 9600,
  "expert_load": [
    341182.0,
    1554145.0,
    207398.0,
    1167675.0
  ],
  "cv": 0.6876484527886413,
  "max_mean_ratio": 1.900862279843421,
  "aux_loss": 0.0,
  "aux_loss_alpha": 0.0
}