{
  "experiment": "Exp-1",
  "epoch": 1,
  "step": 1500,
  "expert_load": [
    334793.0,
    1560102.0,
    202750.0,
    1172755.0
  ],
  "cv": 0.694202314701557,
  "max_mean_ratio": 1.9081482387475304,
  "aux_loss": 0.0,
  "aux_loss_alpha": 0.0
}