{
  "experiment": "Exp-1",
  "epoch": 1,
  "step": 33300,
  "expert_load": [
    340372.0,
    1566792.0,
    193812.0,
    1169424.0
  ],
  "cv": 0.6977862035224963,
  "max_mean_ratio": 1.9163307240704266,
  "aux_loss": 0.0,
  "aux_loss_alpha": 0.0
}