{
  "experiment": "Exp-1",
  "epoch": 0,
  "step": 3900,
  "expert_load": [
    293759.0,
    1567890.0,
    272185.0,
    1136566.0
  ],
  "cv": 0.6800438784246492,
  "max_mean_ratio": 1.917673679060642,
  "aux_loss": 0.0,
  "aux_loss_alpha": 0.0
}