{
  "experiment": "Exp-1",
  "epoch": 1,
  "step": 2600,
  "expert_load": [
    335829.0,
    1558987.0,
    204076.0,
    1171508.0
  ],
  "cv": 0.6928091364970561,
  "max_mean_ratio": 1.9067844911937144,
  "aux_loss": 0.0,
  "aux_loss_alpha": 0.0
}