{
  "experiment": "Exp-1",
  "epoch": 0,
  "step": 1600,
  "expert_load": [
    270834.0,
    1554053.0,
    290696.0,
    1154817.0
  ],
  "cv": 0.6789700801125161,
  "max_mean_ratio": 1.9007497553815815,
  "aux_loss": 0.0,
  "aux_loss_alpha": 0.0
}