{
  "experiment": "Exp-1",
  "epoch": 0,
  "step": 10800,
  "expert_load": [
    290581.0,
    1571020.0,
    230284.0,
    1178515.0
  ],
  "cv": 0.7027699975538074,
  "max_mean_ratio": 1.921501956947139,
  "aux_loss": 0.0,
  "aux_loss_alpha": 0.0
}