{
  "experiment": "Exp-1",
  "epoch": 0,
  "step": 6200,
  "expert_load": [
    306394.0,
    1568393.0,
    233548.0,
    1162065.0
  ],
  "cv": 0.6931798862524376,
  "max_mean_ratio": 1.9182888943248297,
  "aux_loss": 0.0,
  "aux_loss_alpha": 0.0
}