{
  "experiment": "Exp-1",
  "epoch": 0,
  "step": 21100,
  "expert_load": [
    310641.0,
    1571274.0,
    209711.0,
    1178774.0
  ],
  "cv": 0.7039443187377604,
  "max_mean_ratio": 1.921812622309174,
  "aux_loss": 0.0,
  "aux_loss_alpha": 0.0
}