{
  "experiment": "Exp-1",
  "epoch": 1,
  "step": 22300,
  "expert_load": [
    338175.0,
    1560792.0,
    193385.0,
    1178048.0
  ],
  "cv": 0.6977388087084063,
  "max_mean_ratio": 1.908992172211327,
  "aux_loss": 0.0,
  "aux_loss_alpha": 0.0
}