{
  "experiment": "Exp-1",
  "epoch": 1,
  "step": 30600,
  "expert_load": [
    338941.0,
    1567827.0,
    192018.0,
    1171614.0
  ],
  "cv": 0.6995812438845316,
  "max_mean_ratio": 1.9175966242661213,
  "aux_loss": 0.0,
  "aux_loss_alpha": 0.0
}