{
  "experiment": "Exp-1",
  "epoch": 0,
  "step": 11400,
  "expert_load": [
    306850.0,
    1567214.0,
    226596.0,
    1169740.0
  ],
  "cv": 0.6962162885273887,
  "max_mean_ratio": 1.9168468688845166,
  "aux_loss": 0.0,
  "aux_loss_alpha": 0.0
}