{
  "experiment": "Exp-1",
  "epoch": 1,
  "step": 9100,
  "expert_load": [
    338225.0,
    1559291.0,
    197499.0,
    1175385.0
  ],
  "cv": 0.6952396495841402,
  "max_mean_ratio": 1.9071563111545755,
  "aux_loss": 0.0,
  "aux_loss_alpha": 0.0
}