{
  "experiment": "Exp-1",
  "epoch": 0,
  "step": 22500,
  "expert_load": [
    316647.0,
    1571884.0,
    215441.0,
    1166428.0
  ],
  "cv": 0.6983883469911852,
  "max_mean_ratio": 1.9225587084148492,
  "aux_loss": 0.0,
  "aux_loss_alpha": 0.0
}