{
  "experiment": "Exp-1",
  "epoch": 0,
  "step": 16600,
  "expert_load": [
    319484.0,
    1567126.0,
    215217.0,
    1168573.0
  ],
  "cv": 0.6961843352495022,
  "max_mean_ratio": 1.9167392367905831,
  "aux_loss": 0.0,
  "aux_loss_alpha": 0.0
}