{
  "experiment": "Exp-2",
  "epoch": 0,
  "step": 21100,
  "expert_load": [
    838306.0,
    778528.0,
    878243.0,
    775323.0
  ],
  "cv": 0.05267920208537118,
  "max_mean_ratio": 1.074171966731885,
  "aux_loss": 0.08025737076997758,
  "aux_loss_alpha": 0.01
}