{
  "experiment": "Exp-2",
  "epoch": 0,
  "step": 34300,
  "expert_load": [
    832977.0,
    779667.0,
    887997.0,
    769759.0
  ],
  "cv": 0.05775747997186818,
  "max_mean_ratio": 1.0861020058708282,
  "aux_loss": 0.0801643568277359,
  "aux_loss_alpha": 0.01
}