{
  "experiment": "Exp-2",
  "epoch": 0,
  "step": 16700,
  "expert_load": [
    833138.0,
    795155.0,
    869743.0,
    772364.0
  ],
  "cv": 0.045396305688906,
  "max_mean_ratio": 1.0637756849314939,
  "aux_loss": 0.0803286051005125,
  "aux_loss_alpha": 0.01
}