{
  "experiment": "Exp-2",
  "epoch": 1,
  "step": 11500,
  "expert_load": [
    830490.0,
    791836.0,
    875824.0,
    772250.0
  ],
  "cv": 0.048449702253546376,
  "max_mean_ratio": 1.0712133072406913,
  "aux_loss": 0.08003990143537522,
  "aux_loss_alpha": 0.01
}