{
  "experiment": "Exp-2",
  "epoch": 0,
  "step": 25600,
  "expert_load": [
    826656.0,
    765425.0,
    909112.0,
    769207.0
  ],
  "cv": 0.07110933486729365,
  "max_mean_ratio": 1.1119275929549766,
  "aux_loss": 0.08023408733308315,
  "aux_loss_alpha": 0.01
}