{
  "experiment": "Exp-2",
  "epoch": 0,
  "step": 11700,
  "expert_load": [
    814384.0,
    788937.0,
    890053.0,
    777026.0
  ],
  "cv": 0.053759020303326154,
  "max_mean_ratio": 1.0886166829745463,
  "aux_loss": 0.08035232193768024,
  "aux_loss_alpha": 0.01
}