{
  "experiment": "Exp-2",
  "epoch": 0,
  "step": 23400,
  "expert_load": [
    834570.0,
    793035.0,
    865877.0,
    776918.0
  ],
  "cv": 0.042708135854940765,
  "max_mean_ratio": 1.0590472113502807,
  "aux_loss": 0.08019168429076672,
  "aux_loss_alpha": 0.01
}