{
  "experiment": "Exp-2",
  "epoch": 0,
  "step": 44100,
  "expert_load": [
    859409.0,
    780438.0,
    856430.0,
    774123.0
  ],
  "cv": 0.049406805169091864,
  "max_mean_ratio": 1.0511362524461711,
  "aux_loss": 0.08007621057331563,
  "aux_loss_alpha": 0.01
}