{
  "experiment": "Exp-2",
  "epoch": 0,
  "step": 36200,
  "expert_load": [
    829592.0,
    793566.0,
    878502.0,
    768740.0
  ],
  "cv": 0.050495314028864355,
  "max_mean_ratio": 1.074488747553803,
  "aux_loss": 0.08012792527675629,
  "aux_loss_alpha": 0.01
}