{
  "experiment": "Exp-2",
  "epoch": 1,
  "step": 1800,
  "expert_load": [
    835108.0,
    790872.0,
    871392.0,
    773028.0
  ],
  "cv": 0.04697835127201508,
  "max_mean_ratio": 1.0657925636007697,
  "aux_loss": 0.08009785637259484,
  "aux_loss_alpha": 0.01
}