{
  "experiment": "Exp-2",
  "epoch": 1,
  "step": 17600,
  "expert_load": [
    838571.0,
    785796.0,
    875068.0,
    770965.0
  ],
  "cv": 0.050904256742293895,
  "max_mean_ratio": 1.0702886497064448,
  "aux_loss": 0.08005201198160648,
  "aux_loss_alpha": 0.01
}