{
  "experiment": "Exp-2",
  "epoch": 1,
  "step": 12600,
  "expert_load": [
    836776.0,
    786508.0,
    879373.0,
    767743.0
  ],
  "cv": 0.05343965474406735,
  "max_mean_ratio": 1.0755540606653489,
  "aux_loss": 0.08005356714129448,
  "aux_loss_alpha": 0.01
}