{
  "experiment": "Exp-2",
  "epoch": 0,
  "step": 43700,
  "expert_load": [
    832704.0,
    791250.0,
    869151.0,
    777295.0
  ],
  "cv": 0.0441180837970885,
  "max_mean_ratio": 1.063051614481396,
  "aux_loss": 0.08007306270301343,
  "aux_loss_alpha": 0.01
}