{
  "experiment": "Exp-2",
  "epoch": 0,
  "step": 9200,
  "expert_load": [
    809729.0,
    805886.0,
    874658.0,
    780127.0
  ],
  "cv": 0.04262880209607335,
  "max_mean_ratio": 1.069787181996073,
  "aux_loss": 0.080407859608531,
  "aux_loss_alpha": 0.01
}