{
  "experiment": "Exp-2",
  "epoch": 0,
  "step": 34400,
  "expert_load": [
    830490.0,
    776697.0,
    887452.0,
    775761.0
  ],
  "cv": 0.05627888599253845,
  "max_mean_ratio": 1.0854354207436265,
  "aux_loss": 0.08016836524009704,
  "aux_loss_alpha": 0.01
}