{
  "experiment": "Exp-2",
  "epoch": 0,
  "step": 33600,
  "expert_load": [
    831416.0,
    782727.0,
    884125.0,
    772132.0
  ],
  "cv": 0.054355129533083975,
  "max_mean_ratio": 1.0813661937377559,
  "aux_loss": 0.0801378107815981,
  "aux_loss_alpha": 0.01
}