{
  "experiment": "Exp-2",
  "epoch": 1,
  "step": 28600,
  "expert_load": [
    839619.0,
    788127.0,
    870773.0,
    771881.0
  ],
  "cv": 0.0484284510304544,
  "max_mean_ratio": 1.065035469667306,
  "aux_loss": 0.08005753509700299,
  "aux_loss_alpha": 0.01
}