{
  "experiment": "Exp-2",
  "epoch": 1,
  "step": 42100,
  "expert_load": [
    840983.0,
    790787.0,
    865594.0,
    773036.0
  ],
  "cv": 0.04557997970431696,
  "max_mean_ratio": 1.0587010763209264,
  "aux_loss": 0.08001323744654655,
  "aux_loss_alpha": 0.01
}