{
  "experiment": "Exp-2",
  "epoch": 0,
  "step": 13400,
  "expert_load": [
    872537.0,
    739919.0,
    882484.0,
    775460.0
  ],
  "cv": 0.07499390365092863,
  "max_mean_ratio": 1.0793590998042921,
  "aux_loss": 0.08035600900650025,
  "aux_loss_alpha": 0.01
}