{
  "experiment": "Exp-2",
  "epoch": 1,
  "step": 32600,
  "expert_load": [
    838833.0,
    789783.0,
    868325.0,
    773459.0
  ],
  "cv": 0.046356958437805205,
  "max_mean_ratio": 1.0620413405087932,
  "aux_loss": 0.08004550084471702,
  "aux_loss_alpha": 0.01
}