{
  "experiment": "Exp-2",
  "epoch": 0,
  "step": 25100,
  "expert_load": [
    833096.0,
    758135.0,
    907138.0,
    772031.0
  ],
  "cv": 0.07202183792502358,
  "max_mean_ratio": 1.1095132093933329,
  "aux_loss": 0.08027644515037537,
  "aux_loss_alpha": 0.01
}