{
  "experiment": "Exp-2",
  "epoch": 0,
  "step": 13700,
  "expert_load": [
    847707.0,
    790043.0,
    866191.0,
    766459.0
  ],
  "cv": 0.04984121303968873,
  "max_mean_ratio": 1.0594312622309068,
  "aux_loss": 0.08030743956565857,
  "aux_loss_alpha": 0.01
}