{
  "experiment": "Exp-2",
  "epoch": 0,
  "step": 900,
  "expert_load": [
    819275.0,
    802787.0,
    829221.0,
    819117.0
  ],
  "cv": 0.011596490968230044,
  "max_mean_ratio": 1.0142135518590873,
  "aux_loss": 0.08127161614596844,
  "aux_loss_alpha": 0.01
}