{
  "experiment": "Exp-2",
  "epoch": 1,
  "step": 5300,
  "expert_load": [
    840948.0,
    787561.0,
    878189.0,
    763702.0
  ],
  "cv": 0.05477858690832858,
  "max_mean_ratio": 1.0741059197651532,
  "aux_loss": 0.08006556667387485,
  "aux_loss_alpha": 0.01
}