{
  "experiment": "Exp-2",
  "epoch": 0,
  "step": 23700,
  "expert_load": [
    849698.0,
    774727.0,
    874174.0,
    771801.0
  ],
  "cv": 0.05526474685818181,
  "max_mean_ratio": 1.069195205479439,
  "aux_loss": 0.08028082445263862,
  "aux_loss_alpha": 0.01
}