{
  "experiment": "Exp-2",
  "epoch": 0,
  "step": 7300,
  "expert_load": [
    822914.0,
    797999.0,
    871010.0,
    778477.0
  ],
  "cv": 0.0423500565680034,
  "max_mean_ratio": 1.0653253424657403,
  "aux_loss": 0.0803956362605095,
  "aux_loss_alpha": 0.01
}