{
  "experiment": "Exp-2",
  "epoch": 0,
  "step": 30200,
  "expert_load": [
    824083.0,
    797785.0,
    870485.0,
    778047.0
  ],
  "cv": 0.04235116499510711,
  "max_mean_ratio": 1.064683219178069,
  "aux_loss": 0.08017050109803676,
  "aux_loss_alpha": 0.01
}