{
  "experiment": "Exp-2",
  "epoch": 1,
  "step": 2400,
  "expert_load": [
    842730.0,
    785878.0,
    869842.0,
    771950.0
  ],
  "cv": 0.049118036020058105,
  "max_mean_ratio": 1.063896771037169,
  "aux_loss": 0.08008357152342796,
  "aux_loss_alpha": 0.01
}