{
  "experiment": "Exp-2",
  "epoch": 0,
  "step": 7100,
  "expert_load": [
    823616.0,
    811616.0,
    857439.0,
    777729.0
  ],
  "cv": 0.034857280454989786,
  "max_mean_ratio": 1.0487267612524334,
  "aux_loss": 0.0804137796163559,
  "aux_loss_alpha": 0.01
}