{
  "experiment": "Exp-2",
  "epoch": 1,
  "step": 41600,
  "expert_load": [
    842741.0,
    788282.0,
    868377.0,
    771000.0
  ],
  "cv": 0.04831398682118336,
  "max_mean_ratio": 1.0621049412915722,
  "aux_loss": 0.08001105837523938,
  "aux_loss_alpha": 0.01
}