{
  "experiment": "Exp-2",
  "epoch": 1,
  "step": 37800,
  "expert_load": [
    828101.0,
    796590.0,
    869292.0,
    776417.0
  ],
  "cv": 0.04289459527122012,
  "max_mean_ratio": 1.0632240704500848,
  "aux_loss": 0.08003795273602009,
  "aux_loss_alpha": 0.01
}