{
  "experiment": "Exp-2",
  "epoch": 1,
  "step": 9100,
  "expert_load": [
    842976.0,
    781262.0,
    871987.0,
    774175.0
  ],
  "cv": 0.05045928059258745,
  "max_mean_ratio": 1.0665203033267971,
  "aux_loss": 0.08008878342807293,
  "aux_loss_alpha": 0.01
}