{
  "experiment": "Exp-2",
  "epoch": 0,
  "step": 41000,
  "expert_load": [
    853690.0,
    775189.0,
    871590.0,
    769931.0
  ],
  "cv": 0.055675662762964095,
  "max_mean_ratio": 1.06603473581212,
  "aux_loss": 0.0801247414201498,
  "aux_loss_alpha": 0.01
}