{
  "experiment": "Exp-2",
  "epoch": 1,
  "step": 14300,
  "expert_load": [
    840902.0,
    793608.0,
    864243.0,
    771647.0
  ],
  "cv": 0.04496358912518291,
  "max_mean_ratio": 1.0570486790606524,
  "aux_loss": 0.08007550247013569,
  "aux_loss_alpha": 0.01
}