{
  "experiment": "Exp-2",
  "epoch": 1,
  "step": 300,
  "expert_load": [
    831517.0,
    800272.0,
    865913.0,
    772698.0
  ],
  "cv": 0.04256412155240897,
  "max_mean_ratio": 1.0590912426614352,
  "aux_loss": 0.08006548091769218,
  "aux_loss_alpha": 0.01
}