{
  "experiment": "Exp-2",
  "epoch": 0,
  "step": 23600,
  "expert_load": [
    834320.0,
    805018.0,
    867882.0,
    763180.0
  ],
  "cv": 0.047083804733365375,
  "max_mean_ratio": 1.0614995107631964,
  "aux_loss": 0.08020317099988461,
  "aux_loss_alpha": 0.01
}