{
  "experiment": "Exp-2",
  "epoch": 1,
  "step": 32100,
  "expert_load": [
    837533.0,
    789674.0,
    868312.0,
    774881.0
  ],
  "cv": 0.04565675739206158,
  "max_mean_ratio": 1.0620254403130986,
  "aux_loss": 0.08004180960357189,
  "aux_loss_alpha": 0.01
}