{
  "experiment": "Exp-2",
  "epoch": 0,
  "step": 2600,
  "expert_load": [
    798616.0,
    835907.0,
    855448.0,
    780429.0
  ],
  "cv": 0.03622961115230509,
  "max_mean_ratio": 1.0462915851271888,
  "aux_loss": 0.08059232361614704,
  "aux_loss_alpha": 0.01
}