{
  "experiment": "Exp-2",
  "epoch": 1,
  "step": 28800,
  "expert_load": [
    833835.0,
    786968.0,
    876853.0,
    772744.0
  ],
  "cv": 0.05015002943065007,
  "max_mean_ratio": 1.072471868884527,
  "aux_loss": 0.08004058592021465,
  "aux_loss_alpha": 0.01
}