{
  "experiment": "Exp-2",
  "epoch": 0,
  "step": 35600,
  "expert_load": [
    833203.0,
    782729.0,
    883096.0,
    771372.0
  ],
  "cv": 0.054307882827787986,
  "max_mean_ratio": 1.0801076320939202,
  "aux_loss": 0.08012944355607032,
  "aux_loss_alpha": 0.01
}