{
  "experiment": "Exp-2",
  "epoch": 1,
  "step": 14500,
  "expert_load": [
    833725.0,
    794974.0,
    868933.0,
    772768.0
  ],
  "cv": 0.04500968918175092,
  "max_mean_ratio": 1.0627849804305154,
  "aux_loss": 0.0800766809284687,
  "aux_loss_alpha": 0.01
}