{
  "experiment": "Exp-2",
  "epoch": 0,
  "step": 34000,
  "expert_load": [
    837777.0,
    770194.0,
    889463.0,
    772966.0
  ],
  "cv": 0.060573697024828024,
  "max_mean_ratio": 1.0878950587084015,
  "aux_loss": 0.08017946846783161,
  "aux_loss_alpha": 0.01
}