{
  "experiment": "Exp-2",
  "epoch": 1,
  "step": 9000,
  "expert_load": [
    849317.0,
    775076.0,
    876145.0,
    769862.0
  ],
  "cv": 0.05645033864359031,
  "max_mean_ratio": 1.0716059197651533,
  "aux_loss": 0.08007542781531811,
  "aux_loss_alpha": 0.01
}