{
  "experiment": "Exp-2",
  "epoch": 1,
  "step": 24200,
  "expert_load": [
    859988.0,
    765763.0,
    872306.0,
    772343.0
  ],
  "cv": 0.059683754280821184,
  "max_mean_ratio": 1.066910469667306,
  "aux_loss": 0.08005549147725105,
  "aux_loss_alpha": 0.01
}