{
  "experiment": "Exp-2",
  "epoch": 0,
  "step": 12600,
  "expert_load": [
    821075.0,
    807537.0,
    864689.0,
    777099.0
  ],
  "cv": 0.0385373205494736,
  "max_mean_ratio": 1.057594178082179,
  "aux_loss": 0.08032533660531044,
  "aux_loss_alpha": 0.01
}