{
  "experiment": "Exp-2",
  "epoch": 0,
  "step": 7000,
  "expert_load": [
    834858.0,
    798206.0,
    867428.0,
    769908.0
  ],
  "cv": 0.0450694152473698,
  "max_mean_ratio": 1.0609442270058578,
  "aux_loss": 0.08048811376094818,
  "aux_loss_alpha": 0.01
}