{
  "experiment": "Exp-2",
  "epoch": 0,
  "step": 10500,
  "expert_load": [
    819174.0,
    809932.0,
    865413.0,
    775881.0
  ],
  "cv": 0.039099907025898495,
  "max_mean_ratio": 1.0584796966731769,
  "aux_loss": 0.08033537209033965,
  "aux_loss_alpha": 0.01
}