{
  "experiment": "Exp-2",
  "epoch": 0,
  "step": 33200,
  "expert_load": [
    835066.0,
    789386.0,
    882441.0,
    763507.0
  ],
  "cv": 0.05548410553754824,
  "max_mean_ratio": 1.079306506849302,
  "aux_loss": 0.08011385388672351,
  "aux_loss_alpha": 0.01
}