{
  "experiment": "Exp-2",
  "epoch": 1,
  "step": 17500,
  "expert_load": [
    836778.0,
    781697.0,
    876245.0,
    775680.0
  ],
  "cv": 0.050626786860933824,
  "max_mean_ratio": 1.071728228962805,
  "aux_loss": 0.08005962282419204,
  "aux_loss_alpha": 0.01
}