{
  "experiment": "Exp-2",
  "epoch": 0,
  "step": 38100,
  "expert_load": [
    836753.0,
    780650.0,
    886461.0,
    766536.0
  ],
  "cv": 0.058278469376833925,
  "max_mean_ratio": 1.0842233365948986,
  "aux_loss": 0.08015817001461983,
  "aux_loss_alpha": 0.01
}