{
  "experiment": "Exp-2",
  "epoch": 0,
  "step": 4700,
  "expert_load": [
    842716.0,
    799677.0,
    853273.0,
    774734.0
  ],
  "cv": 0.03897666378730383,
  "max_mean_ratio": 1.0436313600782652,
  "aux_loss": 0.08043026879429817,
  "aux_loss_alpha": 0.01
}