{
  "experiment": "Exp-2",
  "epoch": 0,
  "step": 17800,
  "expert_load": [
    814418.0,
    789564.0,
    888951.0,
    777467.0
  ],
  "cv": 0.05295354734894749,
  "max_mean_ratio": 1.087268835616425,
  "aux_loss": 0.08028051294386387,
  "aux_loss_alpha": 0.01
}