{
  "experiment": "Exp-2",
  "epoch": 1,
  "step": 2500,
  "expert_load": [
    835348.0,
    785137.0,
    878722.0,
    771193.0
  ],
  "cv": 0.05210122901632764,
  "max_mean_ratio": 1.0747578277886365,
  "aux_loss": 0.08010449692606926,
  "aux_loss_alpha": 0.01
}