{
  "experiment": "Exp-2",
  "epoch": 1,
  "step": 40000,
  "expert_load": [
    842850.0,
    791130.0,
    866029.0,
    770391.0
  ],
  "cv": 0.047022602357509206,
  "max_mean_ratio": 1.0592331213307111,
  "aux_loss": 0.0800047655403614,
  "aux_loss_alpha": 0.01
}