{
  "experiment": "Exp-2",
  "epoch": 0,
  "step": 36100,
  "expert_load": [
    844546.0,
    787547.0,
    871207.0,
    767100.0
  ],
  "cv": 0.05135977728259477,
  "max_mean_ratio": 1.065566291585114,
  "aux_loss": 0.08014622434973717,
  "aux_loss_alpha": 0.01
}