{
  "experiment": "Exp-2",
  "epoch": 0,
  "step": 27300,
  "expert_load": [
    831366.0,
    779266.0,
    888911.0,
    770857.0
  ],
  "cv": 0.0577875842786808,
  "max_mean_ratio": 1.0872199119373644,
  "aux_loss": 0.08020194999873638,
  "aux_loss_alpha": 0.01
}