{
  "experiment": "Exp-2",
  "epoch": 0,
  "step": 43000,
  "expert_load": [
    835001.0,
    784570.0,
    880908.0,
    769921.0
  ],
  "cv": 0.053575637727800225,
  "max_mean_ratio": 1.077431506849302,
  "aux_loss": 0.08009951271116733,
  "aux_loss_alpha": 0.01
}