{
  "experiment": "Exp-2",
  "epoch": 0,
  "step": 6600,
  "expert_load": [
    823232.0,
    806850.0,
    867053.0,
    773265.0
  ],
  "cv": 0.04128942560543002,
  "max_mean_ratio": 1.060485567514664,
  "aux_loss": 0.0803401654958725,
  "aux_loss_alpha": 0.01
}