{
  "experiment": "Exp-2",
  "epoch": 0,
  "step": 36600,
  "expert_load": [
    843930.0,
    794160.0,
    861530.0,
    770780.0
  ],
  "cv": 0.04479197880993096,
  "max_mean_ratio": 1.0537304305283628,
  "aux_loss": 0.08011549971997738,
  "aux_loss_alpha": 0.01
}