{
  "experiment": "Exp-2",
  "epoch": 1,
  "step": 17000,
  "expert_load": [
    844987.0,
    775737.0,
    878621.0,
    771055.0
  ],
  "cv": 0.0560242821978956,
  "max_mean_ratio": 1.0746342954990085,
  "aux_loss": 0.0800665059685707,
  "aux_loss_alpha": 0.01
}