{
  "experiment": "Exp-2",
  "epoch": 0,
  "step": 28500,
  "expert_load": [
    844287.0,
    762745.0,
    896132.0,
    767236.0
  ],
  "cv": 0.06816769833200748,
  "max_mean_ratio": 1.096051859099791,
  "aux_loss": 0.08021310940384865,
  "aux_loss_alpha": 0.01
}