{
  "experiment": "Exp-2",
  "epoch": 1,
  "step": 39100,
  "expert_load": [
    835433.0,
    789971.0,
    869716.0,
    775280.0
  ],
  "cv": 0.04571664112188056,
  "max_mean_ratio": 1.0637426614481278,
  "aux_loss": 0.08003291077911853,
  "aux_loss_alpha": 0.01
}