{
  "experiment": "Exp-2",
  "epoch": 0,
  "step": 36900,
  "expert_load": [
    843312.0,
    796965.0,
    866544.0,
    763579.0
  ],
  "cv": 0.04892633068584823,
  "max_mean_ratio": 1.0598630136986171,
  "aux_loss": 0.0800988195836544,
  "aux_loss_alpha": 0.01
}