{
  "experiment": "Exp-2",
  "epoch": 0,
  "step": 19300,
  "expert_load": [
    823951.0,
    800075.0,
    876311.0,
    770063.0
  ],
  "cv": 0.04758365758011194,
  "max_mean_ratio": 1.071808953033255,
  "aux_loss": 0.08022248908877373,
  "aux_loss_alpha": 0.01
}