{
  "experiment": "Exp-2",
  "epoch": 0,
  "step": 26900,
  "expert_load": [
    826438.0,
    773502.0,
    900570.0,
    769890.0
  ],
  "cv": 0.06467083059411613,
  "max_mean_ratio": 1.1014799412915717,
  "aux_loss": 0.08018067605793476,
  "aux_loss_alpha": 0.01
}