{
  "experiment": "Exp-2",
  "epoch": 1,
  "step": 26400,
  "expert_load": [
    832342.0,
    780948.0,
    887578.0,
    769532.0
  ],
  "cv": 0.05726418691138629,
  "max_mean_ratio": 1.0855895303326677,
  "aux_loss": 0.08003471449017524,
  "aux_loss_alpha": 0.01
}