{
  "experiment": "Exp-2",
  "epoch": 0,
  "step": 24800,
  "expert_load": [
    822921.0,
    748646.0,
    927240.0,
    771593.0
  ],
  "cv": 0.08411935466609487,
  "max_mean_ratio": 1.13409980430527,
  "aux_loss": 0.08028352171182633,
  "aux_loss_alpha": 0.01
}