{
  "experiment": "Exp-2",
  "epoch": 1,
  "step": 39200,
  "expert_load": [
    836873.0,
    790304.0,
    868728.0,
    774495.0
  ],
  "cv": 0.045717443775990144,
  "max_mean_ratio": 1.0625342465753294,
  "aux_loss": 0.08002584509551525,
  "aux_loss_alpha": 0.01
}