{
  "experiment": "Exp-2",
  "epoch": 0,
  "step": 17400,
  "expert_load": [
    837173.0,
    794262.0,
    870210.0,
    768755.0
  ],
  "cv": 0.04769043446520245,
  "max_mean_ratio": 1.064346868884527,
  "aux_loss": 0.0803030040115118,
  "aux_loss_alpha": 0.01
}