{
  "experiment": "Exp-2",
  "epoch": 0,
  "step": 4800,
  "expert_load": [
    813146.0,
    828752.0,
    853065.0,
    775437.0
  ],
  "cv": 0.0344843066788462,
  "max_mean_ratio": 1.0433769569471496,
  "aux_loss": 0.08037489026784897,
  "aux_loss_alpha": 0.01
}