{
  "experiment": "Exp-2",
  "epoch": 0,
  "step": 12200,
  "expert_load": [
    842967.0,
    739700.0,
    916033.0,
    771700.0
  ],
  "cv": 0.0831966942117162,
  "max_mean_ratio": 1.120392612524448,
  "aux_loss": 0.08042638279497623,
  "aux_loss_alpha": 0.01
}