{
  "experiment": "Exp-2",
  "epoch": 1,
  "step": 7500,
  "expert_load": [
    851946.0,
    781738.0,
    867749.0,
    768967.0
  ],
  "cv": 0.052414240230552196,
  "max_mean_ratio": 1.0613368395303198,
  "aux_loss": 0.08007989846169948,
  "aux_loss_alpha": 0.01
}