{
  "experiment": "Exp-2",
  "epoch": 0,
  "step": 2100,
  "expert_load": [
    815281.0,
    808125.0,
    862496.0,
    784498.0
  ],
  "cv": 0.03462963484971215,
  "max_mean_ratio": 1.0549119373776779,
  "aux_loss": 0.08068626962602138,
  "aux_loss_alpha": 0.01
}