{
  "experiment": "Exp-2",
  "epoch": 1,
  "step": 43500,
  "expert_load": [
    828505.0,
    790200.0,
    878918.0,
    772777.0
  ],
  "cv": 0.04982759180834088,
  "max_mean_ratio": 1.074997553816034,
  "aux_loss": 0.08003043085336685,
  "aux_loss_alpha": 0.01
}