{
  "experiment": "Exp-2",
  "epoch": 1,
  "step": 33200,
  "expert_load": [
    833304.0,
    801631.0,
    863315.0,
    772150.0
  ],
  "cv": 0.041734095982142345,
  "max_mean_ratio": 1.055913649706445,
  "aux_loss": 0.08004125945270062,
  "aux_loss_alpha": 0.01
}