{
  "experiment": "Exp-2",
  "epoch": 0,
  "step": 39600,
  "expert_load": [
    836958.0,
    787666.0,
    873213.0,
    772563.0
  ],
  "cv": 0.048892762544336485,
  "max_mean_ratio": 1.0680198140900066,
  "aux_loss": 0.08009223699569702,
  "aux_loss_alpha": 0.01
}