{
  "experiment": "Exp-2",
  "epoch": 0,
  "step": 8400,
  "expert_load": [
    821724.0,
    803623.0,
    869975.0,
    775078.0
  ],
  "cv": 0.042208302119006336,
  "max_mean_ratio": 1.0640594422700458,
  "aux_loss": 0.08039483062922954,
  "aux_loss_alpha": 0.01
}