{
  "experiment": "Exp-2",
  "epoch": 0,
  "step": 10900,
  "expert_load": [
    820256.0,
    796715.0,
    883445.0,
    769984.0
  ],
  "cv": 0.0513337579118756,
  "max_mean_ratio": 1.0805344911937245,
  "aux_loss": 0.08035697363317013,
  "aux_loss_alpha": 0.01
}