{
  "experiment": "Exp-2",
  "epoch": 0,
  "step": 22000,
  "expert_load": [
    831922.0,
    779284.0,
    886873.0,
    772321.0
  ],
  "cv": 0.05645524056690244,
  "max_mean_ratio": 1.0847272504892236,
  "aux_loss": 0.08027167402207852,
  "aux_loss_alpha": 0.01
}