{
  "experiment": "Exp-2",
  "epoch": 0,
  "step": 40500,
  "expert_load": [
    849160.0,
    785272.0,
    861458.0,
    774510.0
  ],
  "cv": 0.0466598218107871,
  "max_mean_ratio": 1.0536423679060536,
  "aux_loss": 0.08010404400527477,
  "aux_loss_alpha": 0.01
}