{
  "experiment": "Exp-2",
  "epoch": 0,
  "step": 6800,
  "expert_load": [
    827706.0,
    806187.0,
    865974.0,
    770533.0
  ],
  "cv": 0.042314978672333144,
  "max_mean_ratio": 1.0591658512720026,
  "aux_loss": 0.08051293499767781,
  "aux_loss_alpha": 0.01
}