{
  "experiment": "Exp-2",
  "epoch": 0,
  "step": 30400,
  "expert_load": [
    837304.0,
    784400.0,
    875735.0,
    772961.0
  ],
  "cv": 0.050661726203216115,
  "max_mean_ratio": 1.0711044520547814,
  "aux_loss": 0.08017908416688442,
  "aux_loss_alpha": 0.01
}