{
  "experiment": "Exp-2",
  "epoch": 0,
  "step": 16300,
  "expert_load": [
    853892.0,
    787508.0,
    848757.0,
    780243.0
  ],
  "cv": 0.04142718111698824,
  "max_mean_ratio": 1.044388454011729,
  "aux_loss": 0.08028605610132217,
  "aux_loss_alpha": 0.01
}