{
  "experiment": "Exp-2",
  "epoch": 0,
  "step": 28100,
  "expert_load": [
    834763.0,
    773422.0,
    893496.0,
    768719.0
  ],
  "cv": 0.06235316207497477,
  "max_mean_ratio": 1.092827788649693,
  "aux_loss": 0.08022248275578021,
  "aux_loss_alpha": 0.01
}