{
  "experiment": "Exp-2",
  "epoch": 0,
  "step": 25400,
  "expert_load": [
    821870.0,
    773740.0,
    905152.0,
    769638.0
  ],
  "cv": 0.06673319777397178,
  "max_mean_ratio": 1.1070841487279708,
  "aux_loss": 0.08021560780704022,
  "aux_loss_alpha": 0.01
}