{
  "experiment": "Exp-2",
  "epoch": 0,
  "step": 30600,
  "expert_load": [
    840949.0,
    792966.0,
    864920.0,
    771565.0
  ],
  "cv": 0.0453963773544515,
  "max_mean_ratio": 1.0578767123287542,
  "aux_loss": 0.08012275598943233,
  "aux_loss_alpha": 0.01
}