{
  "experiment": "Exp-2",
  "epoch": 1,
  "step": 26100,
  "expert_load": [
    829987.0,
    779491.0,
    886795.0,
    774127.0
  ],
  "cv": 0.055659366017917614,
  "max_mean_ratio": 1.0846318493150553,
  "aux_loss": 0.08004244424402714,
  "aux_loss_alpha": 0.01
}