{
  "experiment": "Exp-2",
  "epoch": 1,
  "step": 31100,
  "expert_load": [
    834574.0,
    791357.0,
    869203.0,
    775266.0
  ],
  "cv": 0.045071598657656003,
  "max_mean_ratio": 1.0631152152641747,
  "aux_loss": 0.08001997493207455,
  "aux_loss_alpha": 0.01
}