{
  "experiment": "Exp-2",
  "epoch": 1,
  "step": 18100,
  "expert_load": [
    835751.0,
    783669.0,
    876237.0,
    774743.0
  ],
  "cv": 0.0502651816291579,
  "max_mean_ratio": 1.0717184442269927,
  "aux_loss": 0.0800396267324686,
  "aux_loss_alpha": 0.01
}