{
  "experiment": "Exp-2",
  "epoch": 0,
  "step": 30100,
  "expert_load": [
    836776.0,
    797619.0,
    863937.0,
    772068.0
  ],
  "cv": 0.043187616575953484,
  "max_mean_ratio": 1.0566744129158383,
  "aux_loss": 0.08015181362628937,
  "aux_loss_alpha": 0.01
}