{
  "experiment": "Exp-2",
  "epoch": 1,
  "step": 3200,
  "expert_load": [
    838180.0,
    790679.0,
    871327.0,
    770214.0
  ],
  "cv": 0.048464006696427975,
  "max_mean_ratio": 1.0657130626222961,
  "aux_loss": 0.08005097910761833,
  "aux_loss_alpha": 0.01
}