{
  "experiment": "Exp-2",
  "epoch": 1,
  "step": 41900,
  "expert_load": [
    835058.0,
    794450.0,
    868524.0,
    772368.0
  ],
  "cv": 0.04527048010182185,
  "max_mean_ratio": 1.0622847358121201,
  "aux_loss": 0.08001730248332023,
  "aux_loss_alpha": 0.01
}