{
  "experiment": "Exp-2",
  "epoch": 1,
  "step": 43600,
  "expert_load": [
    843546.0,
    793452.0,
    854834.0,
    778568.0
  ],
  "cv": 0.039472859302378434,
  "max_mean_ratio": 1.0455406066536075,
  "aux_loss": 0.08001166187226773,
  "aux_loss_alpha": 0.01
}