{
  "experiment": "Exp-2",
  "epoch": 0,
  "step": 9600,
  "expert_load": [
    834546.0,
    801402.0,
    864395.0,
    770057.0
  ],
  "cv": 0.04324132273575045,
  "max_mean_ratio": 1.057234589041083,
  "aux_loss": 0.08035271853208542,
  "aux_loss_alpha": 0.01
}