{
  "experiment": "Exp-2",
  "epoch": 0,
  "step": 700,
  "expert_load": [
    798263.0,
    812981.0,
    831954.0,
    827202.0
  ],
  "cv": 0.016104578663924705,
  "max_mean_ratio": 1.0175562622309073,
  "aux_loss": 0.08121243946254253,
  "aux_loss_alpha": 0.01
}