{
  "experiment": "Exp-2",
  "epoch": 0,
  "step": 3400,
  "expert_load": [
    839804.0,
    803556.0,
    856254.0,
    770786.0
  ],
  "cv": 0.04045428311521477,
  "max_mean_ratio": 1.0472773972602611,
  "aux_loss": 0.08054824359714985,
  "aux_loss_alpha": 0.01
}