{
  "experiment": "Exp-2",
  "epoch": 1,
  "step": 30700,
  "expert_load": [
    832162.0,
    795850.0,
    865998.0,
    776390.0
  ],
  "cv": 0.04204015086075046,
  "max_mean_ratio": 1.0591952054794391,
  "aux_loss": 0.08001540705561638,
  "aux_loss_alpha": 0.01
}