{
  "experiment": "Exp-2",
  "epoch": 1,
  "step": 25100,
  "expert_load": [
    835628.0,
    778909.0,
    881038.0,
    774825.0
  ],
  "cv": 0.05357953633347537,
  "max_mean_ratio": 1.077590508806249,
  "aux_loss": 0.08004555359482765,
  "aux_loss_alpha": 0.01
}