{
  "experiment": "Exp-2",
  "epoch": 0,
  "step": 28700,
  "expert_load": [
    840598.0,
    770644.0,
    894385.0,
    764773.0
  ],
  "cv": 0.0653536455785217,
  "max_mean_ratio": 1.0939151174168162,
  "aux_loss": 0.08018936671316623,
  "aux_loss_alpha": 0.01
}