{
  "experiment": "Exp-2",
  "epoch": 0,
  "step": 40100,
  "expert_load": [
    832824.0,
    797046.0,
    870493.0,
    770037.0
  ],
  "cv": 0.04622796523361,
  "max_mean_ratio": 1.0646930039138813,
  "aux_loss": 0.08010196588933467,
  "aux_loss_alpha": 0.01
}