{
  "experiment": "Exp-2",
  "epoch": 1,
  "step": 1100,
  "expert_load": [
    836758.0,
    783716.0,
    875799.0,
    774127.0
  ],
  "cv": 0.050400366736484216,
  "max_mean_ratio": 1.0711827299412784,
  "aux_loss": 0.08009910337626934,
  "aux_loss_alpha": 0.01
}