{
  "experiment": "Exp-2",
  "epoch": 1,
  "step": 30200,
  "expert_load": [
    827157.0,
    791783.0,
    876023.0,
    775437.0
  ],
  "cv": 0.04716768208781743,
  "max_mean_ratio": 1.0714567025440183,
  "aux_loss": 0.08005197450518609,
  "aux_loss_alpha": 0.01
}