{
  "experiment": "Exp-2",
  "epoch": 1,
  "step": 15900,
  "expert_load": [
    830797.0,
    783826.0,
    885691.0,
    770086.0
  ],
  "cv": 0.05540757629036136,
  "max_mean_ratio": 1.083281555772981,
  "aux_loss": 0.08007544353604316,
  "aux_loss_alpha": 0.01
}