{
  "experiment": "Exp-2",
  "epoch": 0,
  "step": 35900,
  "expert_load": [
    843471.0,
    782583.0,
    868633.0,
    775713.0
  ],
  "cv": 0.04836392337328708,
  "max_mean_ratio": 1.0624180528375604,
  "aux_loss": 0.08013163842260837,
  "aux_loss_alpha": 0.01
}