{
  "experiment": "Exp-2",
  "epoch": 1,
  "step": 36600,
  "expert_load": [
    837386.0,
    793417.0,
    866983.0,
    772614.0
  ],
  "cv": 0.045100111989358545,
  "max_mean_ratio": 1.060399951076308,
  "aux_loss": 0.08001060038805008,
  "aux_loss_alpha": 0.01
}