{
  "experiment": "Exp-2",
  "epoch": 0,
  "step": 5000,
  "expert_load": [
    801326.0,
    825020.0,
    863159.0,
    780895.0
  ],
  "cv": 0.03741331813386696,
  "max_mean_ratio": 1.0557228473581084,
  "aux_loss": 0.08044742062687874,
  "aux_loss_alpha": 0.01
}