{
  "experiment": "Exp-2",
  "epoch": 0,
  "step": 32900,
  "expert_load": [
    833936.0,
    777124.0,
    886765.0,
    772575.0
  ],
  "cv": 0.05709435867936574,
  "max_mean_ratio": 1.0845951565557597,
  "aux_loss": 0.08015993416309357,
  "aux_loss_alpha": 0.01
}