{
  "experiment": "Exp-2",
  "epoch": 1,
  "step": 19000,
  "expert_load": [
    844522.0,
    776978.0,
    876397.0,
    772503.0
  ],
  "cv": 0.05423750248440491,
  "max_mean_ratio": 1.0719141389432354,
  "aux_loss": 0.0800591354817152,
  "aux_loss_alpha": 0.01
}