{
  "experiment": "Exp-2",
  "epoch": 0,
  "step": 20800,
  "expert_load": [
    838903.0,
    779456.0,
    879313.0,
    772728.0
  ],
  "cv": 0.053770066352739065,
  "max_mean_ratio": 1.0754806751467578,
  "aux_loss": 0.08028462640941143,
  "aux_loss_alpha": 0.01
}