{
  "experiment": "Exp-2",
  "epoch": 1,
  "step": 32300,
  "expert_load": [
    838929.0,
    794062.0,
    865279.0,
    772130.0
  ],
  "cv": 0.04472977789414084,
  "max_mean_ratio": 1.0583158023483237,
  "aux_loss": 0.08004573464393616,
  "aux_loss_alpha": 0.01
}