{
  "experiment": "Exp-2",
  "epoch": 1,
  "step": 17400,
  "expert_load": [
    848071.0,
    774702.0,
    878359.0,
    769268.0
  ],
  "cv": 0.0573562293603222,
  "max_mean_ratio": 1.074313845401161,
  "aux_loss": 0.08005058199167252,
  "aux_loss_alpha": 0.01
}