{
  "experiment": "Exp-2",
  "epoch": 1,
  "step": 1300,
  "expert_load": [
    843426.0,
    788277.0,
    868447.0,
    770250.0
  ],
  "cv": 0.04874854280057426,
  "max_mean_ratio": 1.0621905577299282,
  "aux_loss": 0.08010527342557908,
  "aux_loss_alpha": 0.01
}