{
  "experiment": "Exp-2",
  "epoch": 0,
  "step": 17500,
  "expert_load": [
    835334.0,
    777262.0,
    890365.0,
    767439.0
  ],
  "cv": 0.06039312851638869,
  "max_mean_ratio": 1.0889982876712196,
  "aux_loss": 0.08027196645736695,
  "aux_loss_alpha": 0.01
}