{
  "experiment": "Exp-2",
  "epoch": 1,
  "step": 33000,
  "expert_load": [
    831530.0,
    795960.0,
    869810.0,
    773100.0
  ],
  "cv": 0.044807874227922644,
  "max_mean_ratio": 1.0638576320939204,
  "aux_loss": 0.08004075355827808,
  "aux_loss_alpha": 0.01
}