{
  "experiment": "Exp-2",
  "epoch": 0,
  "step": 28300,
  "expert_load": [
    843845.0,
    787588.0,
    871194.0,
    767773.0
  ],
  "cv": 0.05096261638484527,
  "max_mean_ratio": 1.0655503913894195,
  "aux_loss": 0.08011567629873753,
  "aux_loss_alpha": 0.01
}