{
  "experiment": "Exp-2",
  "epoch": 1,
  "step": 11600,
  "expert_load": [
    833231.0,
    794513.0,
    874372.0,
    768284.0
  ],
  "cv": 0.04904761267734774,
  "max_mean_ratio": 1.0694373776907893,
  "aux_loss": 0.08005966849625111,
  "aux_loss_alpha": 0.01
}