{
  "experiment": "Exp-2",
  "epoch": 1,
  "step": 7700,
  "expert_load": [
    832494.0,
    786477.0,
    883145.0,
    768284.0
  ],
  "cv": 0.05441964763484523,
  "max_mean_ratio": 1.0801675636007695,
  "aux_loss": 0.08005903638899327,
  "aux_loss_alpha": 0.01
}