{
  "experiment": "Exp-2",
  "epoch": 1,
  "step": 6800,
  "expert_load": [
    841441.0,
    789545.0,
    868781.0,
    770633.0
  ],
  "cv": 0.048078833055588945,
  "max_mean_ratio": 1.0625990704500847,
  "aux_loss": 0.08008031658828259,
  "aux_loss_alpha": 0.01
}