{
  "experiment": "Exp-2",
  "epoch": 1,
  "step": 6300,
  "expert_load": [
    848644.0,
    777184.0,
    870450.0,
    774122.0
  ],
  "cv": 0.052181188654292415,
  "max_mean_ratio": 1.0646404109588912,
  "aux_loss": 0.08007238432765007,
  "aux_loss_alpha": 0.01
}