{
  "experiment": "Exp-2",
  "epoch": 1,
  "step": 36200,
  "expert_load": [
    835886.0,
    793159.0,
    866397.0,
    774958.0
  ],
  "cv": 0.043806620558646724,
  "max_mean_ratio": 1.0596832191780692,
  "aux_loss": 0.08000595927238464,
  "aux_loss_alpha": 0.01
}