{
  "experiment": "Exp-2",
  "epoch": 1,
  "step": 39300,
  "expert_load": [
    829813.0,
    789988.0,
    874458.0,
    776141.0
  ],
  "cv": 0.04682725641358798,
  "max_mean_ratio": 1.0695425636007696,
  "aux_loss": 0.08004035733640194,
  "aux_loss_alpha": 0.01
}