{
  "experiment": "Exp-2",
  "epoch": 0,
  "step": 20000,
  "expert_load": [
    832732.0,
    791874.0,
    871569.0,
    774225.0
  ],
  "cv": 0.046109301423372724,
  "max_mean_ratio": 1.0660090508806133,
  "aux_loss": 0.08024330779910088,
  "aux_loss_alpha": 0.01
}