{
  "experiment": "Exp-2",
  "epoch": 0,
  "step": 14800,
  "expert_load": [
    842381.0,
    785608.0,
    865295.0,
    777116.0
  ],
  "cv": 0.045564700610016565,
  "max_mean_ratio": 1.058335371819948,
  "aux_loss": 0.08031702220439911,
  "aux_loss_alpha": 0.01
}