{
  "experiment": "Exp-2",
  "epoch": 1,
  "step": 10200,
  "expert_load": [
    838869.0,
    788151.0,
    875784.0,
    767596.0
  ],
  "cv": 0.051910823217342805,
  "max_mean_ratio": 1.0711643835616307,
  "aux_loss": 0.08007178910076618,
  "aux_loss_alpha": 0.01
}