{
  "experiment": "Exp-2",
  "epoch": 1,
  "step": 34500,
  "expert_load": [
    827750.0,
    796428.0,
    872265.0,
    773957.0
  ],
  "cv": 0.04512301629770003,
  "max_mean_ratio": 1.0668603228962688,
  "aux_loss": 0.08003971070051193,
  "aux_loss_alpha": 0.01
}