{
  "experiment": "Exp-2",
  "epoch": 0,
  "step": 23500,
  "expert_load": [
    829521.0,
    802717.0,
    867513.0,
    770649.0
  ],
  "cv": 0.0434985829332798,
  "max_mean_ratio": 1.0610481898238617,
  "aux_loss": 0.08019787296652794,
  "aux_loss_alpha": 0.01
}