{
  "experiment": "Exp-2",
  "epoch": 1,
  "step": 11700,
  "expert_load": [
    840040.0,
    789859.0,
    864426.0,
    776075.0
  ],
  "cv": 0.0440572779705841,
  "max_mean_ratio": 1.057272504892355,
  "aux_loss": 0.08004571735858917,
  "aux_loss_alpha": 0.01
}