{
  "experiment": "Exp-2",
  "epoch": 0,
  "step": 24700,
  "expert_load": [
    845113.0,
    757071.0,
    901840.0,
    766376.0
  ],
  "cv": 0.07272256451810087,
  "max_mean_ratio": 1.1030332681017478,
  "aux_loss": 0.08022665977478027,
  "aux_loss_alpha": 0.01
}