{
  "experiment": "Exp-2",
  "epoch": 1,
  "step": 25800,
  "expert_load": [
    842383.0,
    770003.0,
    885353.0,
    772661.0
  ],
  "cv": 0.05957366166982559,
  "max_mean_ratio": 1.0828681506849183,
  "aux_loss": 0.0800570534169674,
  "aux_loss_alpha": 0.01
}