{
  "experiment": "Exp-2",
  "epoch": 0,
  "step": 38200,
  "expert_load": [
    833183.0,
    785999.0,
    883714.0,
    767504.0
  ],
  "cv": 0.055114249212633866,
  "max_mean_ratio": 1.0808635029354074,
  "aux_loss": 0.08013375960290432,
  "aux_loss_alpha": 0.01
}