{
  "experiment": "Exp-2",
  "epoch": 1,
  "step": 12500,
  "expert_load": [
    825942.0,
    791318.0,
    880631.0,
    772509.0
  ],
  "cv": 0.050304769676491556,
  "max_mean_ratio": 1.0770927103718069,
  "aux_loss": 0.08005315966904164,
  "aux_loss_alpha": 0.01
}