{
  "experiment": "Exp-2",
  "epoch": 0,
  "step": 20300,
  "expert_load": [
    834615.0,
    784818.0,
    878095.0,
    772872.0
  ],
  "cv": 0.05125473470370534,
  "max_mean_ratio": 1.0739909491193607,
  "aux_loss": 0.0802550508081913,
  "aux_loss_alpha": 0.01
}