{
  "experiment": "Exp-2",
  "epoch": 0,
  "step": 32800,
  "expert_load": [
    836944.0,
    777489.0,
    887550.0,
    768417.0
  ],
  "cv": 0.05895966949761425,
  "max_mean_ratio": 1.0855552837573252,
  "aux_loss": 0.08015142045915127,
  "aux_loss_alpha": 0.01
}