{
  "experiment": "Exp-2",
  "epoch": 1,
  "step": 8600,
  "expert_load": [
    841269.0,
    782666.0,
    871168.0,
    775297.0
  ],
  "cv": 0.04907510835830419,
  "max_mean_ratio": 1.06551859099803,
  "aux_loss": 0.08005556009709835,
  "aux_loss_alpha": 0.01
}