{
  "experiment": "Exp-2",
  "epoch": 1,
  "step": 42500,
  "expert_load": [
    828237.0,
    793393.0,
    870589.0,
    778181.0
  ],
  "cv": 0.043505023276968646,
  "max_mean_ratio": 1.0648104207436269,
  "aux_loss": 0.08003812365233898,
  "aux_loss_alpha": 0.01
}