{
  "experiment": "Exp-2",
  "epoch": 0,
  "step": 42200,
  "expert_load": [
    840528.0,
    777527.0,
    884425.0,
    767920.0
  ],
  "cv": 0.05822618219483784,
  "max_mean_ratio": 1.0817331213307109,
  "aux_loss": 0.08011834226548671,
  "aux_loss_alpha": 0.01
}