{
  "experiment": "Exp-2",
  "epoch": 1,
  "step": 43000,
  "expert_load": [
    832711.0,
    795490.0,
    867655.0,
    774544.0
  ],
  "cv": 0.04357245577758019,
  "max_mean_ratio": 1.0612218688845272,
  "aux_loss": 0.08002503588795662,
  "aux_loss_alpha": 0.01
}