{
  "experiment": "Exp-2",
  "epoch": 1,
  "step": 7800,
  "expert_load": [
    853887.0,
    782015.0,
    865095.0,
    769403.0
  ],
  "cv": 0.05175343134631786,
  "max_mean_ratio": 1.0580907534246446,
  "aux_loss": 0.08008227199316025,
  "aux_loss_alpha": 0.01
}