{
  "experiment": "Exp-2",
  "epoch": 0,
  "step": 29600,
  "expert_load": [
    823255.0,
    789461.0,
    885003.0,
    772681.0
  ],
  "cv": 0.05255263117661384,
  "max_mean_ratio": 1.0824400684931375,
  "aux_loss": 0.08016348659992217,
  "aux_loss_alpha": 0.01
}