{
  "experiment": "Exp-2",
  "epoch": 0,
  "step": 1100,
  "expert_load": [
    792921.0,
    839652.0,
    828382.0,
    809445.0
  ],
  "cv": 0.021863084408634763,
  "max_mean_ratio": 1.0269716242661322,
  "aux_loss": 0.08092359602451324,
  "aux_loss_alpha": 0.01
}