{
  "experiment": "Exp-2",
  "epoch": 1,
  "step": 9500,
  "expert_load": [
    839125.0,
    790210.0,
    874692.0,
    766373.0
  ],
  "cv": 0.05151976344636679,
  "max_mean_ratio": 1.0698287671232745,
  "aux_loss": 0.08008161433041096,
  "aux_loss_alpha": 0.01
}