{
  "experiment": "Exp-2",
  "epoch": 0,
  "step": 12000,
  "expert_load": [
    817485.0,
    787508.0,
    896135.0,
    769272.0
  ],
  "cv": 0.05931959297792246,
  "max_mean_ratio": 1.0960555283757205,
  "aux_loss": 0.08031983681023121,
  "aux_loss_alpha": 0.01
}