{
  "experiment": "Exp-2",
  "epoch": 0,
  "step": 26100,
  "expert_load": [
    837899.0,
    803844.0,
    858702.0,
    769955.0
  ],
  "cv": 0.041299497003424154,
  "max_mean_ratio": 1.0502715264187739,
  "aux_loss": 0.08019652843475342,
  "aux_loss_alpha": 0.01
}