{
  "experiment": "Exp-2",
  "epoch": 0,
  "step": 11800,
  "expert_load": [
    840506.0,
    784372.0,
    875235.0,
    770287.0
  ],
  "cv": 0.05185210046936091,
  "max_mean_ratio": 1.0704929060665231,
  "aux_loss": 0.08034273646771908,
  "aux_loss_alpha": 0.01
}