{
  "experiment": "Exp-2",
  "epoch": 1,
  "step": 14000,
  "expert_load": [
    837384.0,
    786416.0,
    873302.0,
    773298.0
  ],
  "cv": 0.04903526709270977,
  "max_mean_ratio": 1.0681286692759164,
  "aux_loss": 0.08007778942584992,
  "aux_loss_alpha": 0.01
}