{
  "experiment": "Exp-2",
  "epoch": 0,
  "step": 23900,
  "expert_load": [
    832255.0,
    792559.0,
    872385.0,
    773201.0
  ],
  "cv": 0.04663208724467898,
  "max_mean_ratio": 1.0670070939334508,
  "aux_loss": 0.0802416928857565,
  "aux_loss_alpha": 0.01
}