{
  "experiment": "Exp-2",
  "epoch": 0,
  "step": 15400,
  "expert_load": [
    820749.0,
    814729.0,
    861155.0,
    773767.0
  ],
  "cv": 0.037878986515410495,
  "max_mean_ratio": 1.053271771037169,
  "aux_loss": 0.08026225484907627,
  "aux_loss_alpha": 0.01
}