{
  "experiment": "Exp-2",
  "epoch": 1,
  "step": 34400,
  "expert_load": [
    831446.0,
    802787.0,
    865739.0,
    770428.0
  ],
  "cv": 0.0430421402962935,
  "max_mean_ratio": 1.0588784246575214,
  "aux_loss": 0.08003055714070798,
  "aux_loss_alpha": 0.01
}