{
  "experiment": "Exp-2",
  "epoch": 0,
  "step": 17200,
  "expert_load": [
    834156.0,
    791176.0,
    871323.0,
    773745.0
  ],
  "cv": 0.04650062874571861,
  "max_mean_ratio": 1.06570817025439,
  "aux_loss": 0.08024940215051174,
  "aux_loss_alpha": 0.01
}