{
  "experiment": "Exp-2",
  "epoch": 0,
  "step": 400,
  "expert_load": [
    814003.0,
    815018.0,
    815442.0,
    825937.0
  ],
  "cv": 0.005921826147986412,
  "max_mean_ratio": 1.0101969178082069,
  "aux_loss": 0.08133044607937336,
  "aux_loss_alpha": 0.01
}