{
  "experiment": "Exp-2",
  "epoch": 1,
  "step": 2600,
  "expert_load": [
    848819.0,
    779337.0,
    876299.0,
    765945.0
  ],
  "cv": 0.0565555914414132,
  "max_mean_ratio": 1.0717942759295367,
  "aux_loss": 0.08009808227419853,
  "aux_loss_alpha": 0.01
}