{
  "experiment": "Exp-2",
  "epoch": 0,
  "step": 11600,
  "expert_load": [
    825453.0,
    772890.0,
    896835.0,
    775222.0
  ],
  "cv": 0.06156519940221304,
  "max_mean_ratio": 1.0969116927592821,
  "aux_loss": 0.08039366714656353,
  "aux_loss_alpha": 0.01
}