{
  "experiment": "Exp-2",
  "epoch": 1,
  "step": 39400,
  "expert_load": [
    842086.0,
    789593.0,
    869681.0,
    769040.0
  ],
  "cv": 0.04913139447773912,
  "max_mean_ratio": 1.0636998532289499,
  "aux_loss": 0.08001707911491394,
  "aux_loss_alpha": 0.01
}