{
  "experiment": "Exp-2",
  "epoch": 1,
  "step": 4100,
  "expert_load": [
    831459.0,
    792229.0,
    877248.0,
    769464.0
  ],
  "cv": 0.05009721670132033,
  "max_mean_ratio": 1.072954990215251,
  "aux_loss": 0.0801028060168028,
  "aux_loss_alpha": 0.01
}