{
  "experiment": "Exp-2",
  "epoch": 1,
  "step": 29000,
  "expert_load": [
    829856.0,
    782709.0,
    882945.0,
    774890.0
  ],
  "cv": 0.052826049565801704,
  "max_mean_ratio": 1.0799229452054662,
  "aux_loss": 0.08003669813275337,
  "aux_loss_alpha": 0.01
}