{
  "experiment": "Exp-2",
  "epoch": 1,
  "step": 26500,
  "expert_load": [
    837237.0,
    776891.0,
    886246.0,
    770026.0
  ],
  "cv": 0.05807560332833833,
  "max_mean_ratio": 1.0839603718199475,
  "aux_loss": 0.0800520221889019,
  "aux_loss_alpha": 0.01
}