{
  "experiment": "Exp-2",
  "epoch": 1,
  "step": 22300,
  "expert_load": [
    853666.0,
    774827.0,
    869555.0,
    772352.0
  ],
  "cv": 0.054276177990459216,
  "max_mean_ratio": 1.0635457436399087,
  "aux_loss": 0.08002587415277958,
  "aux_loss_alpha": 0.01
}