{
  "experiment": "Exp-2",
  "epoch": 1,
  "step": 39500,
  "expert_load": [
    843159.0,
    787182.0,
    864581.0,
    775478.0
  ],
  "cv": 0.04560015116652341,
  "max_mean_ratio": 1.057462084148715,
  "aux_loss": 0.08002042017877102,
  "aux_loss_alpha": 0.01
}