{
  "experiment": "Exp-2",
  "epoch": 0,
  "step": 40400,
  "expert_load": [
    838534.0,
    787654.0,
    870650.0,
    773562.0
  ],
  "cv": 0.04771878535500186,
  "max_mean_ratio": 1.0648850293541945,
  "aux_loss": 0.08008732452988625,
  "aux_loss_alpha": 0.01
}