{
  "experiment": "Exp-2",
  "epoch": 0,
  "step": 27200,
  "expert_load": [
    833767.0,
    783400.0,
    882131.0,
    771102.0
  ],
  "cv": 0.05386233335371754,
  "max_mean_ratio": 1.0789273483365818,
  "aux_loss": 0.08021523676812649,
  "aux_loss_alpha": 0.01
}