{
  "experiment": "Exp-2",
  "epoch": 0,
  "step": 10400,
  "expert_load": [
    830407.0,
    811261.0,
    860647.0,
    768085.0
  ],
  "cv": 0.04106467289933903,
  "max_mean_ratio": 1.0526504403130987,
  "aux_loss": 0.08033287271857262,
  "aux_loss_alpha": 0.01
}