{
  "experiment": "Exp-2",
  "epoch": 1,
  "step": 25700,
  "expert_load": [
    823999.0,
    782881.0,
    889872.0,
    773648.0
  ],
  "cv": 0.05605370807087749,
  "max_mean_ratio": 1.0883953033267968,
  "aux_loss": 0.08007125854492188,
  "aux_loss_alpha": 0.01
}