{
  "experiment": "Exp-2",
  "epoch": 1,
  "step": 31300,
  "expert_load": [
    835562.0,
    794848.0,
    866620.0,
    773370.0
  ],
  "cv": 0.04409725778956648,
  "max_mean_ratio": 1.0599559686888325,
  "aux_loss": 0.08003002800047397,
  "aux_loss_alpha": 0.01
}