{
  "experiment": "Exp-2",
  "epoch": 1,
  "step": 32500,
  "expert_load": [
    846048.0,
    792225.0,
    857389.0,
    774738.0
  ],
  "cv": 0.04269228343627639,
  "max_mean_ratio": 1.0486656066536075,
  "aux_loss": 0.08002564214169978,
  "aux_loss_alpha": 0.01
}