{
  "experiment": "Exp-2",
  "epoch": 0,
  "step": 15200,
  "expert_load": [
    850055.0,
    786862.0,
    853139.0,
    780344.0
  ],
  "cv": 0.04169820587695643,
  "max_mean_ratio": 1.043467465753412,
  "aux_loss": 0.08032816328108311,
  "aux_loss_alpha": 0.01
}