{
  "experiment": "Exp-2",
  "epoch": 1,
  "step": 16400,
  "expert_load": [
    841193.0,
    779959.0,
    876954.0,
    772294.0
  ],
  "cv": 0.05313418274522929,
  "max_mean_ratio": 1.0725954011741552,
  "aux_loss": 0.0800891337543726,
  "aux_loss_alpha": 0.01
}