{
  "experiment": "Exp-2",
  "epoch": 0,
  "step": 38400,
  "expert_load": [
    837527.0,
    764151.0,
    897672.0,
    771050.0
  ],
  "cv": 0.06652177963704664,
  "max_mean_ratio": 1.0979354207436265,
  "aux_loss": 0.08015654996037483,
  "aux_loss_alpha": 0.01
}