{
  "experiment": "Exp-2",
  "epoch": 1,
  "step": 29300,
  "expert_load": [
    834008.0,
    786246.0,
    880495.0,
    769651.0
  ],
  "cv": 0.052986795384356,
  "max_mean_ratio": 1.0769263698630005,
  "aux_loss": 0.08003476396203041,
  "aux_loss_alpha": 0.01
}