{
  "experiment": "Exp-2",
  "epoch": 0,
  "step": 2000,
  "expert_load": [
    835704.0,
    780927.0,
    861003.0,
    792766.0
  ],
  "cv": 0.039506114504341494,
  "max_mean_ratio": 1.0530858610567386,
  "aux_loss": 0.08078567326068878,
  "aux_loss_alpha": 0.01
}