{
  "experiment": "Exp-2",
  "epoch": 1,
  "step": 24500,
  "expert_load": [
    844109.0,
    773001.0,
    884306.0,
    768984.0
  ],
  "cv": 0.059621825694103965,
  "max_mean_ratio": 1.0815875733855054,
  "aux_loss": 0.08004879504442215,
  "aux_loss_alpha": 0.01
}