{
  "experiment": "Exp-2",
  "epoch": 1,
  "step": 23700,
  "expert_load": [
    835193.0,
    781762.0,
    882732.0,
    770713.0
  ],
  "cv": 0.05481596287915784,
  "max_mean_ratio": 1.079662426614468,
  "aux_loss": 0.08005277402698993,
  "aux_loss_alpha": 0.01
}