{
  "experiment": "Exp-2",
  "epoch": 1,
  "step": 33900,
  "expert_load": [
    837235.0,
    795529.0,
    867917.0,
    769719.0
  ],
  "cv": 0.04615876976057918,
  "max_mean_ratio": 1.0615423189823745,
  "aux_loss": 0.08002290397882461,
  "aux_loss_alpha": 0.01
}