{
  "experiment": "Exp-2",
  "epoch": 1,
  "step": 20200,
  "expert_load": [
    840669.0,
    768869.0,
    889907.0,
    770955.0
  ],
  "cv": 0.062098113953949825,
  "max_mean_ratio": 1.088438111545975,
  "aux_loss": 0.08006861358880997,
  "aux_loss_alpha": 0.01
}