{
  "experiment": "Exp-2",
  "epoch": 0,
  "step": 1000,
  "expert_load": [
    800667.0,
    834055.0,
    821973.0,
    813705.0
  ],
  "cv": 0.014876886953812807,
  "max_mean_ratio": 1.0201259784735688,
  "aux_loss": 0.08121293976902962,
  "aux_loss_alpha": 0.01
}