{
  "experiment": "Exp-2",
  "epoch": 1,
  "step": 37900,
  "expert_load": [
    829638.0,
    794069.0,
    873039.0,
    773654.0
  ],
  "cv": 0.04618429702788593,
  "max_mean_ratio": 1.0678069960860925,
  "aux_loss": 0.08003223076462745,
  "aux_loss_alpha": 0.01
}