{
  "experiment": "Exp-2",
  "epoch": 0,
  "step": 35800,
  "expert_load": [
    833317.0,
    790074.0,
    876670.0,
    770339.0
  ],
  "cv": 0.0501600864955351,
  "max_mean_ratio": 1.0722480430528245,
  "aux_loss": 0.08011313155293465,
  "aux_loss_alpha": 0.01
}