{
  "experiment": "Exp-2",
  "epoch": 0,
  "step": 36300,
  "expert_load": [
    846676.0,
    787734.0,
    867876.0,
    768114.0
  ],
  "cv": 0.05010921351363686,
  "max_mean_ratio": 1.0614921722113373,
  "aux_loss": 0.08011950634419918,
  "aux_loss_alpha": 0.01
}