{
  "experiment": "Exp-2",
  "epoch": 0,
  "step": 19400,
  "expert_load": [
    820260.0,
    795191.0,
    884333.0,
    770616.0
  ],
  "cv": 0.051783277657166685,
  "max_mean_ratio": 1.0816205968688712,
  "aux_loss": 0.0802185983210802,
  "aux_loss_alpha": 0.01
}