{
  "experiment": "Exp-2",
  "epoch": 0,
  "step": 42900,
  "expert_load": [
    832828.0,
    797754.0,
    870742.0,
    769076.0
  ],
  "cv": 0.046591643988502365,
  "max_mean_ratio": 1.064997553816034,
  "aux_loss": 0.08007637307047843,
  "aux_loss_alpha": 0.01
}