{
  "experiment": "Exp-2",
  "epoch": 1,
  "step": 23800,
  "expert_load": [
    837671.0,
    789383.0,
    872972.0,
    770374.0
  ],
  "cv": 0.04928695648850233,
  "max_mean_ratio": 1.067725048923666,
  "aux_loss": 0.08003783173859119,
  "aux_loss_alpha": 0.01
}