{
  "experiment": "Exp-2",
  "epoch": 0,
  "step": 39800,
  "expert_load": [
    836660.0,
    787543.0,
    874006.0,
    772191.0
  ],
  "cv": 0.04934353882552533,
  "max_mean_ratio": 1.0689897260273842,
  "aux_loss": 0.08013778500258922,
  "aux_loss_alpha": 0.01
}