{
  "experiment": "Exp-2",
  "epoch": 0,
  "step": 43500,
  "expert_load": [
    832055.0,
    790916.0,
    870084.0,
    777345.0
  ],
  "cv": 0.04450449008531012,
  "max_mean_ratio": 1.064192759295486,
  "aux_loss": 0.08010381124913693,
  "aux_loss_alpha": 0.01
}