{
  "experiment": "Exp-2",
  "epoch": 0,
  "step": 24200,
  "expert_load": [
    827685.0,
    802815.0,
    869277.0,
    770623.0
  ],
  "cv": 0.044089259914688796,
  "max_mean_ratio": 1.0632057240704371,
  "aux_loss": 0.08022377878427506,
  "aux_loss_alpha": 0.01
}