{
  "experiment": "Exp-2",
  "epoch": 1,
  "step": 3800,
  "expert_load": [
    838383.0,
    788301.0,
    876067.0,
    767649.0
  ],
  "cv": 0.051905295414933314,
  "max_mean_ratio": 1.071510518590985,
  "aux_loss": 0.08007997505366803,
  "aux_loss_alpha": 0.01
}