{
  "experiment": "Exp-2",
  "epoch": 1,
  "step": 34100,
  "expert_load": [
    840609.0,
    790859.0,
    862510.0,
    776422.0
  ],
  "cv": 0.04305662151418734,
  "max_mean_ratio": 1.0549290606653492,
  "aux_loss": 0.08003418520092964,
  "aux_loss_alpha": 0.01
}