{
  "experiment": "Exp-2",
  "epoch": 1,
  "step": 16600,
  "expert_load": [
    846673.0,
    786393.0,
    868347.0,
    768987.0
  ],
  "cv": 0.05027189907962267,
  "max_mean_ratio": 1.0620682485322765,
  "aux_loss": 0.08007517941296101,
  "aux_loss_alpha": 0.01
}