{
  "experiment": "Exp-2",
  "epoch": 0,
  "step": 31400,
  "expert_load": [
    835736.0,
    787140.0,
    877834.0,
    769690.0
  ],
  "cv": 0.051820104192147116,
  "max_mean_ratio": 1.0736717221134897,
  "aux_loss": 0.0801447469741106,
  "aux_loss_alpha": 0.01
}