{
  "experiment": "Exp-2",
  "epoch": 1,
  "step": 17700,
  "expert_load": [
    839114.0,
    787133.0,
    874854.0,
    769299.0
  ],
  "cv": 0.05117327486698812,
  "max_mean_ratio": 1.0700269080234703,
  "aux_loss": 0.08005540832877159,
  "aux_loss_alpha": 0.01
}