{
  "experiment": "Exp-2",
  "epoch": 0,
  "step": 33000,
  "expert_load": [
    842556.0,
    787550.0,
    868621.0,
    771673.0
  ],
  "cv": 0.04830143579531496,
  "max_mean_ratio": 1.0624033757338422,
  "aux_loss": 0.0801197823137045,
  "aux_loss_alpha": 0.01
}