{
  "experiment": "Exp-2",
  "epoch": 0,
  "step": 31300,
  "expert_load": [
    846328.0,
    788251.0,
    864607.0,
    771214.0
  ],
  "cv": 0.047559176629769474,
  "max_mean_ratio": 1.0574938845401045,
  "aux_loss": 0.08013984233140946,
  "aux_loss_alpha": 0.01
}