{
  "experiment": "Exp-2",
  "epoch": 1,
  "step": 42300,
  "expert_load": [
    832067.0,
    794653.0,
    870765.0,
    772915.0
  ],
  "cv": 0.04559659177776363,
  "max_mean_ratio": 1.0650256849314939,
  "aux_loss": 0.08001800335943698,
  "aux_loss_alpha": 0.01
}