{
  "experiment": "Exp-2",
  "epoch": 1,
  "step": 44100,
  "expert_load": [
    833805.0,
    792412.0,
    874077.0,
    770106.0
  ],
  "cv": 0.04870290618120048,
  "max_mean_ratio": 1.0690765655577168,
  "aux_loss": 0.08002387553453445,
  "aux_loss_alpha": 0.01
}