{
  "experiment": "Exp-2",
  "epoch": 0,
  "step": 31700,
  "expert_load": [
    836651.0,
    785332.0,
    876018.0,
    772399.0
  ],
  "cv": 0.050651210478839886,
  "max_mean_ratio": 1.0714505870841355,
  "aux_loss": 0.08013748794794083,
  "aux_loss_alpha": 0.01
}