{
  "experiment": "Exp-2",
  "epoch": 1,
  "step": 31600,
  "expert_load": [
    840398.0,
    791943.0,
    864542.0,
    773517.0
  ],
  "cv": 0.04462564785653077,
  "max_mean_ratio": 1.057414383561631,
  "aux_loss": 0.08002645328640938,
  "aux_loss_alpha": 0.01
}