{
  "experiment": "Exp-2",
  "epoch": 1,
  "step": 9300,
  "expert_load": [
    843205.0,
    777290.0,
    882541.0,
    767364.0
  ],
  "cv": 0.05808560783848999,
  "max_mean_ratio": 1.0794288160469536,
  "aux_loss": 0.08009405538439751,
  "aux_loss_alpha": 0.01
}