{
  "experiment": "Exp-2",
  "epoch": 0,
  "step": 24000,
  "expert_load": [
    835241.0,
    789535.0,
    876876.0,
    768748.0
  ],
  "cv": 0.05116199471012658,
  "max_mean_ratio": 1.072499999999987,
  "aux_loss": 0.0802264790982008,
  "aux_loss_alpha": 0.01
}