{
  "experiment": "Exp-2",
  "epoch": 1,
  "step": 27200,
  "expert_load": [
    834097.0,
    779384.0,
    885436.0,
    771483.0
  ],
  "cv": 0.05625263729207367,
  "max_mean_ratio": 1.082969667318969,
  "aux_loss": 0.08004253029823304,
  "aux_loss_alpha": 0.01
}