{
  "experiment": "Exp-2",
  "epoch": 1,
  "step": 34200,
  "expert_load": [
    833957.0,
    794915.0,
    868925.0,
    772603.0
  ],
  "cv": 0.04511015472113448,
  "max_mean_ratio": 1.0627751956947031,
  "aux_loss": 0.08001508481800557,
  "aux_loss_alpha": 0.01
}