{
  "experiment": "Exp-2",
  "epoch": 0,
  "step": 4200,
  "expert_load": [
    868070.0,
    777616.0,
    848268.0,
    776446.0
  ],
  "cv": 0.05035559965906249,
  "max_mean_ratio": 1.0617294520547815,
  "aux_loss": 0.08044646210968494,
  "aux_loss_alpha": 0.01
}