{
  "experiment": "Exp-2",
  "epoch": 1,
  "step": 42000,
  "expert_load": [
    830623.0,
    789939.0,
    875349.0,
    774489.0
  ],
  "cv": 0.047873683265043446,
  "max_mean_ratio": 1.070632338551846,
  "aux_loss": 0.08001753523945808,
  "aux_loss_alpha": 0.01
}