{
  "experiment": "Exp-2",
  "epoch": 1,
  "step": 9600,
  "expert_load": [
    836223.0,
    787881.0,
    876772.0,
    769524.0
  ],
  "cv": 0.05132128810695877,
  "max_mean_ratio": 1.0723727984344291,
  "aux_loss": 0.08006172820925712,
  "aux_loss_alpha": 0.01
}