{
  "experiment": "Exp-2",
  "epoch": 0,
  "step": 4500,
  "expert_load": [
    821948.0,
    819245.0,
    847538.0,
    781669.0
  ],
  "cv": 0.028742217121758454,
  "max_mean_ratio": 1.0366169275929422,
  "aux_loss": 0.08044669941067696,
  "aux_loss_alpha": 0.01
}