{
  "experiment": "Exp-2",
  "epoch": 1,
  "step": 15700,
  "expert_load": [
    833648.0,
    784620.0,
    879585.0,
    772547.0
  ],
  "cv": 0.05195309633378117,
  "max_mean_ratio": 1.0758133561643703,
  "aux_loss": 0.08006069868803024,
  "aux_loss_alpha": 0.01
}