{
  "experiment": "Exp-2",
  "epoch": 0,
  "step": 6000,
  "expert_load": [
    837959.0,
    795190.0,
    861522.0,
    775729.0
  ],
  "cv": 0.04147264573905282,
  "max_mean_ratio": 1.0537206457925508,
  "aux_loss": 0.08045075573027134,
  "aux_loss_alpha": 0.01
}