{
  "experiment": "Exp-2",
  "epoch": 0,
  "step": 9100,
  "expert_load": [
    825150.0,
    812138.0,
    861649.0,
    771463.0
  ],
  "cv": 0.03942348651923264,
  "max_mean_ratio": 1.0538759784735683,
  "aux_loss": 0.08038385570049286,
  "aux_loss_alpha": 0.01
}