{
  "experiment": "Exp-2",
  "epoch": 0,
  "step": 5600,
  "expert_load": [
    848403.0,
    778770.0,
    866981.0,
    776246.0
  ],
  "cv": 0.049701914330050764,
  "max_mean_ratio": 1.0603975048923548,
  "aux_loss": 0.08045722432434559,
  "aux_loss_alpha": 0.01
}