{
  "experiment": "Exp-2",
  "epoch": 1,
  "step": 19600,
  "expert_load": [
    841451.0,
    760555.0,
    890629.0,
    777765.0
  ],
  "cv": 0.0633859820281915,
  "max_mean_ratio": 1.08932118395302,
  "aux_loss": 0.08009861029684544,
  "aux_loss_alpha": 0.01
}