{
  "experiment": "Exp-2",
  "epoch": 0,
  "step": 35700,
  "expert_load": [
    830488.0,
    787041.0,
    883584.0,
    769287.0
  ],
  "cv": 0.05396867546783202,
  "max_mean_ratio": 1.0807045009784604,
  "aux_loss": 0.08010024800896645,
  "aux_loss_alpha": 0.01
}