{
  "experiment": "Exp-2",
  "epoch": 0,
  "step": 32300,
  "expert_load": [
    840424.0,
    785575.0,
    876011.0,
    768390.0
  ],
  "cv": 0.052536052547088395,
  "max_mean_ratio": 1.0714420254403,
  "aux_loss": 0.08014096803963185,
  "aux_loss_alpha": 0.01
}