{
  "experiment": "Exp-2",
  "epoch": 1,
  "step": 36300,
  "expert_load": [
    835019.0,
    794360.0,
    870831.0,
    770190.0
  ],
  "cv": 0.047072228358915766,
  "max_mean_ratio": 1.065106409001944,
  "aux_loss": 0.07999195002019405,
  "aux_loss_alpha": 0.01
}