{
  "experiment": "Exp-2",
  "epoch": 0,
  "step": 2400,
  "expert_load": [
    815383.0,
    821326.0,
    849573.0,
    784118.0
  ],
  "cv": 0.028436002190098723,
  "max_mean_ratio": 1.0391059197651535,
  "aux_loss": 0.08063483148813248,
  "aux_loss_alpha": 0.01
}