{
  "experiment": "Exp-2",
  "epoch": 0,
  "step": 19500,
  "expert_load": [
    826566.0,
    792329.0,
    880293.0,
    771212.0
  ],
  "cv": 0.05043408776449302,
  "max_mean_ratio": 1.0766793052837442,
  "aux_loss": 0.08024017125368119,
  "aux_loss_alpha": 0.01
}