{
  "experiment": "Exp-2",
  "epoch": 1,
  "step": 27900,
  "expert_load": [
    834828.0,
    790543.0,
    871244.0,
    773785.0
  ],
  "cv": 0.04667950116958113,
  "max_mean_ratio": 1.0656115459882454,
  "aux_loss": 0.08005154266953468,
  "aux_loss_alpha": 0.01
}