{
  "experiment": "Exp-2",
  "epoch": 1,
  "step": 17900,
  "expert_load": [
    831078.0,
    791638.0,
    877188.0,
    770496.0
  ],
  "cv": 0.04977698160010947,
  "max_mean_ratio": 1.07288160469666,
  "aux_loss": 0.0800246124714613,
  "aux_loss_alpha": 0.01
}