{
  "experiment": "Exp-2",
  "epoch": 1,
  "step": 8000,
  "expert_load": [
    846177.0,
    788095.0,
    862539.0,
    773589.0
  ],
  "cv": 0.04594201015166284,
  "max_mean_ratio": 1.054964530332668,
  "aux_loss": 0.08007146246731281,
  "aux_loss_alpha": 0.01
}