{
  "experiment": "Exp-2",
  "epoch": 1,
  "step": 25500,
  "expert_load": [
    838831.0,
    776898.0,
    884509.0,
    770162.0
  ],
  "cv": 0.05748072674596309,
  "max_mean_ratio": 1.0818358610567382,
  "aux_loss": 0.0800474639236927,
  "aux_loss_alpha": 0.01
}