{
  "experiment": "Exp-2",
  "epoch": 0,
  "step": 10200,
  "expert_load": [
    835903.0,
    782333.0,
    877701.0,
    774463.0
  ],
  "cv": 0.05135417781463978,
  "max_mean_ratio": 1.073509050880613,
  "aux_loss": 0.08040777400135994,
  "aux_loss_alpha": 0.01
}