{
  "experiment": "Exp-2",
  "epoch": 1,
  "step": 3600,
  "expert_load": [
    835048.0,
    782185.0,
    875552.0,
    777615.0
  ],
  "cv": 0.04936464193982327,
  "max_mean_ratio": 1.0708806262230788,
  "aux_loss": 0.08009890213608742,
  "aux_loss_alpha": 0.01
}