{
  "experiment": "Exp-2",
  "epoch": 0,
  "step": 22600,
  "expert_load": [
    835223.0,
    795782.0,
    865450.0,
    773945.0
  ],
  "cv": 0.043164826932484794,
  "max_mean_ratio": 1.058524951076308,
  "aux_loss": 0.08019282974302769,
  "aux_loss_alpha": 0.01
}