{
  "experiment": "Exp-2",
  "epoch": 0,
  "step": 2800,
  "expert_load": [
    805921.0,
    826250.0,
    853896.0,
    784333.0
  ],
  "cv": 0.03139390441536165,
  "max_mean_ratio": 1.0443933463796349,
  "aux_loss": 0.08062031880021095,
  "aux_loss_alpha": 0.01
}