{
  "experiment": "Exp-2",
  "epoch": 0,
  "step": 3700,
  "expert_load": [
    822968.0,
    808260.0,
    862431.0,
    776741.0
  ],
  "cv": 0.0376750430948809,
  "max_mean_ratio": 1.0548324363992043,
  "aux_loss": 0.08051718749105931,
  "aux_loss_alpha": 0.01
}