{
  "experiment": "Exp-2",
  "epoch": 0,
  "step": 33500,
  "expert_load": [
    840555.0,
    787939.0,
    871284.0,
    770622.0
  ],
  "cv": 0.049287768698017986,
  "max_mean_ratio": 1.065660469667306,
  "aux_loss": 0.08014528602361679,
  "aux_loss_alpha": 0.01
}