{
  "experiment": "Exp-2",
  "epoch": 1,
  "step": 35200,
  "expert_load": [
    833882.0,
    796627.0,
    871635.0,
    768256.0
  ],
  "cv": 0.04760476547211292,
  "max_mean_ratio": 1.0660897749510632,
  "aux_loss": 0.08003854423761368,
  "aux_loss_alpha": 0.01
}