{
  "experiment": "Exp-2",
  "epoch": 1,
  "step": 31000,
  "expert_load": [
    840499.0,
    793290.0,
    867660.0,
    768951.0
  ],
  "cv": 0.047323029101944136,
  "max_mean_ratio": 1.0612279843444097,
  "aux_loss": 0.08001419246196746,
  "aux_loss_alpha": 0.01
}