{
  "experiment": "Exp-2",
  "epoch": 0,
  "step": 19800,
  "expert_load": [
    830183.0,
    778526.0,
    891621.0,
    770070.0
  ],
  "cv": 0.05936508148850221,
  "max_mean_ratio": 1.0905344911937245,
  "aux_loss": 0.08025866746902466,
  "aux_loss_alpha": 0.01
}