{
  "experiment": "Exp-2",
  "epoch": 1,
  "step": 34600,
  "expert_load": [
    839907.0,
    796266.0,
    863865.0,
    770362.0
  ],
  "cv": 0.04462451076320885,
  "max_mean_ratio": 1.056586350293529,
  "aux_loss": 0.08002838477492333,
  "aux_loss_alpha": 0.01
}