{
  "experiment": "Exp-2",
  "epoch": 1,
  "step": 2000,
  "expert_load": [
    828696.0,
    787907.0,
    880113.0,
    773684.0
  ],
  "cv": 0.05058223000244556,
  "max_mean_ratio": 1.076459148727971,
  "aux_loss": 0.0801001462340355,
  "aux_loss_alpha": 0.01
}