{
  "experiment": "Exp-2",
  "epoch": 0,
  "step": 36000,
  "expert_load": [
    836378.0,
    784782.0,
    875675.0,
    773565.0
  ],
  "cv": 0.05021169046599743,
  "max_mean_ratio": 1.0710310665361904,
  "aux_loss": 0.08015378803014755,
  "aux_loss_alpha": 0.01
}