{
  "experiment": "Exp-2",
  "epoch": 0,
  "step": 18700,
  "expert_load": [
    838507.0,
    770197.0,
    890216.0,
    771480.0
  ],
  "cv": 0.06141177780240874,
  "max_mean_ratio": 1.0888160469667185,
  "aux_loss": 0.08027758963406086,
  "aux_loss_alpha": 0.01
}