{
  "experiment": "Exp-2",
  "epoch": 1,
  "step": 12000,
  "expert_load": [
    833042.0,
    790504.0,
    875044.0,
    771810.0
  ],
  "cv": 0.048805760572100676,
  "max_mean_ratio": 1.0702592954990084,
  "aux_loss": 0.08003966219723224,
  "aux_loss_alpha": 0.01
}