{
  "experiment": "Exp-2",
  "epoch": 0,
  "step": 17000,
  "expert_load": [
    831913.0,
    802994.0,
    871256.0,
    764237.0
  ],
  "cv": 0.04793823481072593,
  "max_mean_ratio": 1.0656262230919635,
  "aux_loss": 0.08023101672530174,
  "aux_loss_alpha": 0.01
}