{
  "experiment": "Exp-2",
  "epoch": 1,
  "step": 6200,
  "expert_load": [
    835098.0,
    786930.0,
    880703.0,
    767669.0
  ],
  "cv": 0.05373927883439269,
  "max_mean_ratio": 1.077180772994116,
  "aux_loss": 0.08009981840848923,
  "aux_loss_alpha": 0.01
}