{
  "experiment": "Exp-2",
  "epoch": 0,
  "step": 31800,
  "expert_load": [
    836427.0,
    783794.0,
    878737.0,
    771442.0
  ],
  "cv": 0.0524847400165111,
  "max_mean_ratio": 1.0747761741682842,
  "aux_loss": 0.08015540361404419,
  "aux_loss_alpha": 0.01
}