{
  "experiment": "Exp-2",
  "epoch": 0,
  "step": 39700,
  "expert_load": [
    834409.0,
    790425.0,
    869288.0,
    776278.0
  ],
  "cv": 0.0449400207161198,
  "max_mean_ratio": 1.0632191780821787,
  "aux_loss": 0.08011236399412155,
  "aux_loss_alpha": 0.01
}