{
  "experiment": "Exp-2",
  "epoch": 1,
  "step": 4400,
  "expert_load": [
    841724.0,
    780155.0,
    874793.0,
    773728.0
  ],
  "cv": 0.051818866767061496,
  "max_mean_ratio": 1.0699522994129027,
  "aux_loss": 0.08007851295173168,
  "aux_loss_alpha": 0.01
}