{
  "experiment": "Exp-2",
  "epoch": 1,
  "step": 36900,
  "expert_load": [
    826216.0,
    798145.0,
    875040.0,
    770999.0
  ],
  "cv": 0.04706814342282232,
  "max_mean_ratio": 1.0702544031311023,
  "aux_loss": 0.08002317413687705,
  "aux_loss_alpha": 0.01
}