{
  "experiment": "Exp-2",
  "epoch": 1,
  "step": 30000,
  "expert_load": [
    835678.0,
    790000.0,
    871801.0,
    772921.0
  ],
  "cv": 0.04745902164108308,
  "max_mean_ratio": 1.066292808219165,
  "aux_loss": 0.08004291534423828,
  "aux_loss_alpha": 0.01
}