{
  "experiment": "Exp-2",
  "epoch": 0,
  "step": 23800,
  "expert_load": [
    841610.0,
    777790.0,
    881805.0,
    769195.0
  ],
  "cv": 0.05680022416982562,
  "max_mean_ratio": 1.0785286203522373,
  "aux_loss": 0.08024921156466007,
  "aux_loss_alpha": 0.01
}