{
  "experiment": "Exp-2",
  "epoch": 0,
  "step": 29100,
  "expert_load": [
    834261.0,
    775483.0,
    887200.0,
    773456.0
  ],
  "cv": 0.05751225958598266,
  "max_mean_ratio": 1.0851272015655444,
  "aux_loss": 0.08016271263360977,
  "aux_loss_alpha": 0.01
}