{
  "experiment": "Exp-2",
  "epoch": 0,
  "step": 31500,
  "expert_load": [
    840049.0,
    785621.0,
    880579.0,
    764151.0
  ],
  "cv": 0.05588126643529775,
  "max_mean_ratio": 1.0770291095890279,
  "aux_loss": 0.08015652284026147,
  "aux_loss_alpha": 0.01
}