{
  "experiment": "Exp-2",
  "epoch": 0,
  "step": 37900,
  "expert_load": [
    845096.0,
    761905.0,
    893145.0,
    770254.0
  ],
  "cv": 0.0664496219881352,
  "max_mean_ratio": 1.0923984833659357,
  "aux_loss": 0.08015705086290836,
  "aux_loss_alpha": 0.01
}