{
  "experiment": "Exp-2",
  "epoch": 1,
  "step": 19400,
  "expert_load": [
    843509.0,
    771234.0,
    880292.0,
    775365.0
  ],
  "cv": 0.056498259005013984,
  "max_mean_ratio": 1.0766780821917676,
  "aux_loss": 0.08006294660270213,
  "aux_loss_alpha": 0.01
}