{
  "experiment": "Exp-2",
  "epoch": 0,
  "step": 39200,
  "expert_load": [
    837830.0,
    786659.0,
    873866.0,
    772045.0
  ],
  "cv": 0.049711273850292934,
  "max_mean_ratio": 1.068818493150672,
  "aux_loss": 0.08008180968463421,
  "aux_loss_alpha": 0.01
}