{
  "experiment": "Exp-2",
  "epoch": 0,
  "step": 25900,
  "expert_load": [
    829061.0,
    793079.0,
    868085.0,
    780175.0
  ],
  "cv": 0.04184512024522943,
  "max_mean_ratio": 1.0617477984344292,
  "aux_loss": 0.08020574994385242,
  "aux_loss_alpha": 0.01
}