{
  "experiment": "Exp-2",
  "epoch": 1,
  "step": 10800,
  "expert_load": [
    833802.0,
    797512.0,
    866948.0,
    772138.0
  ],
  "cv": 0.04396352510396228,
  "max_mean_ratio": 1.06035714285713,
  "aux_loss": 0.08004430703818798,
  "aux_loss_alpha": 0.01
}