{
  "experiment": "Exp-2",
  "epoch": 0,
  "step": 25800,
  "expert_load": [
    835024.0,
    789419.0,
    877865.0,
    768092.0
  ],
  "cv": 0.05182171905577236,
  "max_mean_ratio": 1.0737096379647617,
  "aux_loss": 0.08019058391451836,
  "aux_loss_alpha": 0.01
}