{
  "experiment": "Exp-2",
  "epoch": 0,
  "step": 25000,
  "expert_load": [
    828220.0,
    776385.0,
    893088.0,
    772707.0
  ],
  "cv": 0.05968538825525856,
  "max_mean_ratio": 1.0923287671232742,
  "aux_loss": 0.08017304509878159,
  "aux_loss_alpha": 0.01
}