{
  "experiment": "Exp-2",
  "epoch": 1,
  "step": 40600,
  "expert_load": [
    836946.0,
    787273.0,
    870673.0,
    775508.0
  ],
  "cv": 0.046903919436459794,
  "max_mean_ratio": 1.0649131604696542,
  "aux_loss": 0.08001353494822978,
  "aux_loss_alpha": 0.01
}