{
  "experiment": "Exp-2",
  "epoch": 0,
  "step": 9400,
  "expert_load": [
    819516.0,
    811298.0,
    867969.0,
    771617.0
  ],
  "cv": 0.041902543457986274,
  "max_mean_ratio": 1.0616059197651533,
  "aux_loss": 0.08037274457514286,
  "aux_loss_alpha": 0.01
}