{
  "experiment": "Exp-2",
  "epoch": 1,
  "step": 29600,
  "expert_load": [
    830714.0,
    791161.0,
    875315.0,
    773210.0
  ],
  "cv": 0.048046234787792956,
  "max_mean_ratio": 1.0705907534246444,
  "aux_loss": 0.0800292132794857,
  "aux_loss_alpha": 0.01
}