{
  "experiment": "Exp-2",
  "epoch": 0,
  "step": 26200,
  "expert_load": [
    828769.0,
    793926.0,
    877485.0,
    770220.0
  ],
  "cv": 0.04936612780546662,
  "max_mean_ratio": 1.0732448630136855,
  "aux_loss": 0.08021025463938714,
  "aux_loss_alpha": 0.01
}