{
  "experiment": "Exp-2",
  "epoch": 1,
  "step": 40800,
  "expert_load": [
    839286.0,
    784837.0,
    876681.0,
    769596.0
  ],
  "cv": 0.05238863651999691,
  "max_mean_ratio": 1.072261497064566,
  "aux_loss": 0.08001728169620037,
  "aux_loss_alpha": 0.01
}