{
  "experiment": "Exp-2",
  "epoch": 0,
  "step": 27600,
  "expert_load": [
    832252.0,
    791700.0,
    879965.0,
    766483.0
  ],
  "cv": 0.05256390655577235,
  "max_mean_ratio": 1.0762781311154468,
  "aux_loss": 0.08018136143684387,
  "aux_loss_alpha": 0.01
}