{
  "experiment": "Exp-2",
  "epoch": 1,
  "step": 600,
  "expert_load": [
    839594.0,
    794211.0,
    862727.0,
    773868.0
  ],
  "cv": 0.04315502308586053,
  "max_mean_ratio": 1.0551944716242532,
  "aux_loss": 0.08008010327816009,
  "aux_loss_alpha": 0.01
}