{
  "experiment": "Exp-2",
  "epoch": 1,
  "step": 16200,
  "expert_load": [
    837646.0,
    781504.0,
    877638.0,
    773612.0
  ],
  "cv": 0.05205068091823566,
  "max_mean_ratio": 1.0734319960860925,
  "aux_loss": 0.0800912793725729,
  "aux_loss_alpha": 0.01
}