{
  "experiment": "Exp-2",
  "epoch": 1,
  "step": 15800,
  "expert_load": [
    840141.0,
    784625.0,
    877586.0,
    768048.0
  ],
  "cv": 0.053485520693186725,
  "max_mean_ratio": 1.0733683953033137,
  "aux_loss": 0.08006685063242912,
  "aux_loss_alpha": 0.01
}