{
  "experiment": "Exp-2",
  "epoch": 1,
  "step": 29800,
  "expert_load": [
    825655.0,
    788820.0,
    881901.0,
    774024.0
  ],
  "cv": 0.0508968608579984,
  "max_mean_ratio": 1.0786460371819828,
  "aux_loss": 0.08003653652966022,
  "aux_loss_alpha": 0.01
}