{
  "experiment": "Exp-2",
  "epoch": 1,
  "step": 15300,
  "expert_load": [
    845663.0,
    781164.0,
    875836.0,
    767737.0
  ],
  "cv": 0.05467393610108788,
  "max_mean_ratio": 1.0712279843444097,
  "aux_loss": 0.0800605933368206,
  "aux_loss_alpha": 0.01
}