{
  "experiment": "Exp-2",
  "epoch": 0,
  "step": 2700,
  "expert_load": [
    795175.0,
    827860.0,
    862866.0,
    784499.0
  ],
  "cv": 0.03746354612585571,
  "max_mean_ratio": 1.055364481408989,
  "aux_loss": 0.08063355244696141,
  "aux_loss_alpha": 0.01
}