{
  "experiment": "Exp-2",
  "epoch": 0,
  "step": 8100,
  "expert_load": [
    829779.0,
    800384.0,
    868981.0,
    771256.0
  ],
  "cv": 0.044236771495840946,
  "max_mean_ratio": 1.0628436888453883,
  "aux_loss": 0.08038214489817619,
  "aux_loss_alpha": 0.01
}