{
  "experiment": "Exp-2",
  "epoch": 1,
  "step": 30800,
  "expert_load": [
    833870.0,
    795057.0,
    866759.0,
    774714.0
  ],
  "cv": 0.043366828216731365,
  "max_mean_ratio": 1.0601259784735682,
  "aux_loss": 0.08003269158303737,
  "aux_loss_alpha": 0.01
}