{
  "experiment": "Exp-2",
  "epoch": 1,
  "step": 800,
  "expert_load": [
    845996.0,
    780484.0,
    871394.0,
    772526.0
  ],
  "cv": 0.05156384731225475,
  "max_mean_ratio": 1.0657950097847229,
  "aux_loss": 0.08010485589504242,
  "aux_loss_alpha": 0.01
}