{
  "experiment": "Exp-2",
  "epoch": 0,
  "step": 8700,
  "expert_load": [
    819207.0,
    805744.0,
    874863.0,
    770586.0
  ],
  "cv": 0.045896578973519495,
  "max_mean_ratio": 1.070037915851259,
  "aux_loss": 0.08034145370125771,
  "aux_loss_alpha": 0.01
}