{
  "experiment": "Exp-2",
  "epoch": 1,
  "step": 20100,
  "expert_load": [
    839750.0,
    773461.0,
    883062.0,
    774127.0
  ],
  "cv": 0.05675874415209079,
  "max_mean_ratio": 1.0800660469667187,
  "aux_loss": 0.08005337379872798,
  "aux_loss_alpha": 0.01
}