{
  "experiment": "Exp-2",
  "epoch": 0,
  "step": 1400,
  "expert_load": [
    808027.0,
    817728.0,
    852233.0,
    792412.0
  ],
  "cv": 0.026835225622247716,
  "max_mean_ratio": 1.0423593444226877,
  "aux_loss": 0.0808923926204443,
  "aux_loss_alpha": 0.01
}