{
  "experiment": "Exp-2",
  "epoch": 1,
  "step": 34300,
  "expert_load": [
    836449.0,
    794664.0,
    867804.0,
    771483.0
  ],
  "cv": 0.04547108151907968,
  "max_mean_ratio": 1.061404109589028,
  "aux_loss": 0.08003574267029762,
  "aux_loss_alpha": 0.01
}