{
  "experiment": "Exp-2",
  "epoch": 0,
  "step": 34800,
  "expert_load": [
    842122.0,
    772341.0,
    889070.0,
    766867.0
  ],
  "cv": 0.06215998520823065,
  "max_mean_ratio": 1.0874143835616306,
  "aux_loss": 0.08015329979360103,
  "aux_loss_alpha": 0.01
}