{
  "experiment": "Exp-2",
  "epoch": 0,
  "step": 1700,
  "expert_load": [
    814275.0,
    815249.0,
    850843.0,
    790033.0
  ],
  "cv": 0.026527419715477903,
  "max_mean_ratio": 1.0406592465753297,
  "aux_loss": 0.08075606621801854,
  "aux_loss_alpha": 0.01
}