{
  "experiment": "Exp-2",
  "epoch": 0,
  "step": 13200,
  "expert_load": [
    849713.0,
    750979.0,
    895869.0,
    773839.0
  ],
  "cv": 0.07108328205265324,
  "max_mean_ratio": 1.095730185909967,
  "aux_loss": 0.08040357172489167,
  "aux_loss_alpha": 0.01
}