{
  "experiment": "Exp-2",
  "epoch": 0,
  "step": 41100,
  "expert_load": [
    849428.0,
    777482.0,
    869217.0,
    774273.0
  ],
  "cv": 0.05176157732998958,
  "max_mean_ratio": 1.063132338551846,
  "aux_loss": 0.08010243132710457,
  "aux_loss_alpha": 0.01
}