{
  "experiment": "Exp-2",
  "epoch": 1,
  "step": 25900,
  "expert_load": [
    830941.0,
    776519.0,
    892568.0,
    770372.0
  ],
  "cv": 0.060280928938355426,
  "max_mean_ratio": 1.0916927592954857,
  "aux_loss": 0.0800482065975666,
  "aux_loss_alpha": 0.01
}