{
  "experiment": "Exp-2",
  "epoch": 0,
  "step": 35500,
  "expert_load": [
    834906.0,
    782136.0,
    886179.0,
    767179.0
  ],
  "cv": 0.05737641037793472,
  "max_mean_ratio": 1.083878424657521,
  "aux_loss": 0.0801526067405939,
  "aux_loss_alpha": 0.01
}