{
  "experiment": "Exp-2",
  "epoch": 0,
  "step": 30700,
  "expert_load": [
    840910.0,
    786735.0,
    872164.0,
    770591.0
  ],
  "cv": 0.04999395142795927,
  "max_mean_ratio": 1.0667367906066405,
  "aux_loss": 0.08016664877533913,
  "aux_loss_alpha": 0.01
}