{
  "experiment": "Exp-2",
  "epoch": 0,
  "step": 30800,
  "expert_load": [
    837130.0,
    789229.0,
    872317.0,
    771724.0
  ],
  "cv": 0.048481722419275335,
  "max_mean_ratio": 1.0669239236790475,
  "aux_loss": 0.0801314214617014,
  "aux_loss_alpha": 0.01
}