{
  "experiment": "Exp-2",
  "epoch": 1,
  "step": 28900,
  "expert_load": [
    827658.0,
    782361.0,
    887193.0,
    773188.0
  ],
  "cv": 0.055237743280637776,
  "max_mean_ratio": 1.0851186399217088,
  "aux_loss": 0.08003415241837501,
  "aux_loss_alpha": 0.01
}