{
  "experiment": "Exp-2",
  "epoch": 1,
  "step": 31400,
  "expert_load": [
    832574.0,
    794216.0,
    870929.0,
    772681.0
  ],
  "cv": 0.04589745807087762,
  "max_mean_ratio": 1.0652262720156425,
  "aux_loss": 0.08003070533275604,
  "aux_loss_alpha": 0.01
}