{
  "experiment": "Exp-2",
  "epoch": 0,
  "step": 26600,
  "expert_load": [
    833745.0,
    789330.0,
    870251.0,
    777074.0
  ],
  "cv": 0.0452475375718561,
  "max_mean_ratio": 1.0643970156555642,
  "aux_loss": 0.08018414467573166,
  "aux_loss_alpha": 0.01
}