{
  "experiment": "Exp-2",
  "epoch": 1,
  "step": 19900,
  "expert_load": [
    836108.0,
    765709.0,
    892700.0,
    775883.0
  ],
  "cv": 0.0624122765946054,
  "max_mean_ratio": 1.091854207436386,
  "aux_loss": 0.08010027542710305,
  "aux_loss_alpha": 0.01
}