{
  "experiment": "Exp-2",
  "epoch": 0,
  "step": 20100,
  "expert_load": [
    814813.0,
    784062.0,
    891145.0,
    780380.0
  ],
  "cv": 0.05444738220095335,
  "max_mean_ratio": 1.0899522994129025,
  "aux_loss": 0.08027779012918472,
  "aux_loss_alpha": 0.01
}