{
  "experiment": "Exp-2",
  "epoch": 0,
  "step": 27900,
  "expert_load": [
    833985.0,
    787434.0,
    879667.0,
    769314.0
  ],
  "cv": 0.052473020310970495,
  "max_mean_ratio": 1.0759136497064448,
  "aux_loss": 0.08019307404756545,
  "aux_loss_alpha": 0.01
}