{
  "experiment": "Exp-2",
  "epoch": 0,
  "step": 3500,
  "expert_load": [
    838862.0,
    795372.0,
    865305.0,
    770861.0
  ],
  "cv": 0.04496613086319661,
  "max_mean_ratio": 1.0583476027397132,
  "aux_loss": 0.08059487640857696,
  "aux_loss_alpha": 0.01
}