{
  "experiment": "Exp-2",
  "epoch": 1,
  "step": 10100,
  "expert_load": [
    844294.0,
    784605.0,
    871255.0,
    770246.0
  ],
  "cv": 0.05088158176369801,
  "max_mean_ratio": 1.065624999999987,
  "aux_loss": 0.08006148673593998,
  "aux_loss_alpha": 0.01
}