{
  "experiment": "Exp-2",
  "epoch": 1,
  "step": 27100,
  "expert_load": [
    830284.0,
    783807.0,
    879646.0,
    776663.0
  ],
  "cv": 0.05053455330387658,
  "max_mean_ratio": 1.075887964774938,
  "aux_loss": 0.08003329649567605,
  "aux_loss_alpha": 0.01
}