{
  "experiment": "Exp-2",
  "epoch": 0,
  "step": 4100,
  "expert_load": [
    801684.0,
    825663.0,
    870044.0,
    773009.0
  ],
  "cv": 0.04348887941841923,
  "max_mean_ratio": 1.0641438356164252,
  "aux_loss": 0.08047214202582836,
  "aux_loss_alpha": 0.01
}