{
  "experiment": "Exp-2",
  "epoch": 1,
  "step": 9200,
  "expert_load": [
    841758.0,
    782591.0,
    875533.0,
    770518.0
  ],
  "cv": 0.05254381631451746,
  "max_mean_ratio": 1.070857387475525,
  "aux_loss": 0.08008793845772744,
  "aux_loss_alpha": 0.01
}