{
  "experiment": "Exp-2",
  "epoch": 0,
  "step": 16400,
  "expert_load": [
    820998.0,
    804616.0,
    874439.0,
    770347.0
  ],
  "cv": 0.045941914597602176,
  "max_mean_ratio": 1.0695193248532158,
  "aux_loss": 0.08023993857204914,
  "aux_loss_alpha": 0.01
}