{
  "experiment": "Exp-2",
  "epoch": 1,
  "step": 1500,
  "expert_load": [
    841411.0,
    786500.0,
    878349.0,
    764140.0
  ],
  "cv": 0.054979943202665665,
  "max_mean_ratio": 1.074301614481396,
  "aux_loss": 0.08013402469456196,
  "aux_loss_alpha": 0.01
}