{
  "experiment": "Exp-2",
  "epoch": 0,
  "step": 15300,
  "expert_load": [
    830827.0,
    804584.0,
    860712.0,
    774277.0
  ],
  "cv": 0.03906192906448704,
  "max_mean_ratio": 1.0527299412915723,
  "aux_loss": 0.08031364865601062,
  "aux_loss_alpha": 0.01
}