{
  "experiment": "Exp-2",
  "epoch": 0,
  "step": 1600,
  "expert_load": [
    810174.0,
    799380.0,
    860125.0,
    800721.0
  ],
  "cv": 0.030457140181628786,
  "max_mean_ratio": 1.052011986301357,
  "aux_loss": 0.08078482761979103,
  "aux_loss_alpha": 0.01
}