{
  "experiment": "Exp-2",
  "epoch": 0,
  "step": 12900,
  "expert_load": [
    849050.0,
    774055.0,
    878065.0,
    769230.0
  ],
  "cv": 0.05763132950097777,
  "max_mean_ratio": 1.073954256360065,
  "aux_loss": 0.08028884537518025,
  "aux_loss_alpha": 0.01
}