{
  "experiment": "Exp-2",
  "epoch": 0,
  "step": 17600,
  "expert_load": [
    821920.0,
    746991.0,
    926480.0,
    775009.0
  ],
  "cv": 0.08356757774278273,
  "max_mean_ratio": 1.1331702544031172,
  "aux_loss": 0.08031154215335846,
  "aux_loss_alpha": 0.01
}