{
  "experiment": "Exp-2",
  "epoch": 0,
  "step": 16600,
  "expert_load": [
    840521.0,
    783913.0,
    870493.0,
    775473.0
  ],
  "cv": 0.04827937714041037,
  "max_mean_ratio": 1.0646930039138813,
  "aux_loss": 0.08026578418910503,
  "aux_loss_alpha": 0.01
}