{
  "experiment": "Exp-2",
  "epoch": 0,
  "step": 2300,
  "expert_load": [
    791293.0,
    835192.0,
    861587.0,
    782328.0
  ],
  "cv": 0.03954063101990534,
  "max_mean_ratio": 1.0538001467710243,
  "aux_loss": 0.08061839021742344,
  "aux_loss_alpha": 0.01
}