{
  "experiment": "Exp-2",
  "epoch": 0,
  "step": 4300,
  "expert_load": [
    896566.0,
    741704.0,
    856162.0,
    775968.0
  ],
  "cv": 0.07543633328491835,
  "max_mean_ratio": 1.0965826810175991,
  "aux_loss": 0.08055842727422714,
  "aux_loss_alpha": 0.01
}