{
  "experiment": "Exp-2",
  "epoch": 1,
  "step": 21300,
  "expert_load": [
    833786.0,
    787137.0,
    874448.0,
    775029.0
  ],
  "cv": 0.04828490016511683,
  "max_mean_ratio": 1.0695303326810046,
  "aux_loss": 0.0800065640360117,
  "aux_loss_alpha": 0.01
}