{
  "experiment": "Exp-2",
  "epoch": 1,
  "step": 14800,
  "expert_load": [
    831306.0,
    794149.0,
    872741.0,
    772204.0
  ],
  "cv": 0.04673079936704933,
  "max_mean_ratio": 1.0674425146770907,
  "aux_loss": 0.08005970694124699,
  "aux_loss_alpha": 0.01
}