{
  "experiment": "Exp-2",
  "epoch": 1,
  "step": 43700,
  "expert_load": [
    834588.0,
    797978.0,
    865837.0,
    771997.0
  ],
  "cv": 0.04358764409552295,
  "max_mean_ratio": 1.0589982876712198,
  "aux_loss": 0.08000966288149357,
  "aux_loss_alpha": 0.01
}