{
  "experiment": "Exp-2",
  "epoch": 1,
  "step": 35800,
  "expert_load": [
    834254.0,
    792958.0,
    867157.0,
    776031.0
  ],
  "cv": 0.0435378747630254,
  "max_mean_ratio": 1.0606127690802218,
  "aux_loss": 0.08001309387385845,
  "aux_loss_alpha": 0.01
}