{
  "experiment": "Exp-2",
  "epoch": 1,
  "step": 28100,
  "expert_load": [
    829972.0,
    784618.0,
    882512.0,
    773298.0
  ],
  "cv": 0.05266796970553996,
  "max_mean_ratio": 1.0793933463796346,
  "aux_loss": 0.0800349110364914,
  "aux_loss_alpha": 0.01
}