{
  "experiment": "Exp-2",
  "epoch": 1,
  "step": 11100,
  "expert_load": [
    828992.0,
    799007.0,
    875159.0,
    767242.0
  ],
  "cv": 0.04863403559197592,
  "max_mean_ratio": 1.0703999510763078,
  "aux_loss": 0.08006560064852238,
  "aux_loss_alpha": 0.01
}