{
  "experiment": "Exp-2",
  "epoch": 1,
  "step": 34700,
  "expert_load": [
    833559.0,
    795486.0,
    869906.0,
    771449.0
  ],
  "cv": 0.04580292166095834,
  "max_mean_ratio": 1.0639750489236661,
  "aux_loss": 0.08002674952149391,
  "aux_loss_alpha": 0.01
}