{
  "experiment": "Exp-2",
  "epoch": 0,
  "step": 14600,
  "expert_load": [
    832093.0,
    790102.0,
    870624.0,
    777581.0
  ],
  "cv": 0.04485285152427783,
  "max_mean_ratio": 1.064853228962805,
  "aux_loss": 0.0802816118299961,
  "aux_loss_alpha": 0.01
}