{
  "experiment": "Exp-2",
  "epoch": 0,
  "step": 20600,
  "expert_load": [
    832264.0,
    785814.0,
    883803.0,
    768519.0
  ],
  "cv": 0.05475698213521215,
  "max_mean_ratio": 1.0809723581213175,
  "aux_loss": 0.08024710960686207,
  "aux_loss_alpha": 0.01
}