{
  "experiment": "Exp-2",
  "epoch": 1,
  "step": 10700,
  "expert_load": [
    840532.0,
    789340.0,
    873255.0,
    767273.0
  ],
  "cv": 0.051000111798250355,
  "max_mean_ratio": 1.0680711839530201,
  "aux_loss": 0.08005455866456032,
  "aux_loss_alpha": 0.01
}