{
  "experiment": "Exp-2",
  "epoch": 1,
  "step": 36700,
  "expert_load": [
    829417.0,
    797629.0,
    869545.0,
    773809.0
  ],
  "cv": 0.043905495122920205,
  "max_mean_ratio": 1.0635335127201435,
  "aux_loss": 0.08000002324581146,
  "aux_loss_alpha": 0.01
}