{
  "experiment": "Exp-2",
  "epoch": 1,
  "step": 33500,
  "expert_load": [
    833596.0,
    795142.0,
    865931.0,
    775731.0
  ],
  "cv": 0.04258543966334341,
  "max_mean_ratio": 1.0591132583170124,
  "aux_loss": 0.0800278826802969,
  "aux_loss_alpha": 0.01
}