{
  "experiment": "Exp-2",
  "epoch": 1,
  "step": 400,
  "expert_load": [
    837259.0,
    791319.0,
    866921.0,
    774901.0
  ],
  "cv": 0.04465932588521227,
  "max_mean_ratio": 1.060324119373764,
  "aux_loss": 0.08010995008051396,
  "aux_loss_alpha": 0.01
}