{
  "experiment": "Exp-2",
  "epoch": 1,
  "step": 12400,
  "expert_load": [
    837517.0,
    789234.0,
    874313.0,
    769336.0
  ],
  "cv": 0.05023281746881054,
  "max_mean_ratio": 1.0693652152641748,
  "aux_loss": 0.08005903549492359,
  "aux_loss_alpha": 0.01
}