{
  "experiment": "Exp-2",
  "epoch": 1,
  "step": 30900,
  "expert_load": [
    839369.0,
    790186.0,
    867097.0,
    773748.0
  ],
  "cv": 0.04575724204225727,
  "max_mean_ratio": 1.0605393835616308,
  "aux_loss": 0.0800231333076954,
  "aux_loss_alpha": 0.01
}