{
  "experiment": "Exp-2",
  "epoch": 1,
  "step": 36400,
  "expert_load": [
    834488.0,
    794884.0,
    865045.0,
    775983.0
  ],
  "cv": 0.04229946547058412,
  "max_mean_ratio": 1.0580295988258188,
  "aux_loss": 0.07999051086604596,
  "aux_loss_alpha": 0.01
}