{
  "experiment": "Exp-2",
  "epoch": 0,
  "step": 21600,
  "expert_load": [
    841760.0,
    787147.0,
    869143.0,
    772350.0
  ],
  "cv": 0.04821268996147201,
  "max_mean_ratio": 1.063041829745584,
  "aux_loss": 0.08023948185145854,
  "aux_loss_alpha": 0.01
}