{
  "experiment": "Exp-2",
  "epoch": 0,
  "step": 23300,
  "expert_load": [
    826459.0,
    802587.0,
    869791.0,
    771563.0
  ],
  "cv": 0.043874655049840464,
  "max_mean_ratio": 1.0638343933463665,
  "aux_loss": 0.08023149371147156,
  "aux_loss_alpha": 0.01
}