{
  "experiment": "Exp-2",
  "epoch": 1,
  "step": 12300,
  "expert_load": [
    820915.0,
    791178.0,
    887381.0,
    770926.0
  ],
  "cv": 0.05386106248471069,
  "max_mean_ratio": 1.085348581213294,
  "aux_loss": 0.08006423808634282,
  "aux_loss_alpha": 0.01
}