{
  "experiment": "Exp-2",
  "epoch": 1,
  "step": 900,
  "expert_load": [
    833110.0,
    781666.0,
    885529.0,
    770095.0
  ],
  "cv": 0.05605874376987456,
  "max_mean_ratio": 1.0830834148727853,
  "aux_loss": 0.08011027015745639,
  "aux_loss_alpha": 0.01
}