{
  "experiment": "Exp-2",
  "epoch": 1,
  "step": 7100,
  "expert_load": [
    827101.0,
    791653.0,
    882209.0,
    769437.0
  ],
  "cv": 0.05209823817422882,
  "max_mean_ratio": 1.07902274951075,
  "aux_loss": 0.080098138153553,
  "aux_loss_alpha": 0.01
}