{
  "experiment": "Exp-2",
  "epoch": 1,
  "step": 29900,
  "expert_load": [
    833183.0,
    788200.0,
    873624.0,
    775393.0
  ],
  "cv": 0.04747782668022202,
  "max_mean_ratio": 1.0685225048923548,
  "aux_loss": 0.08005008779466152,
  "aux_loss_alpha": 0.01
}