{
  "experiment": "Exp-2",
  "epoch": 1,
  "step": 7400,
  "expert_load": [
    842640.0,
    781513.0,
    877346.0,
    768901.0
  ],
  "cv": 0.05425364634295433,
  "max_mean_ratio": 1.0730748532289496,
  "aux_loss": 0.08005624875426293,
  "aux_loss_alpha": 0.01
}