{
  "experiment": "Exp-2",
  "epoch": 0,
  "step": 28400,
  "expert_load": [
    831590.0,
    785662.0,
    880966.0,
    772182.0
  ],
  "cv": 0.052228320694715606,
  "max_mean_ratio": 1.0775024461839398,
  "aux_loss": 0.08021479420363903,
  "aux_loss_alpha": 0.01
}