{
  "experiment": "Exp-2",
  "epoch": 1,
  "step": 23100,
  "expert_load": [
    841648.0,
    793818.0,
    861433.0,
    773501.0
  ],
  "cv": 0.04328580792869321,
  "max_mean_ratio": 1.0536117906066407,
  "aux_loss": 0.08001801565289497,
  "aux_loss_alpha": 0.01
}