{
  "experiment": "Exp-2",
  "epoch": 0,
  "step": 15800,
  "expert_load": [
    824529.0,
    802580.0,
    868850.0,
    774441.0
  ],
  "cv": 0.042204972059992144,
  "max_mean_ratio": 1.0626834637964644,
  "aux_loss": 0.0802648788690567,
  "aux_loss_alpha": 0.01
}