{
  "experiment": "Exp-2",
  "epoch": 0,
  "step": 39900,
  "expert_load": [
    834973.0,
    780219.0,
    889224.0,
    765984.0
  ],
  "cv": 0.0595853240429298,
  "max_mean_ratio": 1.0876027397260142,
  "aux_loss": 0.0801110601425171,
  "aux_loss_alpha": 0.01
}