{
  "experiment": "Exp-2",
  "epoch": 1,
  "step": 3300,
  "expert_load": [
    842907.0,
    788357.0,
    865393.0,
    773743.0
  ],
  "cv": 0.04618368548189768,
  "max_mean_ratio": 1.0584552348336465,
  "aux_loss": 0.08007265485823155,
  "aux_loss_alpha": 0.01
}