{
  "experiment": "Exp-2",
  "epoch": 1,
  "step": 23500,
  "expert_load": [
    847683.0,
    776762.0,
    874712.0,
    771243.0
  ],
  "cv": 0.05464183471440735,
  "max_mean_ratio": 1.0698532289628049,
  "aux_loss": 0.08004158459603787,
  "aux_loss_alpha": 0.01
}