{
  "experiment": "Exp-2",
  "epoch": 1,
  "step": 13800,
  "expert_load": [
    840240.0,
    794337.0,
    868508.0,
    767315.0
  ],
  "cv": 0.04805188203277828,
  "max_mean_ratio": 1.0622651663404958,
  "aux_loss": 0.08008295312523842,
  "aux_loss_alpha": 0.01
}