{
  "experiment": "Exp-2",
  "epoch": 0,
  "step": 41300,
  "expert_load": [
    856767.0,
    777612.0,
    863562.0,
    772459.0
  ],
  "cv": 0.05219074406035895,
  "max_mean_ratio": 1.0562157534246446,
  "aux_loss": 0.08009961590170861,
  "aux_loss_alpha": 0.01
}