{
  "experiment": "Exp-2",
  "epoch": 1,
  "step": 4200,
  "expert_load": [
    832635.0,
    796530.0,
    865284.0,
    775951.0
  ],
  "cv": 0.04182902416371035,
  "max_mean_ratio": 1.0583219178082062,
  "aux_loss": 0.08007189318537712,
  "aux_loss_alpha": 0.01
}