{
  "experiment": "Exp-2",
  "epoch": 1,
  "step": 10900,
  "expert_load": [
    840127.0,
    798887.0,
    858727.0,
    772659.0
  ],
  "cv": 0.04133601298770742,
  "max_mean_ratio": 1.0503021037181868,
  "aux_loss": 0.08004705108702183,
  "aux_loss_alpha": 0.01
}