{
  "experiment": "Exp-2",
  "epoch": 0,
  "step": 22100,
  "expert_load": [
    826908.0,
    786816.0,
    881013.0,
    775663.0
  ],
  "cv": 0.050482051125244,
  "max_mean_ratio": 1.077559931506836,
  "aux_loss": 0.0802305667847395,
  "aux_loss_alpha": 0.01
}