{
  "experiment": "Exp-2",
  "epoch": 1,
  "step": 31800,
  "expert_load": [
    843714.0,
    790247.0,
    863968.0,
    772471.0
  ],
  "cv": 0.04583228542380081,
  "max_mean_ratio": 1.0567123287671103,
  "aux_loss": 0.08003147386014461,
  "aux_loss_alpha": 0.01
}