{
  "experiment": "Exp-2",
  "epoch": 0,
  "step": 9800,
  "expert_load": [
    814062.0,
    813335.0,
    867745.0,
    775258.0
  ],
  "cv": 0.040278898414566534,
  "max_mean_ratio": 1.0613319471624136,
  "aux_loss": 0.08035483419895172,
  "aux_loss_alpha": 0.01
}