{
  "experiment": "Exp-2",
  "epoch": 1,
  "step": 12700,
  "expert_load": [
    831876.0,
    791110.0,
    882208.0,
    765206.0
  ],
  "cv": 0.05409624491652331,
  "max_mean_ratio": 1.0790215264187735,
  "aux_loss": 0.08006266124546528,
  "aux_loss_alpha": 0.01
}