{
  "experiment": "Exp-2",
  "epoch": 1,
  "step": 22900,
  "expert_load": [
    827398.0,
    789371.0,
    884065.0,
    769566.0
  ],
  "cv": 0.053375523636251795,
  "max_mean_ratio": 1.0812928082191648,
  "aux_loss": 0.08001718528568745,
  "aux_loss_alpha": 0.01
}