{
  "experiment": "Exp-2",
  "epoch": 1,
  "step": 28000,
  "expert_load": [
    832195.0,
    786497.0,
    877796.0,
    773912.0
  ],
  "cv": 0.05010428292410653,
  "max_mean_ratio": 1.073625244618382,
  "aux_loss": 0.08004976704716682,
  "aux_loss_alpha": 0.01
}