{
  "experiment": "Exp-2",
  "epoch": 1,
  "step": 200,
  "expert_load": [
    831033.0,
    794593.0,
    874626.0,
    770148.0
  ],
  "cv": 0.048205279744067416,
  "max_mean_ratio": 1.0697480430528246,
  "aux_loss": 0.08010293267667294,
  "aux_loss_alpha": 0.01
}