{
  "experiment": "Exp-2",
  "epoch": 0,
  "step": 8200,
  "expert_load": [
    833159.0,
    779517.0,
    884112.0,
    773612.0
  ],
  "cv": 0.05487305165270236,
  "max_mean_ratio": 1.0813502935420611,
  "aux_loss": 0.08045729741454125,
  "aux_loss_alpha": 0.01
}