{
  "experiment": "Exp-2",
  "epoch": 1,
  "step": 16900,
  "expert_load": [
    843259.0,
    777104.0,
    879680.0,
    770357.0
  ],
  "cv": 0.055996170193247846,
  "max_mean_ratio": 1.0759295499021395,
  "aux_loss": 0.08006645664572716,
  "aux_loss_alpha": 0.01
}