{
  "experiment": "Exp-2",
  "epoch": 0,
  "step": 18600,
  "expert_load": [
    833452.0,
    777206.0,
    891339.0,
    768403.0
  ],
  "cv": 0.06035666508683879,
  "max_mean_ratio": 1.0901895792563467,
  "aux_loss": 0.08031429052352905,
  "aux_loss_alpha": 0.01
}