{
  "experiment": "Exp-2",
  "epoch": 0,
  "step": 25500,
  "expert_load": [
    824599.0,
    764077.0,
    910638.0,
    771086.0
  ],
  "cv": 0.0716666157045001,
  "max_mean_ratio": 1.113794031311141,
  "aux_loss": 0.08020598225295544,
  "aux_loss_alpha": 0.01
}