{
  "experiment": "Exp-2",
  "epoch": 1,
  "step": 21700,
  "expert_load": [
    832868.0,
    781040.0,
    884888.0,
    771604.0
  ],
  "cv": 0.05542189984405509,
  "max_mean_ratio": 1.082299412915838,
  "aux_loss": 0.0800491851568222,
  "aux_loss_alpha": 0.01
}