{
  "experiment": "Exp-2",
  "epoch": 1,
  "step": 4300,
  "expert_load": [
    839372.0,
    798423.0,
    862102.0,
    770503.0
  ],
  "cv": 0.04341689376681698,
  "max_mean_ratio": 1.0544300391389303,
  "aux_loss": 0.08006608761847019,
  "aux_loss_alpha": 0.01
}