{
  "experiment": "Exp-2",
  "epoch": 1,
  "step": 13900,
  "expert_load": [
    839936.0,
    791646.0,
    870024.0,
    768794.0
  ],
  "cv": 0.048550774561215156,
  "max_mean_ratio": 1.064119373776895,
  "aux_loss": 0.0800695163756609,
  "aux_loss_alpha": 0.01
}