{
  "experiment": "Exp-2",
  "epoch": 1,
  "step": 15400,
  "expert_load": [
    846899.0,
    785838.0,
    869728.0,
    767935.0
  ],
  "cv": 0.05135237662059624,
  "max_mean_ratio": 1.0637573385518462,
  "aux_loss": 0.08005209781229496,
  "aux_loss_alpha": 0.01
}