{
  "experiment": "Exp-2",
  "epoch": 1,
  "step": 11300,
  "expert_load": [
    830492.0,
    792500.0,
    882104.0,
    765304.0
  ],
  "cv": 0.053634542028497385,
  "max_mean_ratio": 1.0788943248532157,
  "aux_loss": 0.08002505749464035,
  "aux_loss_alpha": 0.01
}