{
  "experiment": "Exp-2",
  "epoch": 0,
  "step": 13600,
  "expert_load": [
    860276.0,
    778945.0,
    855189.0,
    775990.0
  ],
  "cv": 0.04915161371697591,
  "max_mean_ratio": 1.052196673189811,
  "aux_loss": 0.08029863961040974,
  "aux_loss_alpha": 0.01
}