{
  "experiment": "Exp-2",
  "epoch": 1,
  "step": 24800,
  "expert_load": [
    835969.0,
    780208.0,
    885527.0,
    768696.0
  ],
  "cv": 0.05717631539719842,
  "max_mean_ratio": 1.083080968688832,
  "aux_loss": 0.080044836550951,
  "aux_loss_alpha": 0.01
}