{
  "experiment": "Exp-2",
  "epoch": 0,
  "step": 40800,
  "expert_load": [
    844995.0,
    781450.0,
    867641.0,
    776314.0
  ],
  "cv": 0.048408585341242066,
  "max_mean_ratio": 1.0612047455968558,
  "aux_loss": 0.08009813584387303,
  "aux_loss_alpha": 0.01
}