{
  "experiment": "Exp-2",
  "epoch": 1,
  "step": 24000,
  "expert_load": [
    839358.0,
    779895.0,
    877526.0,
    773621.0
  ],
  "cv": 0.052679479192147105,
  "max_mean_ratio": 1.0732950097847227,
  "aux_loss": 0.08006067834794521,
  "aux_loss_alpha": 0.01
}