{
  "experiment": "Exp-2",
  "epoch": 1,
  "step": 32900,
  "expert_load": [
    835342.0,
    794401.0,
    864371.0,
    776286.0
  ],
  "cv": 0.04213612058157972,
  "max_mean_ratio": 1.0572052348336465,
  "aux_loss": 0.08003300413489342,
  "aux_loss_alpha": 0.01
}