{
  "experiment": "Exp-2",
  "epoch": 0,
  "step": 18900,
  "expert_load": [
    814210.0,
    781392.0,
    902413.0,
    772385.0
  ],
  "cv": 0.06284405672853396,
  "max_mean_ratio": 1.1037340998042917,
  "aux_loss": 0.08024383209645748,
  "aux_loss_alpha": 0.01
}