{
  "experiment": "Exp-2",
  "epoch": 0,
  "step": 15100,
  "expert_load": [
    826011.0,
    806622.0,
    863555.0,
    774212.0
  ],
  "cv": 0.03956490891786889,
  "max_mean_ratio": 1.056207191780809,
  "aux_loss": 0.08026696726679802,
  "aux_loss_alpha": 0.01
}