{
  "experiment": "Exp-2",
  "epoch": 1,
  "step": 31200,
  "expert_load": [
    835825.0,
    792253.0,
    867258.0,
    775064.0
  ],
  "cv": 0.04431008057118341,
  "max_mean_ratio": 1.06073630136985,
  "aux_loss": 0.08003199182450771,
  "aux_loss_alpha": 0.01
}