{
  "experiment": "Exp-2",
  "epoch": 0,
  "step": 24100,
  "expert_load": [
    837678.0,
    795563.0,
    861087.0,
    776072.0
  ],
  "cv": 0.041044028444532275,
  "max_mean_ratio": 1.053188600782766,
  "aux_loss": 0.08019250512123108,
  "aux_loss_alpha": 0.01
}