{
  "experiment": "Exp-2",
  "epoch": 0,
  "step": 12500,
  "expert_load": [
    838320.0,
    785494.0,
    873156.0,
    773430.0
  ],
  "cv": 0.04929520280393775,
  "max_mean_ratio": 1.067950097847345,
  "aux_loss": 0.08032189056277275,
  "aux_loss_alpha": 0.01
}