{
  "experiment": "Exp-2",
  "epoch": 0,
  "step": 41400,
  "expert_load": [
    853304.0,
    775212.0,
    866086.0,
    775798.0
  ],
  "cv": 0.05178252278008743,
  "max_mean_ratio": 1.0593028375733726,
  "aux_loss": 0.08012457415461541,
  "aux_loss_alpha": 0.01
}