{
  "experiment": "Exp-2",
  "epoch": 0,
  "step": 20700,
  "expert_load": [
    842414.0,
    777999.0,
    877753.0,
    772234.0
  ],
  "cv": 0.05421909877232076,
  "max_mean_ratio": 1.0735726516633919,
  "aux_loss": 0.08021600224077702,
  "aux_loss_alpha": 0.01
}