{
  "experiment": "Exp-2",
  "epoch": 1,
  "step": 24400,
  "expert_load": [
    846433.0,
    772045.0,
    879472.0,
    772450.0
  ],
  "cv": 0.05728089453889362,
  "max_mean_ratio": 1.075675146771024,
  "aux_loss": 0.0800410494208336,
  "aux_loss_alpha": 0.01
}