{
  "experiment": "Exp-2",
  "epoch": 1,
  "step": 22200,
  "expert_load": [
    855920.0,
    779471.0,
    865118.0,
    769891.0
  ],
  "cv": 0.05280710119557176,
  "max_mean_ratio": 1.0581188845401044,
  "aux_loss": 0.08004037506878375,
  "aux_loss_alpha": 0.01
}