{
  "experiment": "Exp-2",
  "epoch": 0,
  "step": 22700,
  "expert_load": [
    837846.0,
    785043.0,
    873571.0,
    773940.0
  ],
  "cv": 0.049337805581885406,
  "max_mean_ratio": 1.0684576810175994,
  "aux_loss": 0.08022349022328853,
  "aux_loss_alpha": 0.01
}