{
  "experiment": "Exp-2",
  "epoch": 0,
  "step": 4600,
  "expert_load": [
    836693.0,
    787012.0,
    870314.0,
    776381.0
  ],
  "cv": 0.04648530187438789,
  "max_mean_ratio": 1.0644740704500848,
  "aux_loss": 0.08052270650863648,
  "aux_loss_alpha": 0.01
}