{
  "experiment": "Exp-2",
  "epoch": 0,
  "step": 42400,
  "expert_load": [
    827111.0,
    791807.0,
    885058.0,
    766424.0
  ],
  "cv": 0.05444237516817448,
  "max_mean_ratio": 1.0825073385518458,
  "aux_loss": 0.08010977447032928,
  "aux_loss_alpha": 0.01
}