{
  "experiment": "Exp-2",
  "epoch": 1,
  "step": 13500,
  "expert_load": [
    832463.0,
    785366.0,
    880453.0,
    772118.0
  ],
  "cv": 0.05217548885457372,
  "max_mean_ratio": 1.0768749999999867,
  "aux_loss": 0.08008424587547779,
  "aux_loss_alpha": 0.01
}