{
  "experiment": "Exp-2",
  "epoch": 0,
  "step": 40600,
  "expert_load": [
    852835.0,
    779911.0,
    865527.0,
    772127.0
  ],
  "cv": 0.051263305902947025,
  "max_mean_ratio": 1.0586191291584996,
  "aux_loss": 0.08011126466095447,
  "aux_loss_alpha": 0.01
}