{
  "experiment": "Exp-2",
  "epoch": 0,
  "step": 20500,
  "expert_load": [
    841462.0,
    784943.0,
    868423.0,
    775572.0
  ],
  "cv": 0.04731170594575529,
  "max_mean_ratio": 1.0621612035224919,
  "aux_loss": 0.08024001859128475,
  "aux_loss_alpha": 0.01
}