{
  "experiment": "Exp-2",
  "epoch": 0,
  "step": 34500,
  "expert_load": [
    838958.0,
    775224.0,
    880039.0,
    776179.0
  ],
  "cv": 0.05423905046018769,
  "max_mean_ratio": 1.076368639921709,
  "aux_loss": 0.08015904739499093,
  "aux_loss_alpha": 0.01
}