{
  "experiment": "Exp-2",
  "epoch": 1,
  "step": 43900,
  "expert_load": [
    833221.0,
    794349.0,
    869480.0,
    773350.0
  ],
  "cv": 0.04508144072590454,
  "max_mean_ratio": 1.06345401174167,
  "aux_loss": 0.08002868436276912,
  "aux_loss_alpha": 0.01
}