{
  "experiment": "Exp-2",
  "epoch": 1,
  "step": 43400,
  "expert_load": [
    834512.0,
    794495.0,
    867661.0,
    773732.0
  ],
  "cv": 0.044312244870657484,
  "max_mean_ratio": 1.0612292074363863,
  "aux_loss": 0.08002173826098442,
  "aux_loss_alpha": 0.01
}