{
  "experiment": "Exp-2",
  "epoch": 0,
  "step": 18400,
  "expert_load": [
    824273.0,
    782831.0,
    892636.0,
    770660.0
  ],
  "cv": 0.05829665331457854,
  "max_mean_ratio": 1.0917759295498888,
  "aux_loss": 0.08024846106767654,
  "aux_loss_alpha": 0.01
}