{
  "experiment": "Exp-2",
  "epoch": 0,
  "step": 26400,
  "expert_load": [
    832898.0,
    762725.0,
    909319.0,
    765458.0
  ],
  "cv": 0.07332550586319626,
  "max_mean_ratio": 1.1121807729941156,
  "aux_loss": 0.08021905057132245,
  "aux_loss_alpha": 0.01
}