{
  "experiment": "Exp-2",
  "epoch": 1,
  "step": 3400,
  "expert_load": [
    841877.0,
    789940.0,
    867908.0,
    770675.0
  ],
  "cv": 0.0477135203262592,
  "max_mean_ratio": 1.0615313111545859,
  "aux_loss": 0.08007547818124294,
  "aux_loss_alpha": 0.01
}