{
  "experiment": "Exp-2",
  "epoch": 0,
  "step": 5400,
  "expert_load": [
    825579.0,
    803890.0,
    868897.0,
    772034.0
  ],
  "cv": 0.04306634891756307,
  "max_mean_ratio": 1.0627409491193607,
  "aux_loss": 0.08051329582929612,
  "aux_loss_alpha": 0.01
}