{
  "experiment": "Exp-2",
  "epoch": 0,
  "step": 14100,
  "expert_load": [
    864782.0,
    779294.0,
    852081.0,
    774243.0
  ],
  "cv": 0.0502892373639304,
  "max_mean_ratio": 1.057707925635995,
  "aux_loss": 0.08034734435379505,
  "aux_loss_alpha": 0.01
}