{
  "experiment": "Exp-2",
  "epoch": 0,
  "step": 7600,
  "expert_load": [
    809727.0,
    817961.0,
    869319.0,
    773393.0
  ],
  "cv": 0.04188633748929743,
  "max_mean_ratio": 1.0632570939334507,
  "aux_loss": 0.08042168222367764,
  "aux_loss_alpha": 0.01
}