{
  "experiment": "Exp-2",
  "epoch": 0,
  "step": 11900,
  "expert_load": [
    826415.0,
    788379.0,
    882863.0,
    772743.0
  ],
  "cv": 0.05190213735322833,
  "max_mean_ratio": 1.079822651663392,
  "aux_loss": 0.08034465037286281,
  "aux_loss_alpha": 0.01
}