{
  "experiment": "Exp-2",
  "epoch": 1,
  "step": 14200,
  "expert_load": [
    837127.0,
    785623.0,
    873940.0,
    773710.0
  ],
  "cv": 0.049320945067881,
  "max_mean_ratio": 1.068909001956934,
  "aux_loss": 0.08006381884217262,
  "aux_loss_alpha": 0.01
}