{
  "experiment": "Exp-2",
  "epoch": 0,
  "step": 42700,
  "expert_load": [
    831450.0,
    786697.0,
    879440.0,
    772813.0
  ],
  "cv": 0.05108103653222785,
  "max_mean_ratio": 1.0756360078277756,
  "aux_loss": 0.08008688896894454,
  "aux_loss_alpha": 0.01
}