{
  "experiment": "Exp-2",
  "epoch": 0,
  "step": 3900,
  "expert_load": [
    814870.0,
    815375.0,
    857361.0,
    782794.0
  ],
  "cv": 0.03238768814594505,
  "max_mean_ratio": 1.048631360078265,
  "aux_loss": 0.0805178289860487,
  "aux_loss_alpha": 0.01
}