{
  "experiment": "Exp-2",
  "epoch": 0,
  "step": 6700,
  "expert_load": [
    828308.0,
    806082.0,
    870060.0,
    765950.0
  ],
  "cv": 0.046037267994740144,
  "max_mean_ratio": 1.0641634050880495,
  "aux_loss": 0.08039965115487575,
  "aux_loss_alpha": 0.01
}