{
  "experiment": "Exp-2",
  "epoch": 1,
  "step": 24700,
  "expert_load": [
    839481.0,
    774535.0,
    883270.0,
    773114.0
  ],
  "cv": 0.05679456736943424,
  "max_mean_ratio": 1.080320450097834,
  "aux_loss": 0.08003912776708604,
  "aux_loss_alpha": 0.01
}