{
  "experiment": "Exp-2",
  "epoch": 1,
  "step": 42600,
  "expert_load": [
    840442.0,
    794912.0,
    862201.0,
    772845.0
  ],
  "cv": 0.04336702410255573,
  "max_mean_ratio": 1.0545511252446056,
  "aux_loss": 0.08002714604139329,
  "aux_loss_alpha": 0.01
}