{
  "experiment": "Exp-2",
  "epoch": 1,
  "step": 8700,
  "expert_load": [
    857200.0,
    775379.0,
    868657.0,
    769164.0
  ],
  "cv": 0.05572669340906243,
  "max_mean_ratio": 1.0624474070449967,
  "aux_loss": 0.08005231380462646,
  "aux_loss_alpha": 0.01
}