{
  "experiment": "Exp-2",
  "epoch": 0,
  "step": 37500,
  "expert_load": [
    828125.0,
    789024.0,
    881447.0,
    771804.0
  ],
  "cv": 0.05153368567300573,
  "max_mean_ratio": 1.0780907534246444,
  "aux_loss": 0.08012757882475853,
  "aux_loss_alpha": 0.01
}