{
  "experiment": "Exp-2",
  "epoch": 1,
  "step": 7300,
  "expert_load": [
    841551.0,
    786211.0,
    873060.0,
    769578.0
  ],
  "cv": 0.05094895215417012,
  "max_mean_ratio": 1.0678326810175995,
  "aux_loss": 0.08006467297673225,
  "aux_loss_alpha": 0.01
}