{
  "experiment": "Exp-2",
  "epoch": 0,
  "step": 9300,
  "expert_load": [
    821900.0,
    810297.0,
    864393.0,
    773810.0
  ],
  "cv": 0.03953337607784932,
  "max_mean_ratio": 1.0572321428571299,
  "aux_loss": 0.0803326103836298,
  "aux_loss_alpha": 0.01
}