{
  "experiment": "Exp-2",
  "epoch": 1,
  "step": 40100,
  "expert_load": [
    841440.0,
    789936.0,
    863618.0,
    775406.0
  ],
  "cv": 0.04423313566383263,
  "max_mean_ratio": 1.0562842465753295,
  "aux_loss": 0.0800136860460043,
  "aux_loss_alpha": 0.01
}