{
  "experiment": "Exp-2",
  "epoch": 1,
  "step": 41400,
  "expert_load": [
    842598.0,
    790938.0,
    867851.0,
    769013.0
  ],
  "cv": 0.04823707058005078,
  "max_mean_ratio": 1.0614615949119244,
  "aux_loss": 0.08002380892634392,
  "aux_loss_alpha": 0.01
}