{
  "experiment": "Exp-2",
  "epoch": 1,
  "step": 29400,
  "expert_load": [
    826064.0,
    783529.0,
    888109.0,
    772698.0
  ],
  "cv": 0.05544594602342153,
  "max_mean_ratio": 1.086238992172198,
  "aux_loss": 0.08003713719546796,
  "aux_loss_alpha": 0.01
}