{
  "experiment": "Exp-2",
  "epoch": 0,
  "step": 21800,
  "expert_load": [
    848697.0,
    782955.0,
    870197.0,
    768551.0
  ],
  "cv": 0.0523918519141383,
  "max_mean_ratio": 1.0643309686888323,
  "aux_loss": 0.08025042362511157,
  "aux_loss_alpha": 0.01
}