{
  "experiment": "Exp-2",
  "epoch": 0,
  "step": 5300,
  "expert_load": [
    813906.0,
    813465.0,
    870969.0,
    772060.0
  ],
  "cv": 0.04303860957375192,
  "max_mean_ratio": 1.0652751956947033,
  "aux_loss": 0.08044598251581192,
  "aux_loss_alpha": 0.01
}