{
  "experiment": "Exp-2",
  "epoch": 0,
  "step": 43200,
  "expert_load": [
    819051.0,
    793034.0,
    888400.0,
    769915.0
  ],
  "cv": 0.05432818806567937,
  "max_mean_ratio": 1.0865949119373643,
  "aux_loss": 0.08013477697968482,
  "aux_loss_alpha": 0.01
}