{
  "experiment": "Exp-2",
  "epoch": 0,
  "step": 14300,
  "expert_load": [
    822346.0,
    803323.0,
    871354.0,
    773377.0
  ],
  "cv": 0.04355101822406992,
  "max_mean_ratio": 1.065746086105662,
  "aux_loss": 0.0802949894219637,
  "aux_loss_alpha": 0.01
}