{
  "experiment": "Exp-2",
  "epoch": 0,
  "step": 16200,
  "expert_load": [
    839381.0,
    789954.0,
    865130.0,
    775935.0
  ],
  "cv": 0.044242241965814035,
  "max_mean_ratio": 1.0581335616438226,
  "aux_loss": 0.08033015951514244,
  "aux_loss_alpha": 0.01
}