{
  "experiment": "Exp-2",
  "epoch": 0,
  "step": 13300,
  "expert_load": [
    839792.0,
    776651.0,
    876349.0,
    777608.0
  ],
  "cv": 0.05196381749938782,
  "max_mean_ratio": 1.0718554305283625,
  "aux_loss": 0.08032778941094876,
  "aux_loss_alpha": 0.01
}