{
  "experiment": "Exp-2",
  "epoch": 1,
  "step": 33100,
  "expert_load": [
    830276.0,
    794336.0,
    873657.0,
    772131.0
  ],
  "cv": 0.04702033772627144,
  "max_mean_ratio": 1.06856286692758,
  "aux_loss": 0.08001834318041802,
  "aux_loss_alpha": 0.01
}