{
  "experiment": "Exp-2",
  "epoch": 1,
  "step": 1600,
  "expert_load": [
    823165.0,
    792609.0,
    879732.0,
    774894.0
  ],
  "cv": 0.04869268667441232,
  "max_mean_ratio": 1.0759931506849183,
  "aux_loss": 0.0801184505969286,
  "aux_loss_alpha": 0.01
}