{
  "experiment": "Exp-2",
  "epoch": 0,
  "step": 4000,
  "expert_load": [
    808742.0,
    807942.0,
    881676.0,
    772040.0
  ],
  "cv": 0.048744429198262614,
  "max_mean_ratio": 1.0783708414872666,
  "aux_loss": 0.08050825752317906,
  "aux_loss_alpha": 0.01
}