{
  "experiment": "Exp-2",
  "epoch": 1,
  "step": 11200,
  "expert_load": [
    840392.0,
    787739.0,
    877391.0,
    764878.0
  ],
  "cv": 0.05389149167532958,
  "max_mean_ratio": 1.073129892367893,
  "aux_loss": 0.08005649290978908,
  "aux_loss_alpha": 0.01
}