{
  "experiment": "Exp-2",
  "epoch": 0,
  "step": 43600,
  "expert_load": [
    842220.0,
    780785.0,
    877211.0,
    770184.0
  ],
  "cv": 0.053882848810542394,
  "max_mean_ratio": 1.07290973581212,
  "aux_loss": 0.08008585281670094,
  "aux_loss_alpha": 0.01
}