{
  "experiment": "Exp-2",
  "epoch": 1,
  "step": 36000,
  "expert_load": [
    841120.0,
    795517.0,
    860129.0,
    773634.0
  ],
  "cv": 0.04229217469575535,
  "max_mean_ratio": 1.052016878669263,
  "aux_loss": 0.0800127961486578,
  "aux_loss_alpha": 0.01
}