{
  "experiment": "Exp-2",
  "epoch": 1,
  "step": 2700,
  "expert_load": [
    859224.0,
    760872.0,
    883602.0,
    766702.0
  ],
  "cv": 0.06670476566322081,
  "max_mean_ratio": 1.0807265166340376,
  "aux_loss": 0.0801219916343689,
  "aux_loss_alpha": 0.01
}