{
  "experiment": "Exp-2",
  "epoch": 1,
  "step": 12200,
  "expert_load": [
    837213.0,
    786743.0,
    876262.0,
    770182.0
  ],
  "cv": 0.051262441138698,
  "max_mean_ratio": 1.0717490215264056,
  "aux_loss": 0.08005739189684391,
  "aux_loss_alpha": 0.01
}