{
  "experiment": "Exp-2",
  "epoch": 1,
  "step": 39900,
  "expert_load": [
    834956.0,
    787761.0,
    870294.0,
    777389.0
  ],
  "cv": 0.04570331133041774,
  "max_mean_ratio": 1.0644496086105544,
  "aux_loss": 0.08002670951187611,
  "aux_loss_alpha": 0.01
}