{
  "experiment": "Exp-2",
  "epoch": 1,
  "step": 18600,
  "expert_load": [
    835714.0,
    780077.0,
    878592.0,
    776017.0
  ],
  "cv": 0.051838264241376567,
  "max_mean_ratio": 1.0745988258316894,
  "aux_loss": 0.08002735570073127,
  "aux_loss_alpha": 0.01
}