{
  "experiment": "Exp-2",
  "epoch": 1,
  "step": 22100,
  "expert_load": [
    844277.0,
    780563.0,
    874014.0,
    771546.0
  ],
  "cv": 0.05256063382919456,
  "max_mean_ratio": 1.0689995107631962,
  "aux_loss": 0.08004274904727936,
  "aux_loss_alpha": 0.01
}