{
  "experiment": "Exp-2",
  "epoch": 1,
  "step": 700,
  "expert_load": [
    830778.0,
    786108.0,
    880391.0,
    773123.0
  ],
  "cv": 0.051480113288893695,
  "max_mean_ratio": 1.0767991682974427,
  "aux_loss": 0.0801074644178152,
  "aux_loss_alpha": 0.01
}