{
  "experiment": "Exp-2",
  "epoch": 0,
  "step": 34200,
  "expert_load": [
    839669.0,
    785523.0,
    874955.0,
    770253.0
  ],
  "cv": 0.051338215508805636,
  "max_mean_ratio": 1.0701504403130984,
  "aux_loss": 0.08014128893613816,
  "aux_loss_alpha": 0.01
}