{
  "experiment": "Exp-2",
  "epoch": 1,
  "step": 9700,
  "expert_load": [
    847150.0,
    781392.0,
    871812.0,
    770046.0
  ],
  "cv": 0.05255221073874691,
  "max_mean_ratio": 1.0663062622309067,
  "aux_loss": 0.08011327125132084,
  "aux_loss_alpha": 0.01
}