{
  "experiment": "Exp-2",
  "epoch": 1,
  "step": 32000,
  "expert_load": [
    833150.0,
    792138.0,
    871847.0,
    773265.0
  ],
  "cv": 0.046567712474008725,
  "max_mean_ratio": 1.0663490704500849,
  "aux_loss": 0.08002997778356075,
  "aux_loss_alpha": 0.01
}