{
  "experiment": "Exp-2",
  "epoch": 1,
  "step": 37300,
  "expert_load": [
    842723.0,
    795113.0,
    862798.0,
    769766.0
  ],
  "cv": 0.045220428884845336,
  "max_mean_ratio": 1.055281311154586,
  "aux_loss": 0.08001258961856365,
  "aux_loss_alpha": 0.01
}