{
  "experiment": "Exp-2",
  "epoch": 1,
  "step": 19300,
  "expert_load": [
    841012.0,
    778315.0,
    876063.0,
    775010.0
  ],
  "cv": 0.0523337024905204,
  "max_mean_ratio": 1.0715056262230789,
  "aux_loss": 0.08005826272070408,
  "aux_loss_alpha": 0.01
}