{
  "experiment": "Exp-2",
  "epoch": 1,
  "step": 42900,
  "expert_load": [
    827159.0,
    797821.0,
    869267.0,
    776153.0
  ],
  "cv": 0.0426766030149212,
  "max_mean_ratio": 1.063193493150672,
  "aux_loss": 0.08001988649368286,
  "aux_loss_alpha": 0.01
}