{
  "experiment": "Exp-2",
  "epoch": 0,
  "step": 43800,
  "expert_load": [
    824017.0,
    787315.0,
    886547.0,
    772521.0
  ],
  "cv": 0.053816615513392195,
  "max_mean_ratio": 1.084328522504879,
  "aux_loss": 0.08009403020143509,
  "aux_loss_alpha": 0.01
}