{
  "experiment": "Exp-2",
  "epoch": 0,
  "step": 14000,
  "expert_load": [
    826536.0,
    804242.0,
    866231.0,
    773391.0
  ],
  "cv": 0.041376398911447634,
  "max_mean_ratio": 1.0594801859099674,
  "aux_loss": 0.0802883543819189,
  "aux_loss_alpha": 0.01
}