{
  "experiment": "Exp-2",
  "epoch": 0,
  "step": 15600,
  "expert_load": [
    821620.0,
    805212.0,
    873946.0,
    769622.0
  ],
  "cv": 0.04595304664566969,
  "max_mean_ratio": 1.0689163405087931,
  "aux_loss": 0.08026267319917679,
  "aux_loss_alpha": 0.01
}