{
  "experiment": "Exp-2",
  "epoch": 0,
  "step": 36400,
  "expert_load": [
    828417.0,
    794658.0,
    879148.0,
    768177.0
  ],
  "cv": 0.05070351677164811,
  "max_mean_ratio": 1.0752788649706326,
  "aux_loss": 0.08013367533683777,
  "aux_loss_alpha": 0.01
}