{
  "experiment": "Exp-2",
  "epoch": 1,
  "step": 23200,
  "expert_load": [
    822137.0,
    786365.0,
    890977.0,
    770921.0
  ],
  "cv": 0.05657816131054236,
  "max_mean_ratio": 1.0897468199608478,
  "aux_loss": 0.08004858046770096,
  "aux_loss_alpha": 0.01
}