{
  "experiment": "Exp-2",
  "epoch": 1,
  "step": 13300,
  "expert_load": [
    836671.0,
    783025.0,
    881454.0,
    769250.0
  ],
  "cv": 0.054610024767611856,
  "max_mean_ratio": 1.07809931506848,
  "aux_loss": 0.08004417657852173,
  "aux_loss_alpha": 0.01
}