{
  "experiment": "Exp-2",
  "epoch": 1,
  "step": 4700,
  "expert_load": [
    852547.0,
    789635.0,
    856901.0,
    771317.0
  ],
  "cv": 0.0461302659842827,
  "max_mean_ratio": 1.0480687377690674,
  "aux_loss": 0.08004886448383332,
  "aux_loss_alpha": 0.01
}