{
  "experiment": "Exp-2",
  "epoch": 0,
  "step": 10700,
  "expert_load": [
    823543.0,
    810337.0,
    862341.0,
    774179.0
  ],
  "cv": 0.03855753023330432,
  "max_mean_ratio": 1.0547223581213179,
  "aux_loss": 0.08039687998592854,
  "aux_loss_alpha": 0.01
}