{
  "experiment": "Exp-2",
  "epoch": 0,
  "step": 6100,
  "expert_load": [
    840649.0,
    792472.0,
    862676.0,
    774603.0
  ],
  "cv": 0.043429497347418744,
  "max_mean_ratio": 1.055132093933451,
  "aux_loss": 0.08040760211646557,
  "aux_loss_alpha": 0.01
}