{
  "experiment": "Exp-2",
  "epoch": 1,
  "step": 40400,
  "expert_load": [
    832796.0,
    787680.0,
    873759.0,
    776165.0
  ],
  "cv": 0.04735758145028073,
  "max_mean_ratio": 1.0686876223091846,
  "aux_loss": 0.08000441506505013,
  "aux_loss_alpha": 0.01
}