{
  "experiment": "Exp-2",
  "epoch": 1,
  "step": 7200,
  "expert_load": [
    838506.0,
    784470.0,
    873150.0,
    774274.0
  ],
  "cv": 0.04929532224651358,
  "max_mean_ratio": 1.067942759295486,
  "aux_loss": 0.08006681807339192,
  "aux_loss_alpha": 0.01
}