{
  "experiment": "Exp-2",
  "epoch": 1,
  "step": 25400,
  "expert_load": [
    840484.0,
    779943.0,
    878455.0,
    771518.0
  ],
  "cv": 0.05390148663007517,
  "max_mean_ratio": 1.0744312622309067,
  "aux_loss": 0.08005594536662101,
  "aux_loss_alpha": 0.01
}