{
  "experiment": "Exp-2",
  "epoch": 0,
  "step": 20400,
  "expert_load": [
    841124.0,
    796398.0,
    863545.0,
    769333.0
  ],
  "cv": 0.04512011623195884,
  "max_mean_ratio": 1.056194960861044,
  "aux_loss": 0.0801897668093443,
  "aux_loss_alpha": 0.01
}