{
  "experiment": "Exp-2",
  "epoch": 1,
  "step": 26200,
  "expert_load": [
    832019.0,
    781323.0,
    887439.0,
    769619.0
  ],
  "cv": 0.05705297899339461,
  "max_mean_ratio": 1.085419520547932,
  "aux_loss": 0.08003596000373364,
  "aux_loss_alpha": 0.01
}