{
  "experiment": "Exp-2",
  "epoch": 0,
  "step": 1500,
  "expert_load": [
    815584.0,
    827005.0,
    843241.0,
    784570.0
  ],
  "cv": 0.026239243001620276,
  "max_mean_ratio": 1.0313613013698504,
  "aux_loss": 0.08073640517890453,
  "aux_loss_alpha": 0.01
}