{
  "experiment": "Exp-2",
  "epoch": 0,
  "step": 42100,
  "expert_load": [
    831904.0,
    777953.0,
    885574.0,
    774969.0
  ],
  "cv": 0.05542630010854874,
  "max_mean_ratio": 1.0831384540117284,
  "aux_loss": 0.08011904150247574,
  "aux_loss_alpha": 0.01
}