{
  "experiment": "Exp-2",
  "epoch": 0,
  "step": 18200,
  "expert_load": [
    852204.0,
    744818.0,
    902106.0,
    771272.0
  ],
  "cv": 0.07682683597572068,
  "max_mean_ratio": 1.103358610567501,
  "aux_loss": 0.08030566915869713,
  "aux_loss_alpha": 0.01
}