{
  "experiment": "Exp-2",
  "epoch": 1,
  "step": 13000,
  "expert_load": [
    839682.0,
    794627.0,
    867742.0,
    768349.0
  ],
  "cv": 0.047193185466609014,
  "max_mean_ratio": 1.061328277886484,
  "aux_loss": 0.08004573777318001,
  "aux_loss_alpha": 0.01
}