{
  "experiment": "Exp-2",
  "epoch": 0,
  "step": 200,
  "expert_load": [
    794085.0,
    820289.0,
    835350.0,
    820676.0
  ],
  "cv": 0.01818987165178549,
  "max_mean_ratio": 1.0217098825831576,
  "aux_loss": 0.08204072281718254,
  "aux_loss_alpha": 0.01
}