{
  "experiment": "Exp-2",
  "epoch": 1,
  "step": 6100,
  "expert_load": [
    845544.0,
    787290.0,
    871390.0,
    766176.0
  ],
  "cv": 0.05202583686246267,
  "max_mean_ratio": 1.0657901174168167,
  "aux_loss": 0.08007113173604012,
  "aux_loss_alpha": 0.01
}