{
  "experiment": "Exp-2",
  "epoch": 0,
  "step": 12400,
  "expert_load": [
    875080.0,
    754504.0,
    871533.0,
    769283.0
  ],
  "cv": 0.06845042846440719,
  "max_mean_ratio": 1.070303326810163,
  "aux_loss": 0.0803139504045248,
  "aux_loss_alpha": 0.01
}