{
  "experiment": "Exp-2",
  "epoch": 0,
  "step": 21700,
  "expert_load": [
    836230.0,
    798583.0,
    860019.0,
    775568.0
  ],
  "cv": 0.039983997083689576,
  "max_mean_ratio": 1.0518823385518463,
  "aux_loss": 0.0802035840600729,
  "aux_loss_alpha": 0.01
}