{
  "experiment": "Exp-2",
  "epoch": 0,
  "step": 13000,
  "expert_load": [
    832646.0,
    790477.0,
    877147.0,
    770130.0
  ],
  "cv": 0.050285615865031184,
  "max_mean_ratio": 1.0728314579256228,
  "aux_loss": 0.08035584829747677,
  "aux_loss_alpha": 0.01
}