{
  "experiment": "Exp-2",
  "epoch": 0,
  "step": 4400,
  "expert_load": [
    855258.0,
    783561.0,
    853396.0,
    778185.0
  ],
  "cv": 0.04498781685726461,
  "max_mean_ratio": 1.0460591976516507,
  "aux_loss": 0.08046758338809014,
  "aux_loss_alpha": 0.01
}