{
  "experiment": "Exp-2",
  "epoch": 1,
  "step": 40300,
  "expert_load": [
    829549.0,
    788369.0,
    875871.0,
    776611.0
  ],
  "cv": 0.04765680899125431,
  "max_mean_ratio": 1.0712707925635876,
  "aux_loss": 0.08001905873417854,
  "aux_loss_alpha": 0.01
}