{
  "experiment": "Exp-2",
  "epoch": 0,
  "step": 19100,
  "expert_load": [
    825513.0,
    805065.0,
    868528.0,
    771294.0
  ],
  "cv": 0.043059301805589006,
  "max_mean_ratio": 1.062289628180026,
  "aux_loss": 0.08022056058049203,
  "aux_loss_alpha": 0.01
}