{
  "experiment": "Exp-2",
  "epoch": 0,
  "step": 1300,
  "expert_load": [
    807279.0,
    809549.0,
    832694.0,
    820878.0
  ],
  "cv": 0.01238159060244909,
  "max_mean_ratio": 1.0184613502935296,
  "aux_loss": 0.08080681927502155,
  "aux_loss_alpha": 0.01
}