{
  "experiment": "Exp-2",
  "epoch": 1,
  "step": 1400,
  "expert_load": [
    832025.0,
    782590.0,
    884122.0,
    771663.0
  ],
  "cv": 0.05459282025898906,
  "max_mean_ratio": 1.0813625244618263,
  "aux_loss": 0.08013061791658402,
  "aux_loss_alpha": 0.01
}