{
  "experiment": "Exp-2",
  "epoch": 1,
  "step": 35100,
  "expert_load": [
    834096.0,
    794591.0,
    869990.0,
    771723.0
  ],
  "cv": 0.04597159846654787,
  "max_mean_ratio": 1.0640777886496935,
  "aux_loss": 0.08002596631646157,
  "aux_loss_alpha": 0.01
}