{
  "experiment": "Exp-2",
  "epoch": 1,
  "step": 31900,
  "expert_load": [
    839218.0,
    789016.0,
    870968.0,
    771198.0
  ],
  "cv": 0.04848472759448326,
  "max_mean_ratio": 1.0652739726027267,
  "aux_loss": 0.0800277754664421,
  "aux_loss_alpha": 0.01
}