{
  "experiment": "Exp-2",
  "epoch": 1,
  "step": 20700,
  "expert_load": [
    849250.0,
    762724.0,
    892193.0,
    766233.0
  ],
  "cv": 0.06759113946306179,
  "max_mean_ratio": 1.091234099804292,
  "aux_loss": 0.08007788553833961,
  "aux_loss_alpha": 0.01
}