{
  "experiment": "Exp-2",
  "epoch": 1,
  "step": 35600,
  "expert_load": [
    831104.0,
    794982.0,
    867630.0,
    776684.0
  ],
  "cv": 0.04268158138148186,
  "max_mean_ratio": 1.0611912915851143,
  "aux_loss": 0.08003210306167602,
  "aux_loss_alpha": 0.01
}