{
  "experiment": "Exp-2",
  "epoch": 0,
  "step": 37400,
  "expert_load": [
    841582.0,
    780887.0,
    873145.0,
    774786.0
  ],
  "cv": 0.050582158336900065,
  "max_mean_ratio": 1.0679366438356033,
  "aux_loss": 0.08009938210248947,
  "aux_loss_alpha": 0.01
}