{
  "experiment": "Exp-2",
  "epoch": 1,
  "step": 4600,
  "expert_load": [
    843142.0,
    782396.0,
    871338.0,
    773524.0
  ],
  "cv": 0.050139991476577175,
  "max_mean_ratio": 1.0657265166340377,
  "aux_loss": 0.08005555287003517,
  "aux_loss_alpha": 0.01
}