{
  "experiment": "Exp-2",
  "epoch": 0,
  "step": 39300,
  "expert_load": [
    840963.0,
    782909.0,
    869187.0,
    777341.0
  ],
  "cv": 0.04749355010090451,
  "max_mean_ratio": 1.0630956457925507,
  "aux_loss": 0.08011875666677952,
  "aux_loss_alpha": 0.01
}