{
  "experiment": "Exp-2",
  "epoch": 1,
  "step": 22000,
  "expert_load": [
    842604.0,
    773516.0,
    879105.0,
    775175.0
  ],
  "cv": 0.05521330532962261,
  "max_mean_ratio": 1.0752262720156425,
  "aux_loss": 0.08004523046314717,
  "aux_loss_alpha": 0.01
}