{
  "experiment": "Exp-2",
  "epoch": 0,
  "step": 6200,
  "expert_load": [
    821720.0,
    810623.0,
    862820.0,
    775237.0
  ],
  "cv": 0.03821612035225002,
  "max_mean_ratio": 1.0553082191780692,
  "aux_loss": 0.08036605134606362,
  "aux_loss_alpha": 0.01
}