{
  "experiment": "Exp-2",
  "epoch": 0,
  "step": 3000,
  "expert_load": [
    822316.0,
    818444.0,
    862319.0,
    767321.0
  ],
  "cv": 0.041254295155026405,
  "max_mean_ratio": 1.0546954500978345,
  "aux_loss": 0.08046798042953014,
  "aux_loss_alpha": 0.01
}