{
  "experiment": "Exp-2",
  "epoch": 0,
  "step": 11400,
  "expert_load": [
    812754.0,
    793001.0,
    885528.0,
    779117.0
  ],
  "cv": 0.05014583460738686,
  "max_mean_ratio": 1.0830821917808087,
  "aux_loss": 0.08034494020044804,
  "aux_loss_alpha": 0.01
}