{
  "experiment": "Exp-2",
  "epoch": 0,
  "step": 7200,
  "expert_load": [
    819612.0,
    815667.0,
    859774.0,
    775347.0
  ],
  "cv": 0.03654849177470601,
  "max_mean_ratio": 1.0515826810175997,
  "aux_loss": 0.08034922122955322,
  "aux_loss_alpha": 0.01
}