{
  "experiment": "Exp-2",
  "epoch": 1,
  "step": 18400,
  "expert_load": [
    839926.0,
    782517.0,
    876336.0,
    771621.0
  ],
  "cv": 0.05222636183647196,
  "max_mean_ratio": 1.071839530332668,
  "aux_loss": 0.08004359684884549,
  "aux_loss_alpha": 0.01
}