{
  "experiment": "Exp-2",
  "epoch": 0,
  "step": 29000,
  "expert_load": [
    823850.0,
    758361.0,
    920866.0,
    767323.0
  ],
  "cv": 0.07912366415423093,
  "max_mean_ratio": 1.126303816046953,
  "aux_loss": 0.08019095271825791,
  "aux_loss_alpha": 0.01
}