{
  "experiment": "Exp-2",
  "epoch": 1,
  "step": 8300,
  "expert_load": [
    858349.0,
    787334.0,
    858267.0,
    766450.0
  ],
  "cv": 0.05060201924840936,
  "max_mean_ratio": 1.0498397749510635,
  "aux_loss": 0.08006463207304478,
  "aux_loss_alpha": 0.01
}