{
  "experiment": "Exp-2",
  "epoch": 1,
  "step": 38400,
  "expert_load": [
    836086.0,
    791851.0,
    869837.0,
    772626.0
  ],
  "cv": 0.04639739691627879,
  "max_mean_ratio": 1.0638906555772865,
  "aux_loss": 0.08001425221562386,
  "aux_loss_alpha": 0.01
}