{
  "experiment": "Exp-2",
  "epoch": 0,
  "step": 17700,
  "expert_load": [
    829161.0,
    774639.0,
    894506.0,
    772094.0
  ],
  "cv": 0.06104635996361227,
  "max_mean_ratio": 1.094063111545975,
  "aux_loss": 0.08028258927166462,
  "aux_loss_alpha": 0.01
}