{
  "experiment": "Exp-2",
  "epoch": 1,
  "step": 20900,
  "expert_load": [
    847977.0,
    773859.0,
    879533.0,
    769031.0
  ],
  "cv": 0.05811515315404772,
  "max_mean_ratio": 1.0757497553815916,
  "aux_loss": 0.08006396427750588,
  "aux_loss_alpha": 0.01
}