{
  "experiment": "Exp-2",
  "epoch": 1,
  "step": 27700,
  "expert_load": [
    830936.0,
    788313.0,
    872148.0,
    779003.0
  ],
  "cv": 0.04535672241927537,
  "max_mean_ratio": 1.0667172211350162,
  "aux_loss": 0.08005042307078838,
  "aux_loss_alpha": 0.01
}