{
  "experiment": "Exp-2",
  "epoch": 1,
  "step": 3700,
  "expert_load": [
    847194.0,
    787487.0,
    869693.0,
    766026.0
  ],
  "cv": 0.0517331595523477,
  "max_mean_ratio": 1.063714530332668,
  "aux_loss": 0.0800973979383707,
  "aux_loss_alpha": 0.01
}