{
  "experiment": "Exp-2",
  "epoch": 1,
  "step": 26000,
  "expert_load": [
    830624.0,
    779844.0,
    888740.0,
    771192.0
  ],
  "cv": 0.0573998450113129,
  "max_mean_ratio": 1.08701076320938,
  "aux_loss": 0.08005083426833152,
  "aux_loss_alpha": 0.01
}