{
  "experiment": "Exp-2",
  "epoch": 0,
  "step": 36700,
  "expert_load": [
    850362.0,
    789453.0,
    857497.0,
    773088.0
  ],
  "cv": 0.04509997821367362,
  "max_mean_ratio": 1.0487977005870712,
  "aux_loss": 0.08011709354817867,
  "aux_loss_alpha": 0.01
}