{
  "experiment": "Exp-2",
  "epoch": 1,
  "step": 3000,
  "expert_load": [
    831255.0,
    799727.0,
    867730.0,
    771688.0
  ],
  "cv": 0.043787853741132046,
  "max_mean_ratio": 1.061313600782766,
  "aux_loss": 0.08007100619375705,
  "aux_loss_alpha": 0.01
}