{
  "experiment": "Exp-2",
  "epoch": 0,
  "step": 8800,
  "expert_load": [
    834225.0,
    813077.0,
    857477.0,
    765621.0
  ],
  "cv": 0.041426722457497046,
  "max_mean_ratio": 1.048773238747541,
  "aux_loss": 0.08039505511522294,
  "aux_loss_alpha": 0.01
}