{
  "experiment": "Exp-2",
  "epoch": 1,
  "step": 5000,
  "expert_load": [
    844193.0,
    790954.0,
    863760.0,
    771493.0
  ],
  "cv": 0.046064467458108535,
  "max_mean_ratio": 1.056457925635995,
  "aux_loss": 0.08008198954164981,
  "aux_loss_alpha": 0.01
}