{
  "experiment": "Exp-2",
  "epoch": 0,
  "step": 21200,
  "expert_load": [
    829122.0,
    784004.0,
    886025.0,
    771249.0
  ],
  "cv": 0.05501141871024884,
  "max_mean_ratio": 1.0836900684931374,
  "aux_loss": 0.0802453876286745,
  "aux_loss_alpha": 0.01
}