{
  "experiment": "Exp-2",
  "epoch": 0,
  "step": 30900,
  "expert_load": [
    840510.0,
    785292.0,
    876097.0,
    768501.0
  ],
  "cv": 0.052611745696244466,
  "max_mean_ratio": 1.0715472113502804,
  "aux_loss": 0.08014434590935707,
  "aux_loss_alpha": 0.01
}