{
  "experiment": "Exp-2",
  "epoch": 0,
  "step": 18300,
  "expert_load": [
    834033.0,
    758203.0,
    908953.0,
    769211.0
  ],
  "cv": 0.07360156632216153,
  "max_mean_ratio": 1.1117331213307104,
  "aux_loss": 0.08029090039432049,
  "aux_loss_alpha": 0.01
}