{
  "experiment": "Exp-2",
  "epoch": 1,
  "step": 42200,
  "expert_load": [
    842385.0,
    788767.0,
    866394.0,
    772854.0
  ],
  "cv": 0.0466890326871325,
  "max_mean_ratio": 1.0596795499021396,
  "aux_loss": 0.08001320108771325,
  "aux_loss_alpha": 0.01
}