{
  "experiment": "Exp-2",
  "epoch": 0,
  "step": 16100,
  "expert_load": [
    829244.0,
    798585.0,
    876683.0,
    765888.0
  ],
  "cv": 0.04991535821306201,
  "max_mean_ratio": 1.0722639432485193,
  "aux_loss": 0.08031260333955288,
  "aux_loss_alpha": 0.01
}