{
  "experiment": "Exp-2",
  "epoch": 1,
  "step": 28400,
  "expert_load": [
    843118.0,
    781120.0,
    873195.0,
    772967.0
  ],
  "cv": 0.05140213161998469,
  "max_mean_ratio": 1.067997798434429,
  "aux_loss": 0.08003800734877586,
  "aux_loss_alpha": 0.01
}