{
  "experiment": "Exp-2",
  "epoch": 0,
  "step": 14500,
  "expert_load": [
    868387.0,
    766022.0,
    859963.0,
    776028.0
  ],
  "cv": 0.05724562075739901,
  "max_mean_ratio": 1.0621171722113374,
  "aux_loss": 0.08033205687999725,
  "aux_loss_alpha": 0.01
}