{
  "experiment": "Exp-2",
  "epoch": 1,
  "step": 27600,
  "expert_load": [
    829987.0,
    785098.0,
    877852.0,
    777463.0
  ],
  "cv": 0.049118604566719064,
  "max_mean_ratio": 1.0736937377690672,
  "aux_loss": 0.08004613518714905,
  "aux_loss_alpha": 0.01
}