{
  "experiment": "Exp-2",
  "epoch": 1,
  "step": 11900,
  "expert_load": [
    845597.0,
    784651.0,
    869582.0,
    770570.0
  ],
  "cv": 0.050367849689639796,
  "max_mean_ratio": 1.0635787671232746,
  "aux_loss": 0.08004694916307926,
  "aux_loss_alpha": 0.01
}