{
  "experiment": "Exp-2",
  "epoch": 1,
  "step": 19500,
  "expert_load": [
    840269.0,
    761447.0,
    896130.0,
    772554.0
  ],
  "cv": 0.06660840894844586,
  "max_mean_ratio": 1.0960494129158378,
  "aux_loss": 0.08007480524480343,
  "aux_loss_alpha": 0.01
}