{
  "experiment": "Exp-2",
  "epoch": 0,
  "step": 38300,
  "expert_load": [
    831658.0,
    775902.0,
    898331.0,
    764509.0
  ],
  "cv": 0.06492907499847034,
  "max_mean_ratio": 1.098741438356151,
  "aux_loss": 0.08013467587530614,
  "aux_loss_alpha": 0.01
}