{
  "experiment": "Exp-2",
  "epoch": 1,
  "step": 41800,
  "expert_load": [
    841082.0,
    793967.0,
    859530.0,
    775821.0
  ],
  "cv": 0.041538033382766126,
  "max_mean_ratio": 1.0512842465753296,
  "aux_loss": 0.08000422850251197,
  "aux_loss_alpha": 0.01
}