{
  "experiment": "Exp-2",
  "epoch": 1,
  "step": 39000,
  "expert_load": [
    840548.0,
    787333.0,
    865429.0,
    777090.0
  ],
  "cv": 0.04482000481592411,
  "max_mean_ratio": 1.0584992661448012,
  "aux_loss": 0.08002671867609024,
  "aux_loss_alpha": 0.01
}