{
  "experiment": "Exp-2",
  "epoch": 1,
  "step": 6700,
  "expert_load": [
    840135.0,
    785061.0,
    869757.0,
    775447.0
  ],
  "cv": 0.04762149221043239,
  "max_mean_ratio": 1.063792808219165,
  "aux_loss": 0.08007948257029057,
  "aux_loss_alpha": 0.01
}