{
  "experiment": "Exp-2",
  "epoch": 0,
  "step": 36800,
  "expert_load": [
    829570.0,
    796810.0,
    876222.0,
    767798.0
  ],
  "cv": 0.04927513645119803,
  "max_mean_ratio": 1.071700097847345,
  "aux_loss": 0.08009926304221153,
  "aux_loss_alpha": 0.01
}