{
  "experiment": "Exp-2",
  "epoch": 0,
  "step": 21300,
  "expert_load": [
    841096.0,
    786078.0,
    866366.0,
    776860.0
  ],
  "cv": 0.04569672287793486,
  "max_mean_ratio": 1.0596453033267972,
  "aux_loss": 0.08023625046014786,
  "aux_loss_alpha": 0.01
}