{
  "experiment": "Exp-2",
  "epoch": 1,
  "step": 41000,
  "expert_load": [
    842725.0,
    786338.0,
    868266.0,
    773071.0
  ],
  "cv": 0.0479915683096863,
  "max_mean_ratio": 1.0619691780821787,
  "aux_loss": 0.0800206034630537,
  "aux_loss_alpha": 0.01
}