{
  "experiment": "Exp-2",
  "epoch": 1,
  "step": 13100,
  "expert_load": [
    841124.0,
    783215.0,
    872964.0,
    773097.0
  ],
  "cv": 0.05036034391817453,
  "max_mean_ratio": 1.0677152641878538,
  "aux_loss": 0.08003954194486142,
  "aux_loss_alpha": 0.01
}