{
  "experiment": "Exp-2",
  "epoch": 1,
  "step": 31700,
  "expert_load": [
    835103.0,
    797059.0,
    866547.0,
    771691.0
  ],
  "cv": 0.04423356087940259,
  "max_mean_ratio": 1.0598666829745467,
  "aux_loss": 0.08002807095646858,
  "aux_loss_alpha": 0.01
}