{
  "experiment": "Exp-2",
  "epoch": 0,
  "step": 34700,
  "expert_load": [
    841212.0,
    791185.0,
    869208.0,
    768795.0
  ],
  "cv": 0.04854223680589471,
  "max_mean_ratio": 1.0631213307240575,
  "aux_loss": 0.08010129146277904,
  "aux_loss_alpha": 0.01
}