{
  "experiment": "Exp-2",
  "epoch": 0,
  "step": 11200,
  "expert_load": [
    824867.0,
    801033.0,
    869019.0,
    775481.0
  ],
  "cv": 0.04212658906402835,
  "max_mean_ratio": 1.0628901663404957,
  "aux_loss": 0.08034024395048618,
  "aux_loss_alpha": 0.01
}