{
  "experiment": "Exp-2",
  "epoch": 1,
  "step": 23900,
  "expert_load": [
    834385.0,
    791426.0,
    871291.0,
    773298.0
  ],
  "cv": 0.046622933165667235,
  "max_mean_ratio": 1.0656690313111417,
  "aux_loss": 0.08004207797348499,
  "aux_loss_alpha": 0.01
}