{
  "experiment": "Exp-2",
  "epoch": 1,
  "step": 10600,
  "expert_load": [
    842033.0,
    787373.0,
    869648.0,
    771346.0
  ],
  "cv": 0.04876698473428267,
  "max_mean_ratio": 1.0636594911937247,
  "aux_loss": 0.08007075376808644,
  "aux_loss_alpha": 0.01
}