{
  "experiment": "Exp-2",
  "epoch": 1,
  "step": 3100,
  "expert_load": [
    842519.0,
    798141.0,
    858779.0,
    770961.0
  ],
  "cv": 0.0426792307515895,
  "max_mean_ratio": 1.0503657045009656,
  "aux_loss": 0.08007405608892441,
  "aux_loss_alpha": 0.01
}