{
  "experiment": "Exp-2",
  "epoch": 0,
  "step": 2900,
  "expert_load": [
    811604.0,
    824784.0,
    855397.0,
    778615.0
  ],
  "cv": 0.03369615767566617,
  "max_mean_ratio": 1.0462292074363864,
  "aux_loss": 0.08055244013667107,
  "aux_loss_alpha": 0.01
}