{
  "experiment": "Exp-2",
  "epoch": 1,
  "step": 41700,
  "expert_load": [
    849711.0,
    793713.0,
    856468.0,
    770508.0
  ],
  "cv": 0.044647391183035165,
  "max_mean_ratio": 1.0475391389432358,
  "aux_loss": 0.08000907979905605,
  "aux_loss_alpha": 0.01
}