{
  "experiment": "Exp-2",
  "epoch": 0,
  "step": 16500,
  "expert_load": [
    839331.0,
    785417.0,
    875147.0,
    770505.0
  ],
  "cv": 0.05130276017459575,
  "max_mean_ratio": 1.0703852739725896,
  "aux_loss": 0.08028519719839096,
  "aux_loss_alpha": 0.01
}