{
  "experiment": "Exp-2",
  "epoch": 0,
  "step": 28800,
  "expert_load": [
    842822.0,
    764929.0,
    895325.0,
    767324.0
  ],
  "cv": 0.06693352208445368,
  "max_mean_ratio": 1.095064823874742,
  "aux_loss": 0.08017949767410755,
  "aux_loss_alpha": 0.01
}