{
  "experiment": "Exp-2",
  "epoch": 1,
  "step": 21600,
  "expert_load": [
    849452.0,
    779448.0,
    870239.0,
    771261.0
  ],
  "cv": 0.05256554530791276,
  "max_mean_ratio": 1.064382338551846,
  "aux_loss": 0.08006130635738373,
  "aux_loss_alpha": 0.01
}