{
  "experiment": "Exp-2",
  "epoch": 1,
  "step": 28200,
  "expert_load": [
    833820.0,
    785121.0,
    878080.0,
    773379.0
  ],
  "cv": 0.050913917257827165,
  "max_mean_ratio": 1.073972602739713,
  "aux_loss": 0.08004953034222126,
  "aux_loss_alpha": 0.01
}