{
  "experiment": "Exp-2",
  "epoch": 1,
  "step": 38900,
  "expert_load": [
    835420.0,
    789981.0,
    869558.0,
    775441.0
  ],
  "cv": 0.04558941566780766,
  "max_mean_ratio": 1.0635494129158383,
  "aux_loss": 0.08002583339810371,
  "aux_loss_alpha": 0.01
}