{
  "experiment": "Exp-2",
  "epoch": 1,
  "step": 10000,
  "expert_load": [
    841884.0,
    787390.0,
    868821.0,
    772305.0
  ],
  "cv": 0.04806605269997495,
  "max_mean_ratio": 1.0626479941291456,
  "aux_loss": 0.08007919192314147,
  "aux_loss_alpha": 0.01
}