{
  "experiment": "Exp-2",
  "epoch": 1,
  "step": 24900,
  "expert_load": [
    841037.0,
    783658.0,
    873508.0,
    772197.0
  ],
  "cv": 0.05075643461044459,
  "max_mean_ratio": 1.0683806262230788,
  "aux_loss": 0.08003387257456779,
  "aux_loss_alpha": 0.01
}