{
  "experiment": "Exp-2",
  "epoch": 1,
  "step": 32700,
  "expert_load": [
    827738.0,
    795026.0,
    872584.0,
    775052.0
  ],
  "cv": 0.04513001085494074,
  "max_mean_ratio": 1.0672504892367776,
  "aux_loss": 0.08003556564450263,
  "aux_loss_alpha": 0.01
}