{
  "experiment": "Exp-2",
  "epoch": 0,
  "step": 43900,
  "expert_load": [
    839403.0,
    777870.0,
    880917.0,
    772210.0
  ],
  "cv": 0.05511769393652085,
  "max_mean_ratio": 1.0774425146770905,
  "aux_loss": 0.08012001872062684,
  "aux_loss_alpha": 0.01
}