{
  "experiment": "Exp-2",
  "epoch": 0,
  "step": 37000,
  "expert_load": [
    844139.0,
    781004.0,
    867638.0,
    777619.0
  ],
  "cv": 0.04794250607723767,
  "max_mean_ratio": 1.0612010763209263,
  "aux_loss": 0.08013367213308811,
  "aux_loss_alpha": 0.01
}