{
  "experiment": "Exp-2",
  "epoch": 0,
  "step": 36500,
  "expert_load": [
    847102.0,
    787060.0,
    865476.0,
    770762.0
  ],
  "cv": 0.04849744583995782,
  "max_mean_ratio": 1.0585567514676975,
  "aux_loss": 0.08011465080082417,
  "aux_loss_alpha": 0.01
}