{
  "experiment": "Exp-2",
  "epoch": 1,
  "step": 23000,
  "expert_load": [
    843826.0,
    780408.0,
    876933.0,
    769233.0
  ],
  "cv": 0.054461318760701385,
  "max_mean_ratio": 1.0725697162426484,
  "aux_loss": 0.08003173910081386,
  "aux_loss_alpha": 0.01
}