{
  "experiment": "Exp-2",
  "epoch": 1,
  "step": 12100,
  "expert_load": [
    830941.0,
    792235.0,
    872846.0,
    774378.0
  ],
  "cv": 0.046338994274400115,
  "max_mean_ratio": 1.0675709393346249,
  "aux_loss": 0.08005273513495922,
  "aux_loss_alpha": 0.01
}