{
  "experiment": "Exp-2",
  "epoch": 1,
  "step": 21000,
  "expert_load": [
    841163.0,
    778287.0,
    877527.0,
    773423.0
  ],
  "cv": 0.05346597988778066,
  "max_mean_ratio": 1.0732962328766993,
  "aux_loss": 0.08006533592939377,
  "aux_loss_alpha": 0.01
}