{
  "experiment": "Exp-2",
  "epoch": 0,
  "step": 16800,
  "expert_load": [
    830775.0,
    796376.0,
    876671.0,
    766578.0
  ],
  "cv": 0.050119418687315925,
  "max_mean_ratio": 1.0722492661448009,
  "aux_loss": 0.08023922003805638,
  "aux_loss_alpha": 0.01
}