{
  "experiment": "Exp-2",
  "epoch": 0,
  "step": 40900,
  "expert_load": [
    851889.0,
    780471.0,
    865845.0,
    772195.0
  ],
  "cv": 0.050958670002139786,
  "max_mean_ratio": 1.059008072407032,
  "aux_loss": 0.08009459488093854,
  "aux_loss_alpha": 0.01
}