{
  "experiment": "Exp-2",
  "epoch": 1,
  "step": 38500,
  "expert_load": [
    844256.0,
    794188.0,
    862972.0,
    768984.0
  ],
  "cv": 0.04609287568034435,
  "max_mean_ratio": 1.0554941291584998,
  "aux_loss": 0.08001273855566979,
  "aux_loss_alpha": 0.01
}