{
  "experiment": "Exp-2",
  "epoch": 0,
  "step": 26800,
  "expert_load": [
    838996.0,
    778443.0,
    885462.0,
    767499.0
  ],
  "cv": 0.05835834779384713,
  "max_mean_ratio": 1.0830014677103585,
  "aux_loss": 0.0801955946534872,
  "aux_loss_alpha": 0.01
}