{
  "experiment": "Exp-2",
  "epoch": 0,
  "step": 19600,
  "expert_load": [
    829720.0,
    791736.0,
    879367.0,
    769577.0
  ],
  "cv": 0.0509356223627073,
  "max_mean_ratio": 1.0755467221134898,
  "aux_loss": 0.08025393657386302,
  "aux_loss_alpha": 0.01
}