{
  "experiment": "Exp-2",
  "epoch": 0,
  "step": 5800,
  "expert_load": [
    840887.0,
    786736.0,
    865826.0,
    776951.0
  ],
  "cv": 0.04524183777213741,
  "max_mean_ratio": 1.0589848336594783,
  "aux_loss": 0.0805011048913002,
  "aux_loss_alpha": 0.01
}