{
  "experiment": "Exp-2",
  "epoch": 0,
  "step": 24900,
  "expert_load": [
    824035.0,
    785188.0,
    887440.0,
    773737.0
  ],
  "cv": 0.05433315209913094,
  "max_mean_ratio": 1.0854207436399084,
  "aux_loss": 0.08022638127207755,
  "aux_loss_alpha": 0.01
}