{
  "experiment": "Exp-2",
  "epoch": 1,
  "step": 15100,
  "expert_load": [
    839238.0,
    788960.0,
    872485.0,
    769717.0
  ],
  "cv": 0.04965812668175086,
  "max_mean_ratio": 1.0671294031311025,
  "aux_loss": 0.08006061658263207,
  "aux_loss_alpha": 0.01
}