{
  "experiment": "Exp-2",
  "epoch": 1,
  "step": 27800,
  "expert_load": [
    825849.0,
    791269.0,
    875502.0,
    777780.0
  ],
  "cv": 0.0461692568187372,
  "max_mean_ratio": 1.070819471624253,
  "aux_loss": 0.0800436906516552,
  "aux_loss_alpha": 0.01
}