{
  "experiment": "Exp-2",
  "epoch": 1,
  "step": 14900,
  "expert_load": [
    840985.0,
    790939.0,
    865937.0,
    772539.0
  ],
  "cv": 0.0458644250321056,
  "max_mean_ratio": 1.0591205968688715,
  "aux_loss": 0.08005533039569855,
  "aux_loss_alpha": 0.01
}