{
  "experiment": "Exp-2",
  "epoch": 0,
  "step": 34600,
  "expert_load": [
    836838.0,
    782233.0,
    879827.0,
    771502.0
  ],
  "cv": 0.05337696650256784,
  "max_mean_ratio": 1.0761093444226875,
  "aux_loss": 0.08012408785521984,
  "aux_loss_alpha": 0.01
}