{
  "experiment": "Exp-2",
  "epoch": 1,
  "step": 12800,
  "expert_load": [
    830082.0,
    793457.0,
    876059.0,
    770802.0
  ],
  "cv": 0.04871758328491868,
  "max_mean_ratio": 1.0715007338551727,
  "aux_loss": 0.08007598102092743,
  "aux_loss_alpha": 0.01
}