{
  "experiment": "Exp-2",
  "epoch": 0,
  "step": 7400,
  "expert_load": [
    854383.0,
    779985.0,
    862038.0,
    773994.0
  ],
  "cv": 0.04984792571245047,
  "max_mean_ratio": 1.0543517612524334,
  "aux_loss": 0.0804296638071537,
  "aux_loss_alpha": 0.01
}