{
  "experiment": "Exp-2",
  "epoch": 1,
  "step": 21100,
  "expert_load": [
    840730.0,
    784868.0,
    872568.0,
    772234.0
  ],
  "cv": 0.050004629594238625,
  "max_mean_ratio": 1.0672309197651533,
  "aux_loss": 0.08004615738987923,
  "aux_loss_alpha": 0.01
}