{
  "experiment": "Exp-2",
  "epoch": 1,
  "step": 43800,
  "expert_load": [
    837205.0,
    799380.0,
    862497.0,
    771318.0
  ],
  "cv": 0.042694882506726484,
  "max_mean_ratio": 1.0549131604696544,
  "aux_loss": 0.08001192517578602,
  "aux_loss_alpha": 0.01
}