{
  "experiment": "Exp-2",
  "epoch": 0,
  "step": 25700,
  "expert_load": [
    837130.0,
    781079.0,
    879781.0,
    772410.0
  ],
  "cv": 0.05339681785867107,
  "max_mean_ratio": 1.0760530821917675,
  "aux_loss": 0.08022081412374973,
  "aux_loss_alpha": 0.01
}