{
  "experiment": "Exp-2",
  "epoch": 1,
  "step": 35700,
  "expert_load": [
    833681.0,
    794704.0,
    871050.0,
    770965.0
  ],
  "cv": 0.04663234046293974,
  "max_mean_ratio": 1.0653742661448011,
  "aux_loss": 0.08002948917448521,
  "aux_loss_alpha": 0.01
}