{
  "experiment": "Exp-2",
  "epoch": 1,
  "step": 41200,
  "expert_load": [
    832662.0,
    794539.0,
    866855.0,
    776344.0
  ],
  "cv": 0.04275046152611249,
  "max_mean_ratio": 1.060243395303314,
  "aux_loss": 0.080020567253232,
  "aux_loss_alpha": 0.01
}