{
  "experiment": "Exp-2",
  "epoch": 0,
  "step": 42500,
  "expert_load": [
    835543.0,
    805806.0,
    866392.0,
    762659.0
  ],
  "cv": 0.046815121047883476,
  "max_mean_ratio": 1.0596771037181867,
  "aux_loss": 0.08006861142814159,
  "aux_loss_alpha": 0.01
}