{
  "experiment": "Exp-2",
  "epoch": 0,
  "step": 18800,
  "expert_load": [
    820646.0,
    781811.0,
    900838.0,
    767105.0
  ],
  "cv": 0.06346079607998943,
  "max_mean_ratio": 1.101807729941278,
  "aux_loss": 0.08023958161473274,
  "aux_loss_alpha": 0.01
}