{
  "experiment": "Exp-2",
  "epoch": 0,
  "step": 12300,
  "expert_load": [
    844333.0,
    758319.0,
    892035.0,
    775713.0
  ],
  "cv": 0.06564934239695369,
  "max_mean_ratio": 1.0910408512720022,
  "aux_loss": 0.08037517614662647,
  "aux_loss_alpha": 0.01
}