{
  "experiment": "Exp-2",
  "epoch": 0,
  "step": 32000,
  "expert_load": [
    848155.0,
    786504.0,
    864539.0,
    771202.0
  ],
  "cv": 0.04837252801644999,
  "max_mean_ratio": 1.0574107142857014,
  "aux_loss": 0.080157932639122,
  "aux_loss_alpha": 0.01
}