{
  "experiment": "Exp-2",
  "epoch": 0,
  "step": 41200,
  "expert_load": [
    853308.0,
    771902.0,
    872078.0,
    773112.0
  ],
  "cv": 0.05574939705387652,
  "max_mean_ratio": 1.0666316046966602,
  "aux_loss": 0.080121443644166,
  "aux_loss_alpha": 0.01
}