{
  "experiment": "Exp-2",
  "epoch": 0,
  "step": 42000,
  "expert_load": [
    846638.0,
    764846.0,
    885943.0,
    772973.0
  ],
  "cv": 0.06203055245535638,
  "max_mean_ratio": 1.083589774951063,
  "aux_loss": 0.08013646118342876,
  "aux_loss_alpha": 0.01
}