{
  "experiment": "Exp-2",
  "epoch": 1,
  "step": 40200,
  "expert_load": [
    838281.0,
    785220.0,
    873491.0,
    773408.0
  ],
  "cv": 0.049504657304916225,
  "max_mean_ratio": 1.0683598336594782,
  "aux_loss": 0.08003265000879764,
  "aux_loss_alpha": 0.01
}