{
  "experiment": "Exp-2",
  "epoch": 0,
  "step": 25200,
  "expert_load": [
    826815.0,
    758313.0,
    912928.0,
    772344.0
  ],
  "cv": 0.07423522829776083,
  "max_mean_ratio": 1.116594911937364,
  "aux_loss": 0.0802117221057415,
  "aux_loss_alpha": 0.01
}