{
  "experiment": "Exp-2",
  "epoch": 1,
  "step": 27000,
  "expert_load": [
    825155.0,
    780645.0,
    891956.0,
    772644.0
  ],
  "cv": 0.05792798663771945,
  "max_mean_ratio": 1.0909442270058576,
  "aux_loss": 0.08004499658942223,
  "aux_loss_alpha": 0.01
}