{
  "experiment": "Exp-2",
  "epoch": 1,
  "step": 21900,
  "expert_load": [
    842749.0,
    767873.0,
    890633.0,
    769145.0
  ],
  "cv": 0.06351532400470812,
  "max_mean_ratio": 1.089326076320926,
  "aux_loss": 0.0800565654039383,
  "aux_loss_alpha": 0.01
}