{
  "experiment": "Exp-2",
  "epoch": 0,
  "step": 5100,
  "expert_load": [
    820557.0,
    824173.0,
    856886.0,
    768784.0
  ],
  "cv": 0.03857270182928647,
  "max_mean_ratio": 1.0480503913894197,
  "aux_loss": 0.0804805813729763,
  "aux_loss_alpha": 0.01
}