{
  "experiment": "Exp-2",
  "epoch": 1,
  "step": 33800,
  "expert_load": [
    833456.0,
    796555.0,
    868974.0,
    771415.0
  ],
  "cv": 0.04521573718046667,
  "max_mean_ratio": 1.0628351272015526,
  "aux_loss": 0.08002449221909046,
  "aux_loss_alpha": 0.01
}