{
  "experiment": "Exp-2",
  "epoch": 0,
  "step": 3100,
  "expert_load": [
    845996.0,
    788760.0,
    858656.0,
    776988.0
  ],
  "cv": 0.04312595076290309,
  "max_mean_ratio": 1.0502152641878542,
  "aux_loss": 0.08051475644111633,
  "aux_loss_alpha": 0.01
}