{
  "experiment": "Exp-2",
  "epoch": 0,
  "step": 38600,
  "expert_load": [
    828089.0,
    794076.0,
    872772.0,
    775463.0
  ],
  "cv": 0.04528279702024162,
  "max_mean_ratio": 1.0674804305283627,
  "aux_loss": 0.0801059015840292,
  "aux_loss_alpha": 0.01
}