{
  "experiment": "Exp-2",
  "epoch": 0,
  "step": 33900,
  "expert_load": [
    841154.0,
    793173.0,
    864678.0,
    771395.0
  ],
  "cv": 0.04536463429549847,
  "max_mean_ratio": 1.0575807240704371,
  "aux_loss": 0.08014261469244957,
  "aux_loss_alpha": 0.01
}