{
  "experiment": "Exp-2",
  "epoch": 1,
  "step": 37500,
  "expert_load": [
    824487.0,
    788309.0,
    883040.0,
    774564.0
  ],
  "cv": 0.05131116415423127,
  "max_mean_ratio": 1.0800391389432353,
  "aux_loss": 0.0800112946331501,
  "aux_loss_alpha": 0.01
}