{
  "experiment": "Exp-2",
  "epoch": 1,
  "step": 33300,
  "expert_load": [
    840020.0,
    791745.0,
    864800.0,
    773835.0
  ],
  "cv": 0.0445814636588791,
  "max_mean_ratio": 1.0577299412915722,
  "aux_loss": 0.08003187038004399,
  "aux_loss_alpha": 0.01
}