{
  "experiment": "Exp-2",
  "epoch": 1,
  "step": 5500,
  "expert_load": [
    835495.0,
    796564.0,
    866261.0,
    772080.0
  ],
  "cv": 0.044110687912793003,
  "max_mean_ratio": 1.059516878669263,
  "aux_loss": 0.08008495382964612,
  "aux_loss_alpha": 0.01
}