{
  "experiment": "Exp-2",
  "epoch": 0,
  "step": 32200,
  "expert_load": [
    832376.0,
    789117.0,
    877262.0,
    771645.0
  ],
  "cv": 0.050061035156249385,
  "max_mean_ratio": 1.0729721135029222,
  "aux_loss": 0.08012821353971958,
  "aux_loss_alpha": 0.01
}