{
  "experiment": "Exp-2",
  "epoch": 1,
  "step": 7000,
  "expert_load": [
    837950.0,
    798839.0,
    861751.0,
    771860.0
  ],
  "cv": 0.042402482303387445,
  "max_mean_ratio": 1.054000733855173,
  "aux_loss": 0.08004966907203198,
  "aux_loss_alpha": 0.01
}