{
  "experiment": "Exp-2",
  "epoch": 1,
  "step": 26700,
  "expert_load": [
    830073.0,
    786676.0,
    878927.0,
    774724.0
  ],
  "cv": 0.05009909911631543,
  "max_mean_ratio": 1.0750085616438225,
  "aux_loss": 0.08005326233804226,
  "aux_loss_alpha": 0.01
}