{
  "experiment": "Exp-2",
  "epoch": 0,
  "step": 44000,
  "expert_load": [
    869204.0,
    756560.0,
    872900.0,
    771736.0
  ],
  "cv": 0.06572470110689743,
  "max_mean_ratio": 1.0676369863013568,
  "aux_loss": 0.08010521069169045,
  "aux_loss_alpha": 0.01
}