{
  "experiment": "Exp-2",
  "epoch": 1,
  "step": 30400,
  "expert_load": [
    829803.0,
    791736.0,
    873339.0,
    775522.0
  ],
  "cv": 0.046151483763453446,
  "max_mean_ratio": 1.0681739236790475,
  "aux_loss": 0.080036676004529,
  "aux_loss_alpha": 0.01
}