{
  "experiment": "Exp-2",
  "epoch": 1,
  "step": 10300,
  "expert_load": [
    839981.0,
    795100.0,
    867483.0,
    767836.0
  ],
  "cv": 0.04725920376712271,
  "max_mean_ratio": 1.0610114970645663,
  "aux_loss": 0.080105751901865,
  "aux_loss_alpha": 0.01
}