{
  "experiment": "Exp-2",
  "epoch": 1,
  "step": 15600,
  "expert_load": [
    829840.0,
    789407.0,
    879313.0,
    771840.0
  ],
  "cv": 0.0506038491086711,
  "max_mean_ratio": 1.0754806751467578,
  "aux_loss": 0.08007331646978855,
  "aux_loss_alpha": 0.01
}