{
  "experiment": "Exp-2",
  "epoch": 0,
  "step": 27400,
  "expert_load": [
    832510.0,
    788950.0,
    875929.0,
    773011.0
  ],
  "cv": 0.04905186961075038,
  "max_mean_ratio": 1.0713417318982257,
  "aux_loss": 0.0802010164409876,
  "aux_loss_alpha": 0.01
}