{
  "experiment": "Exp-2",
  "epoch": 0,
  "step": 41700,
  "expert_load": [
    845460.0,
    788991.0,
    863452.0,
    772497.0
  ],
  "cv": 0.04629746647963495,
  "max_mean_ratio": 1.0560812133072277,
  "aux_loss": 0.08009364806115628,
  "aux_loss_alpha": 0.01
}