{
  "experiment": "Exp-2",
  "epoch": 0,
  "step": 800,
  "expert_load": [
    806533.0,
    797344.0,
    845429.0,
    821094.0
  ],
  "cv": 0.02221389919811005,
  "max_mean_ratio": 1.0340374266144687,
  "aux_loss": 0.08131971731781959,
  "aux_loss_alpha": 0.01
}