{
  "experiment": "Exp-2",
  "epoch": 1,
  "step": 12900,
  "expert_load": [
    828502.0,
    788321.0,
    879213.0,
    774364.0
  ],
  "cv": 0.049838661746268956,
  "max_mean_ratio": 1.0753583659491062,
  "aux_loss": 0.08007054321467877,
  "aux_loss_alpha": 0.01
}