{
  "experiment": "Exp-2",
  "epoch": 0,
  "step": 42600,
  "expert_load": [
    831342.0,
    786789.0,
    882743.0,
    769526.0
  ],
  "cv": 0.05363812530577234,
  "max_mean_ratio": 1.07967588062621,
  "aux_loss": 0.08009523898363113,
  "aux_loss_alpha": 0.01
}