{
  "experiment": "Exp-2",
  "epoch": 0,
  "step": 15000,
  "expert_load": [
    846347.0,
    779339.0,
    868004.0,
    776710.0
  ],
  "cv": 0.049315221379647146,
  "max_mean_ratio": 1.0616487279843314,
  "aux_loss": 0.08030562601983547,
  "aux_loss_alpha": 0.01
}