{
  "experiment": "Exp-2",
  "epoch": 0,
  "step": 40700,
  "expert_load": [
    861821.0,
    774868.0,
    856597.0,
    777114.0
  ],
  "cv": 0.05095100178877139,
  "max_mean_ratio": 1.0540863502935292,
  "aux_loss": 0.08013306498527527,
  "aux_loss_alpha": 0.01
}