{
  "experiment": "Exp-2",
  "epoch": 0,
  "step": 31000,
  "expert_load": [
    845948.0,
    780648.0,
    874312.0,
    769492.0
  ],
  "cv": 0.05366186093444161,
  "max_mean_ratio": 1.0693639921721982,
  "aux_loss": 0.08016047082841396,
  "aux_loss_alpha": 0.01
}