{
  "experiment": "Exp-2",
  "epoch": 1,
  "step": 29700,
  "expert_load": [
    832893.0,
    787737.0,
    876627.0,
    773143.0
  ],
  "cv": 0.0496305880014671,
  "max_mean_ratio": 1.0721954500978341,
  "aux_loss": 0.08004172697663307,
  "aux_loss_alpha": 0.01
}