{
  "experiment": "Exp-2",
  "epoch": 1,
  "step": 38000,
  "expert_load": [
    824409.0,
    791835.0,
    878057.0,
    776099.0
  ],
  "cv": 0.04771461919795685,
  "max_mean_ratio": 1.073944471624253,
  "aux_loss": 0.08002901338040828,
  "aux_loss_alpha": 0.01
}