{
  "experiment": "Exp-2",
  "epoch": 1,
  "step": 6900,
  "expert_load": [
    834221.0,
    789627.0,
    872305.0,
    774247.0
  ],
  "cv": 0.047096451313294437,
  "max_mean_ratio": 1.0669092465753294,
  "aux_loss": 0.08006714709103108,
  "aux_loss_alpha": 0.01
}