{
  "experiment": "Exp-2",
  "epoch": 0,
  "step": 14400,
  "expert_load": [
    855299.0,
    767085.0,
    868818.0,
    779198.0
  ],
  "cv": 0.05494044593168964,
  "max_mean_ratio": 1.062644324853216,
  "aux_loss": 0.08027438409626483,
  "aux_loss_alpha": 0.01
}