{
  "experiment": "Exp-2",
  "epoch": 1,
  "step": 13200,
  "expert_load": [
    834965.0,
    784608.0,
    883277.0,
    767550.0
  ],
  "cv": 0.055406491751772806,
  "max_mean_ratio": 1.0803290117416697,
  "aux_loss": 0.08006777584552766,
  "aux_loss_alpha": 0.01
}