{
  "experiment": "Exp-2",
  "epoch": 0,
  "step": 8900,
  "expert_load": [
    816434.0,
    818758.0,
    860251.0,
    774957.0
  ],
  "cv": 0.03689723065221334,
  "max_mean_ratio": 1.052166095890398,
  "aux_loss": 0.08035222917795182,
  "aux_loss_alpha": 0.01
}