{
  "experiment": "Exp-2",
  "epoch": 1,
  "step": 20500,
  "expert_load": [
    836674.0,
    779572.0,
    884839.0,
    769315.0
  ],
  "cv": 0.056918051882032084,
  "max_mean_ratio": 1.0822394814089886,
  "aux_loss": 0.08003375634551048,
  "aux_loss_alpha": 0.01
}