{
  "experiment": "Exp-2",
  "epoch": 0,
  "step": 6400,
  "expert_load": [
    816412.0,
    823249.0,
    855087.0,
    775652.0
  ],
  "cv": 0.03458471010809033,
  "max_mean_ratio": 1.0458500489236662,
  "aux_loss": 0.08038463898003101,
  "aux_loss_alpha": 0.01
}