{
  "experiment": "Exp-2",
  "epoch": 1,
  "step": 34800,
  "expert_load": [
    831083.0,
    793999.0,
    871401.0,
    773917.0
  ],
  "cv": 0.04552445801736735,
  "max_mean_ratio": 1.0658035714285583,
  "aux_loss": 0.08002309449017048,
  "aux_loss_alpha": 0.01
}