{
  "experiment": "Exp-2",
  "epoch": 0,
  "step": 19200,
  "expert_load": [
    826164.0,
    803658.0,
    862088.0,
    778490.0
  ],
  "cv": 0.037581457447865244,
  "max_mean_ratio": 1.0544129158512592,
  "aux_loss": 0.0801914932578802,
  "aux_loss_alpha": 0.01
}