{
  "experiment": "Exp-2",
  "epoch": 1,
  "step": 6600,
  "expert_load": [
    834292.0,
    789868.0,
    875260.0,
    770980.0
  ],
  "cv": 0.04947776361454196,
  "max_mean_ratio": 1.070523483365936,
  "aux_loss": 0.08007658258080483,
  "aux_loss_alpha": 0.01
}