{
  "experiment": "Exp-2",
  "epoch": 0,
  "step": 37700,
  "expert_load": [
    831416.0,
    786553.0,
    878601.0,
    773830.0
  ],
  "cv": 0.0503987136512347,
  "max_mean_ratio": 1.074609833659478,
  "aux_loss": 0.08013067990541459,
  "aux_loss_alpha": 0.01
}