{
  "experiment": "Exp-2",
  "epoch": 1,
  "step": 16300,
  "expert_load": [
    836805.0,
    786001.0,
    872271.0,
    775323.0
  ],
  "cv": 0.04793362910500186,
  "max_mean_ratio": 1.0668676614481278,
  "aux_loss": 0.08007231317460536,
  "aux_loss_alpha": 0.01
}