{
  "experiment": "Exp-2",
  "epoch": 1,
  "step": 20600,
  "expert_load": [
    836403.0,
    770420.0,
    895399.0,
    768178.0
  ],
  "cv": 0.06435696894875166,
  "max_mean_ratio": 1.0951553326810042,
  "aux_loss": 0.0800383298844099,
  "aux_loss_alpha": 0.01
}