{
  "experiment": "Exp-2",
  "epoch": 0,
  "step": 21400,
  "expert_load": [
    835734.0,
    781062.0,
    880974.0,
    772630.0
  ],
  "cv": 0.05367141634050815,
  "max_mean_ratio": 1.077512230919752,
  "aux_loss": 0.08018078774213791,
  "aux_loss_alpha": 0.01
}