{
  "experiment": "Exp-2",
  "epoch": 1,
  "step": 17800,
  "expert_load": [
    838988.0,
    787626.0,
    869745.0,
    774041.0
  ],
  "cv": 0.047260971517245016,
  "max_mean_ratio": 1.0637781311154468,
  "aux_loss": 0.08003892935812473,
  "aux_loss_alpha": 0.01
}