{
  "experiment": "Exp-2",
  "epoch": 0,
  "step": 40000,
  "expert_load": [
    832631.0,
    786138.0,
    879013.0,
    772618.0
  ],
  "cv": 0.05120479337389859,
  "max_mean_ratio": 1.0751137475538028,
  "aux_loss": 0.08009119167923927,
  "aux_loss_alpha": 0.01
}