{
  "experiment": "Exp-2",
  "epoch": 1,
  "step": 23400,
  "expert_load": [
    852871.0,
    775596.0,
    870358.0,
    771575.0
  ],
  "cv": 0.05439008320847536,
  "max_mean_ratio": 1.0645278864970515,
  "aux_loss": 0.08006378650665283,
  "aux_loss_alpha": 0.01
}