{
  "experiment": "Exp-2",
  "epoch": 0,
  "step": 12100,
  "expert_load": [
    832142.0,
    784172.0,
    884956.0,
    769130.0
  ],
  "cv": 0.05542871762628357,
  "max_mean_ratio": 1.0823825831702412,
  "aux_loss": 0.08037037193775178,
  "aux_loss_alpha": 0.01
}