{
  "experiment": "Exp-2",
  "epoch": 1,
  "step": 9800,
  "expert_load": [
    845402.0,
    787351.0,
    864537.0,
    773110.0
  ],
  "cv": 0.046855741079072324,
  "max_mean_ratio": 1.0574082681017483,
  "aux_loss": 0.08009641841053963,
  "aux_loss_alpha": 0.01
}