{
  "experiment": "Exp-2",
  "epoch": 0,
  "step": 3800,
  "expert_load": [
    828661.0,
    792180.0,
    878457.0,
    771102.0
  ],
  "cv": 0.049810640517978844,
  "max_mean_ratio": 1.0744337084148596,
  "aux_loss": 0.08056309446692467,
  "aux_loss_alpha": 0.01
}