{
  "experiment": "Exp-2",
  "epoch": 0,
  "step": 20200,
  "expert_load": [
    839719.0,
    782844.0,
    877268.0,
    770569.0
  ],
  "cv": 0.05285333980552773,
  "max_mean_ratio": 1.0729794520547813,
  "aux_loss": 0.08028379537165165,
  "aux_loss_alpha": 0.01
}