{
  "experiment": "Exp-2",
  "epoch": 1,
  "step": 32800,
  "expert_load": [
    839124.0,
    793046.0,
    862955.0,
    775275.0
  ],
  "cv": 0.042872221287915326,
  "max_mean_ratio": 1.055473336594899,
  "aux_loss": 0.08003239661455154,
  "aux_loss_alpha": 0.01
}