{
  "experiment": "Exp-2",
  "epoch": 0,
  "step": 38000,
  "expert_load": [
    842014.0,
    773070.0,
    887204.0,
    768112.0
  ],
  "cv": 0.06076423659949779,
  "max_mean_ratio": 1.0851320939334506,
  "aux_loss": 0.0801494050770998,
  "aux_loss_alpha": 0.01
}