{
  "experiment": "Exp-2",
  "epoch": 1,
  "step": 16100,
  "expert_load": [
    837732.0,
    784373.0,
    872553.0,
    775742.0
  ],
  "cv": 0.048467695083169664,
  "max_mean_ratio": 1.0672125733855056,
  "aux_loss": 0.0800794330239296,
  "aux_loss_alpha": 0.01
}