{
  "experiment": "Exp-2",
  "epoch": 0,
  "step": 10000,
  "expert_load": [
    808886.0,
    801335.0,
    885690.0,
    774489.0
  ],
  "cv": 0.050560066238074235,
  "max_mean_ratio": 1.0832803326810043,
  "aux_loss": 0.08034466192126274,
  "aux_loss_alpha": 0.01
}