{
  "experiment": "Exp-2",
  "epoch": 0,
  "step": 32600,
  "expert_load": [
    830526.0,
    789625.0,
    880011.0,
    770238.0
  ],
  "cv": 0.051486123639309544,
  "max_mean_ratio": 1.0763343933463665,
  "aux_loss": 0.08012761518359185,
  "aux_loss_alpha": 0.01
}