{
  "experiment": "Exp-2",
  "epoch": 0,
  "step": 18100,
  "expert_load": [
    840624.0,
    759697.0,
    896246.0,
    773833.0
  ],
  "cv": 0.06694573389340672,
  "max_mean_ratio": 1.0961912915851137,
  "aux_loss": 0.08028067976236343,
  "aux_loss_alpha": 0.01
}