{
  "experiment": "Exp-2",
  "epoch": 1,
  "step": 38100,
  "expert_load": [
    831109.0,
    792518.0,
    872260.0,
    774513.0
  ],
  "cv": 0.045991368601699535,
  "max_mean_ratio": 1.0668542074363863,
  "aux_loss": 0.08002904035151005,
  "aux_loss_alpha": 0.01
}