{
  "experiment": "Exp-2",
  "epoch": 1,
  "step": 17300,
  "expert_load": [
    830826.0,
    783378.0,
    881571.0,
    774625.0
  ],
  "cv": 0.05219756184258743,
  "max_mean_ratio": 1.0782424168297324,
  "aux_loss": 0.08007164783775807,
  "aux_loss_alpha": 0.01
}