{
  "experiment": "Exp-2",
  "epoch": 0,
  "step": 1900,
  "expert_load": [
    797842.0,
    821163.0,
    855522.0,
    795873.0
  ],
  "cv": 0.029412846574577673,
  "max_mean_ratio": 1.046382093933451,
  "aux_loss": 0.08068728014826775,
  "aux_loss_alpha": 0.01
}