{
  "experiment": "Exp-2",
  "epoch": 0,
  "step": 5200,
  "expert_load": [
    807382.0,
    824537.0,
    853791.0,
    784690.0
  ],
  "cv": 0.03085360831243847,
  "max_mean_ratio": 1.0442649217221007,
  "aux_loss": 0.08041581854224206,
  "aux_loss_alpha": 0.01
}