{
  "experiment": "Exp-2",
  "epoch": 0,
  "step": 23000,
  "expert_load": [
    825513.0,
    792245.0,
    882594.0,
    770048.0
  ],
  "cv": 0.05185861247859525,
  "max_mean_ratio": 1.079493639921709,
  "aux_loss": 0.08022665105760098,
  "aux_loss_alpha": 0.01
}