{
  "experiment": "Exp-2",
  "epoch": 0,
  "step": 39400,
  "expert_load": [
    842874.0,
    782226.0,
    874513.0,
    770787.0
  ],
  "cv": 0.05232433341487216,
  "max_mean_ratio": 1.0696098336594781,
  "aux_loss": 0.08012698292732238,
  "aux_loss_alpha": 0.01
}