{
  "experiment": "Exp-2",
  "epoch": 1,
  "step": 30500,
  "expert_load": [
    838281.0,
    792339.0,
    868757.0,
    771023.0
  ],
  "cv": 0.046783377988930445,
  "max_mean_ratio": 1.0625697162426484,
  "aux_loss": 0.08003831334412098,
  "aux_loss_alpha": 0.01
}