{
  "experiment": "Exp-2",
  "epoch": 0,
  "step": 37200,
  "expert_load": [
    829440.0,
    794235.0,
    875362.0,
    771363.0
  ],
  "cv": 0.047999222189945595,
  "max_mean_ratio": 1.0706482387475407,
  "aux_loss": 0.08011218138039113,
  "aux_loss_alpha": 0.01
}