{
  "experiment": "Exp-2",
  "epoch": 0,
  "step": 34900,
  "expert_load": [
    839252.0,
    773930.0,
    882719.0,
    774499.0
  ],
  "cv": 0.056295650952482186,
  "max_mean_ratio": 1.0796465264187736,
  "aux_loss": 0.08016507491469384,
  "aux_loss_alpha": 0.01
}