{
  "experiment": "Exp-2",
  "epoch": 1,
  "step": 1000,
  "expert_load": [
    835787.0,
    788814.0,
    873773.0,
    772026.0
  ],
  "cv": 0.048892308662548324,
  "max_mean_ratio": 1.0687047455968557,
  "aux_loss": 0.08010142244398594,
  "aux_loss_alpha": 0.01
}