{
  "experiment": "Exp-2",
  "epoch": 1,
  "step": 28300,
  "expert_load": [
    832834.0,
    786500.0,
    881184.0,
    769882.0
  ],
  "cv": 0.05302924527580659,
  "max_mean_ratio": 1.0777690802348205,
  "aux_loss": 0.08004123136401177,
  "aux_loss_alpha": 0.01
}