{
  "experiment": "Exp-2",
  "epoch": 0,
  "step": 3600,
  "expert_load": [
    866375.0,
    778845.0,
    849294.0,
    775886.0
  ],
  "cv": 0.04977818558127385,
  "max_mean_ratio": 1.0596563111545858,
  "aux_loss": 0.08057632088661194,
  "aux_loss_alpha": 0.01
}