{
  "experiment": "Exp-2",
  "epoch": 1,
  "step": 100,
  "expert_load": [
    838230.0,
    789819.0,
    871317.0,
    771034.0
  ],
  "cv": 0.04835194089407964,
  "max_mean_ratio": 1.065700831702531,
  "aux_loss": 0.08007717125117779,
  "aux_loss_alpha": 0.01
}