{
  "experiment": "Exp-2",
  "epoch": 1,
  "step": 38600,
  "expert_load": [
    834108.0,
    791393.0,
    869504.0,
    775395.0
  ],
  "cv": 0.04508304603412371,
  "max_mean_ratio": 1.0634833659491063,
  "aux_loss": 0.08001907519996167,
  "aux_loss_alpha": 0.01
}