{
  "experiment": "Exp-2",
  "epoch": 0,
  "step": 39100,
  "expert_load": [
    833194.0,
    795168.0,
    870359.0,
    771679.0
  ],
  "cv": 0.04592143736240159,
  "max_mean_ratio": 1.0645291095890281,
  "aux_loss": 0.08009876400232314,
  "aux_loss_alpha": 0.01
}