{
  "experiment": "Exp-2",
  "epoch": 1,
  "step": 22600,
  "expert_load": [
    846102.0,
    772192.0,
    885184.0,
    766922.0
  ],
  "cv": 0.0611854962313471,
  "max_mean_ratio": 1.082661448140887,
  "aux_loss": 0.08006524071097373,
  "aux_loss_alpha": 0.01
}