{
  "experiment": "Exp-2",
  "epoch": 1,
  "step": 40700,
  "expert_load": [
    838123.0,
    781752.0,
    878583.0,
    771942.0
  ],
  "cv": 0.05299621223703457,
  "max_mean_ratio": 1.0745878180039008,
  "aux_loss": 0.08002100944519043,
  "aux_loss_alpha": 0.01
}