{
  "experiment": "Exp-2",
  "epoch": 1,
  "step": 14400,
  "expert_load": [
    831341.0,
    789414.0,
    878923.0,
    770722.0
  ],
  "cv": 0.05095071034888636,
  "max_mean_ratio": 1.0750036692759164,
  "aux_loss": 0.08006378747522831,
  "aux_loss_alpha": 0.01
}