{
  "experiment": "Exp-2",
  "epoch": 0,
  "step": 300,
  "expert_load": [
    800411.0,
    822022.0,
    837780.0,
    810187.0
  ],
  "cv": 0.017048874946489517,
  "max_mean_ratio": 1.0246819960860931,
  "aux_loss": 0.08152703247964382,
  "aux_loss_alpha": 0.01
}