{
  "experiment": "Exp-2",
  "epoch": 0,
  "step": 41600,
  "expert_load": [
    848082.0,
    779162.0,
    870313.0,
    772843.0
  ],
  "cv": 0.051849874059747406,
  "max_mean_ratio": 1.0644728473581082,
  "aux_loss": 0.0801019124686718,
  "aux_loss_alpha": 0.01
}