{
  "experiment": "Exp-2",
  "epoch": 1,
  "step": 24300,
  "expert_load": [
    850812.0,
    775458.0,
    871193.0,
    772937.0
  ],
  "cv": 0.053822922081396114,
  "max_mean_ratio": 1.065549168297443,
  "aux_loss": 0.08004340797662735,
  "aux_loss_alpha": 0.01
}