{
  "experiment": "Exp-2",
  "epoch": 1,
  "step": 24100,
  "expert_load": [
    851001.0,
    767073.0,
    885050.0,
    767276.0
  ],
  "cv": 0.06340824134662348,
  "max_mean_ratio": 1.0824975538160337,
  "aux_loss": 0.08005404710769654,
  "aux_loss_alpha": 0.01
}