{
  "experiment": "Exp-2",
  "epoch": 0,
  "step": 17900,
  "expert_load": [
    830800.0,
    784986.0,
    885341.0,
    769273.0
  ],
  "cv": 0.05525024175177281,
  "max_mean_ratio": 1.0828534735812,
  "aux_loss": 0.08028489969670773,
  "aux_loss_alpha": 0.01
}