{
  "experiment": "Exp-2",
  "epoch": 0,
  "step": 27500,
  "expert_load": [
    828570.0,
    784013.0,
    890624.0,
    767193.0
  ],
  "cv": 0.05840759635671406,
  "max_mean_ratio": 1.0893150684931374,
  "aux_loss": 0.0801858789473772,
  "aux_loss_alpha": 0.01
}