{
  "experiment": "Exp-2",
  "epoch": 1,
  "step": 30600,
  "expert_load": [
    826474.0,
    792916.0,
    875748.0,
    775262.0
  ],
  "cv": 0.04682120306384483,
  "max_mean_ratio": 1.0711203522504762,
  "aux_loss": 0.08002925217151642,
  "aux_loss_alpha": 0.01
}