{
  "experiment": "Exp-2",
  "epoch": 1,
  "step": 19700,
  "expert_load": [
    836496.0,
    770315.0,
    889598.0,
    773991.0
  ],
  "cv": 0.06016315855858537,
  "max_mean_ratio": 1.0880601761252313,
  "aux_loss": 0.08007671400904655,
  "aux_loss_alpha": 0.01
}