{
  "experiment": "Exp-2",
  "epoch": 0,
  "step": 35300,
  "expert_load": [
    833532.0,
    776640.0,
    891032.0,
    769196.0
  ],
  "cv": 0.060126996124326565,
  "max_mean_ratio": 1.089814090019556,
  "aux_loss": 0.08014921441674233,
  "aux_loss_alpha": 0.01
}