{
  "experiment": "Exp-2",
  "epoch": 0,
  "step": 19700,
  "expert_load": [
    831497.0,
    786847.0,
    878738.0,
    773318.0
  ],
  "cv": 0.05056868999204928,
  "max_mean_ratio": 1.0747773972602608,
  "aux_loss": 0.08021573580801487,
  "aux_loss_alpha": 0.01
}