{
  "experiment": "Exp-2",
  "epoch": 0,
  "step": 13900,
  "expert_load": [
    839087.0,
    795115.0,
    857612.0,
    778586.0
  ],
  "cv": 0.03911179156219375,
  "max_mean_ratio": 1.0489383561643708,
  "aux_loss": 0.08029646202921867,
  "aux_loss_alpha": 0.01
}