{
  "experiment": "Exp-2",
  "epoch": 1,
  "step": 20000,
  "expert_load": [
    844077.0,
    774806.0,
    884201.0,
    767316.0
  ],
  "cv": 0.0595952473321299,
  "max_mean_ratio": 1.081459148727971,
  "aux_loss": 0.08006116524338722,
  "aux_loss_alpha": 0.01
}