{
  "experiment": "Exp-2",
  "epoch": 0,
  "step": 27100,
  "expert_load": [
    835410.0,
    789230.0,
    867774.0,
    777986.0
  ],
  "cv": 0.044136305956457386,
  "max_mean_ratio": 1.0613674168297327,
  "aux_loss": 0.080178082883358,
  "aux_loss_alpha": 0.01
}