{
  "experiment": "Exp-2",
  "epoch": 1,
  "step": 25000,
  "expert_load": [
    825824.0,
    789596.0,
    878130.0,
    776850.0
  ],
  "cv": 0.04806106477800822,
  "max_mean_ratio": 1.0740337573385388,
  "aux_loss": 0.08005274906754493,
  "aux_loss_alpha": 0.01
}