{
  "experiment": "Exp-2",
  "epoch": 1,
  "step": 24600,
  "expert_load": [
    835038.0,
    771801.0,
    890389.0,
    773172.0
  ],
  "cv": 0.0601486438967703,
  "max_mean_ratio": 1.089027641878656,
  "aux_loss": 0.08006835252046585,
  "aux_loss_alpha": 0.01
}