{
  "experiment": "Exp-2",
  "epoch": 1,
  "step": 5700,
  "expert_load": [
    831301.0,
    792433.0,
    878068.0,
    768598.0
  ],
  "cv": 0.05072024828767061,
  "max_mean_ratio": 1.0739579256359946,
  "aux_loss": 0.08007494322955608,
  "aux_loss_alpha": 0.01
}