{
  "experiment": "Exp-2",
  "epoch": 0,
  "step": 30300,
  "expert_load": [
    836563.0,
    790690.0,
    874642.0,
    768505.0
  ],
  "cv": 0.05023563631360017,
  "max_mean_ratio": 1.0697676125244486,
  "aux_loss": 0.08015776991844177,
  "aux_loss_alpha": 0.01
}