{
  "experiment": "Exp-2",
  "epoch": 1,
  "step": 34900,
  "expert_load": [
    832524.0,
    796976.0,
    865361.0,
    775539.0
  ],
  "cv": 0.041917965883377664,
  "max_mean_ratio": 1.058416095890398,
  "aux_loss": 0.08003119029104709,
  "aux_loss_alpha": 0.01
}