{
  "experiment": "Exp-2",
  "epoch": 1,
  "step": 42800,
  "expert_load": [
    836031.0,
    792016.0,
    869233.0,
    773120.0
  ],
  "cv": 0.04592168580295932,
  "max_mean_ratio": 1.0631519080234704,
  "aux_loss": 0.08001996263861656,
  "aux_loss_alpha": 0.01
}