{
  "experiment": "Exp-2",
  "epoch": 1,
  "step": 37700,
  "expert_load": [
    831468.0,
    794218.0,
    872423.0,
    772291.0
  ],
  "cv": 0.046563942866315475,
  "max_mean_ratio": 1.0670535714285583,
  "aux_loss": 0.08004023022949695,
  "aux_loss_alpha": 0.01
}