{
  "experiment": "Exp-2",
  "epoch": 1,
  "step": 27400,
  "expert_load": [
    831231.0,
    782604.0,
    881435.0,
    775130.0
  ],
  "cv": 0.0522116035118022,
  "max_mean_ratio": 1.078076076320926,
  "aux_loss": 0.08004203148186206,
  "aux_loss_alpha": 0.01
}