{
  "experiment": "Exp-2",
  "epoch": 1,
  "step": 38300,
  "expert_load": [
    827262.0,
    790010.0,
    878827.0,
    774301.0
  ],
  "cv": 0.049221329959637364,
  "max_mean_ratio": 1.0748862524461709,
  "aux_loss": 0.08004269614815712,
  "aux_loss_alpha": 0.01
}