{
  "experiment": "Exp-2",
  "epoch": 1,
  "step": 13700,
  "expert_load": [
    832767.0,
    791609.0,
    873139.0,
    772885.0
  ],
  "cv": 0.047329006008438756,
  "max_mean_ratio": 1.0679293052837442,
  "aux_loss": 0.08005073830485344,
  "aux_loss_alpha": 0.01
}