{
  "experiment": "Exp-2",
  "epoch": 1,
  "step": 41100,
  "expert_load": [
    837175.0,
    792959.0,
    869644.0,
    770622.0
  ],
  "cv": 0.04699709897871762,
  "max_mean_ratio": 1.0636545988258186,
  "aux_loss": 0.08002646751701832,
  "aux_loss_alpha": 0.01
}