{
  "experiment": "Exp-2",
  "epoch": 0,
  "step": 43100,
  "expert_load": [
    836061.0,
    773290.0,
    889655.0,
    771394.0
  ],
  "cv": 0.060016010082863745,
  "max_mean_ratio": 1.0881298923678928,
  "aux_loss": 0.08010401345789432,
  "aux_loss_alpha": 0.01
}