{
  "experiment": "Exp-2",
  "epoch": 1,
  "step": 18700,
  "expert_load": [
    839285.0,
    779373.0,
    881956.0,
    769786.0
  ],
  "cv": 0.05591355415239658,
  "max_mean_ratio": 1.0787133072406914,
  "aux_loss": 0.08004607588052749,
  "aux_loss_alpha": 0.01
}