{
  "experiment": "Exp-2",
  "epoch": 1,
  "step": 7900,
  "expert_load": [
    830436.0,
    794079.0,
    872361.0,
    773524.0
  ],
  "cv": 0.04600623203583603,
  "max_mean_ratio": 1.0669777397260143,
  "aux_loss": 0.08006772190332413,
  "aux_loss_alpha": 0.01
}