{
  "experiment": "Exp-2",
  "epoch": 1,
  "step": 25200,
  "expert_load": [
    855867.0,
    771145.0,
    872843.0,
    770545.0
  ],
  "cv": 0.057655495122920036,
  "max_mean_ratio": 1.0675672700586953,
  "aux_loss": 0.08002058357000351,
  "aux_loss_alpha": 0.01
}