{
  "experiment": "Exp-2",
  "epoch": 0,
  "step": 27800,
  "expert_load": [
    832968.0,
    787560.0,
    877257.0,
    772615.0
  ],
  "cv": 0.050136274423617296,
  "max_mean_ratio": 1.0729659980430397,
  "aux_loss": 0.08019678600132465,
  "aux_loss_alpha": 0.01
}