{
  "experiment": "Exp-2",
  "epoch": 1,
  "step": 42700,
  "expert_load": [
    828251.0,
    793422.0,
    868602.0,
    780125.0
  ],
  "cv": 0.041941529514737744,
  "max_mean_ratio": 1.0623801369862884,
  "aux_loss": 0.08001862563192845,
  "aux_loss_alpha": 0.01
}