{
  "experiment": "Exp-2",
  "epoch": 0,
  "step": 19900,
  "expert_load": [
    825968.0,
    797711.0,
    870443.0,
    776278.0
  ],
  "cv": 0.043093323828888905,
  "max_mean_ratio": 1.0646318493150555,
  "aux_loss": 0.080241928845644,
  "aux_loss_alpha": 0.01
}