{
  "experiment": "Exp-2",
  "epoch": 1,
  "step": 15200,
  "expert_load": [
    834436.0,
    785097.0,
    874893.0,
    775974.0
  ],
  "cv": 0.048751791638636875,
  "max_mean_ratio": 1.0700746086105544,
  "aux_loss": 0.0800720401108265,
  "aux_loss_alpha": 0.01
}