{
  "experiment": "Exp-2",
  "epoch": 1,
  "step": 27300,
  "expert_load": [
    829063.0,
    785396.0,
    876961.0,
    778980.0
  ],
  "cv": 0.048089955548250386,
  "max_mean_ratio": 1.0726039628179909,
  "aux_loss": 0.08003864608705044,
  "aux_loss_alpha": 0.01
}