{
  "experiment": "Exp-2",
  "epoch": 1,
  "step": 18800,
  "expert_load": [
    837769.0,
    778950.0,
    878419.0,
    775262.0
  ],
  "cv": 0.05257897543113928,
  "max_mean_ratio": 1.074387230919752,
  "aux_loss": 0.08004903264343738,
  "aux_loss_alpha": 0.01
}