{
  "experiment": "Exp-2",
  "epoch": 1,
  "step": 19100,
  "expert_load": [
    838582.0,
    776316.0,
    879949.0,
    775553.0
  ],
  "cv": 0.054010145930160784,
  "max_mean_ratio": 1.0762585616438225,
  "aux_loss": 0.08003090105950833,
  "aux_loss_alpha": 0.01
}