{
  "experiment": "Exp-2",
  "epoch": 1,
  "step": 36100,
  "expert_load": [
    826515.0,
    796784.0,
    875931.0,
    771170.0
  ],
  "cv": 0.04764972843535901,
  "max_mean_ratio": 1.0713441780821786,
  "aux_loss": 0.08001919202506542,
  "aux_loss_alpha": 0.01
}