{
  "experiment": "Exp-2",
  "epoch": 0,
  "step": 25300,
  "expert_load": [
    816143.0,
    765110.0,
    914545.0,
    774602.0
  ],
  "cv": 0.07237068191199765,
  "max_mean_ratio": 1.1185726516633914,
  "aux_loss": 0.08023710384964942,
  "aux_loss_alpha": 0.01
}