{
  "experiment": "Exp-2",
  "epoch": 0,
  "step": 42300,
  "expert_load": [
    845605.0,
    763735.0,
    887323.0,
    773737.0
  ],
  "cv": 0.06257815366621744,
  "max_mean_ratio": 1.085277641878656,
  "aux_loss": 0.08012577280402183,
  "aux_loss_alpha": 0.01
}