{
  "experiment": "Exp-2",
  "epoch": 0,
  "step": 22400,
  "expert_load": [
    826609.0,
    797498.0,
    877478.0,
    768815.0
  ],
  "cv": 0.04911671259631789,
  "max_mean_ratio": 1.0732363013698498,
  "aux_loss": 0.08023942992091179,
  "aux_loss_alpha": 0.01
}