{
  "experiment": "Exp-2",
  "epoch": 0,
  "step": 32400,
  "expert_load": [
    837658.0,
    783884.0,
    875774.0,
    773084.0
  ],
  "cv": 0.05081715443829439,
  "max_mean_ratio": 1.0711521526418655,
  "aux_loss": 0.08013921461999417,
  "aux_loss_alpha": 0.01
}