{
  "experiment": "Exp-2",
  "epoch": 1,
  "step": 37600,
  "expert_load": [
    844141.0,
    793214.0,
    860319.0,
    772726.0
  ],
  "cv": 0.04383420223825778,
  "max_mean_ratio": 1.0522492661448013,
  "aux_loss": 0.08001782946288585,
  "aux_loss_alpha": 0.01
}