{
  "experiment": "Exp-2",
  "epoch": 0,
  "step": 4900,
  "expert_load": [
    809969.0,
    826710.0,
    862824.0,
    770897.0
  ],
  "cv": 0.04041576527336056,
  "max_mean_ratio": 1.0553131115459753,
  "aux_loss": 0.08047047063708306,
  "aux_loss_alpha": 0.01
}