{
  "experiment": "Exp-2",
  "epoch": 1,
  "step": 16500,
  "expert_load": [
    821360.0,
    790644.0,
    881281.0,
    777115.0
  ],
  "cv": 0.049057535966547834,
  "max_mean_ratio": 1.0778877201565427,
  "aux_loss": 0.08004264794290065,
  "aux_loss_alpha": 0.01
}