{
  "experiment": "Exp-2",
  "epoch": 1,
  "step": 11000,
  "expert_load": [
    843285.0,
    786850.0,
    872458.0,
    767807.0
  ],
  "cv": 0.051508091517856514,
  "max_mean_ratio": 1.0670963796477364,
  "aux_loss": 0.08004510037600994,
  "aux_loss_alpha": 0.01
}