{
  "experiment": "Exp-2",
  "epoch": 1,
  "step": 32400,
  "expert_load": [
    835278.0,
    788832.0,
    868775.0,
    777515.0
  ],
  "cv": 0.04479672306904299,
  "max_mean_ratio": 1.0625917318982256,
  "aux_loss": 0.08004388764500618,
  "aux_loss_alpha": 0.01
}