{
  "experiment": "Exp-2",
  "epoch": 1,
  "step": 37000,
  "expert_load": [
    834066.0,
    797643.0,
    867916.0,
    770775.0
  ],
  "cv": 0.04491301236087274,
  "max_mean_ratio": 1.061541095890398,
  "aux_loss": 0.07999746277928352,
  "aux_loss_alpha": 0.01
}