{
  "experiment": "Exp-2",
  "epoch": 1,
  "step": 26900,
  "expert_load": [
    832105.0,
    784636.0,
    881323.0,
    772336.0
  ],
  "cv": 0.05263017329684378,
  "max_mean_ratio": 1.0779390900195562,
  "aux_loss": 0.0800445794314146,
  "aux_loss_alpha": 0.01
}