{
  "experiment": "Exp-2",
  "epoch": 0,
  "step": 10300,
  "expert_load": [
    824916.0,
    784927.0,
    891439.0,
    769118.0
  ],
  "cv": 0.05777005966395477,
  "max_mean_ratio": 1.0903118884539984,
  "aux_loss": 0.08039388947188854,
  "aux_loss_alpha": 0.01
}