{
  "experiment": "Exp-2",
  "epoch": 0,
  "step": 41900,
  "expert_load": [
    850965.0,
    782499.0,
    869728.0,
    767208.0
  ],
  "cv": 0.05332030772229631,
  "max_mean_ratio": 1.0637573385518462,
  "aux_loss": 0.08011231161653995,
  "aux_loss_alpha": 0.01
}