{
  "experiment": "Exp-2",
  "epoch": 0,
  "step": 41500,
  "expert_load": [
    853594.0,
    778231.0,
    864887.0,
    773688.0
  ],
  "cv": 0.051201448981775304,
  "max_mean_ratio": 1.057836350293529,
  "aux_loss": 0.08007922112941741,
  "aux_loss_alpha": 0.01
}