{
  "experiment": "Exp-2",
  "epoch": 1,
  "step": 35900,
  "expert_load": [
    838344.0,
    797566.0,
    865491.0,
    768999.0
  ],
  "cv": 0.04530098573568927,
  "max_mean_ratio": 1.0585750978473452,
  "aux_loss": 0.08001252867281437,
  "aux_loss_alpha": 0.01
}