{
  "experiment": "Exp-2",
  "epoch": 1,
  "step": 44000,
  "expert_load": [
    847791.0,
    789226.0,
    857082.0,
    776301.0
  ],
  "cv": 0.043160660775439785,
  "max_mean_ratio": 1.0482901174168169,
  "aux_loss": 0.08002040520310402,
  "aux_loss_alpha": 0.01
}