{
  "experiment": "Exp-2",
  "epoch": 0,
  "step": 30500,
  "expert_load": [
    834401.0,
    790450.0,
    875348.0,
    770201.0
  ],
  "cv": 0.049685593696489116,
  "max_mean_ratio": 1.0706311154598696,
  "aux_loss": 0.08018137872219086,
  "aux_loss_alpha": 0.01
}