{
  "experiment": "Exp-2",
  "epoch": 0,
  "step": 27700,
  "expert_load": [
    848213.0,
    761676.0,
    896951.0,
    763560.0
  ],
  "cv": 0.07047799485536851,
  "max_mean_ratio": 1.097053571428558,
  "aux_loss": 0.08019415833055973,
  "aux_loss_alpha": 0.01
}