{
  "experiment": "Exp-2",
  "epoch": 1,
  "step": 18300,
  "expert_load": [
    825628.0,
    795476.0,
    872917.0,
    776379.0
  ],
  "cv": 0.044576045743639374,
  "max_mean_ratio": 1.0676577788649575,
  "aux_loss": 0.08004424408078194,
  "aux_loss_alpha": 0.01
}