{
  "experiment": "Exp-2",
  "epoch": 0,
  "step": 19000,
  "expert_load": [
    823070.0,
    778977.0,
    896283.0,
    772070.0
  ],
  "cv": 0.06049562935726443,
  "max_mean_ratio": 1.0962365459882448,
  "aux_loss": 0.08023534156382084,
  "aux_loss_alpha": 0.01
}