{
  "experiment": "Exp-2",
  "epoch": 1,
  "step": 9900,
  "expert_load": [
    843255.0,
    788236.0,
    871747.0,
    767162.0
  ],
  "cv": 0.05115213353106591,
  "max_mean_ratio": 1.0662267612524332,
  "aux_loss": 0.08007207974791526,
  "aux_loss_alpha": 0.01
}