{
  "experiment": "Exp-2",
  "epoch": 0,
  "step": 13100,
  "expert_load": [
    824219.0,
    767050.0,
    904177.0,
    774954.0
  ],
  "cv": 0.06674926041156963,
  "max_mean_ratio": 1.105891634050867,
  "aux_loss": 0.08041186846792697,
  "aux_loss_alpha": 0.01
}