{
  "experiment": "Exp-2",
  "epoch": 1,
  "step": 41500,
  "expert_load": [
    839617.0,
    792206.0,
    865616.0,
    772961.0
  ],
  "cv": 0.045054714255136435,
  "max_mean_ratio": 1.0587279843444097,
  "aux_loss": 0.08001865401864051,
  "aux_loss_alpha": 0.01
}