{
  "experiment": "Exp-2",
  "epoch": 1,
  "step": 1200,
  "expert_load": [
    844744.0,
    791164.0,
    861037.0,
    773455.0
  ],
  "cv": 0.044400145051063544,
  "max_mean_ratio": 1.0531274461839402,
  "aux_loss": 0.08006708167493343,
  "aux_loss_alpha": 0.01
}