{
  "experiment": "Exp-2",
  "epoch": 0,
  "step": 31600,
  "expert_load": [
    831057.0,
    799951.0,
    871821.0,
    767571.0
  ],
  "cv": 0.047114434587511654,
  "max_mean_ratio": 1.0663172700586954,
  "aux_loss": 0.08013814695179462,
  "aux_loss_alpha": 0.01
}