{
  "experiment": "Exp-2",
  "epoch": 0,
  "step": 39500,
  "expert_load": [
    832278.0,
    800990.0,
    867070.0,
    770062.0
  ],
  "cv": 0.04409275719330915,
  "max_mean_ratio": 1.060506360078265,
  "aux_loss": 0.08008384771645069,
  "aux_loss_alpha": 0.01
}