{
  "experiment": "Exp-2",
  "epoch": 0,
  "step": 17100,
  "expert_load": [
    837085.0,
    778725.0,
    883435.0,
    771155.0
  ],
  "cv": 0.0559900881772865,
  "max_mean_ratio": 1.0805222602739595,
  "aux_loss": 0.08028044313192367,
  "aux_loss_alpha": 0.01
}