{
  "experiment": "Exp-2",
  "epoch": 1,
  "step": 26800,
  "expert_load": [
    827102.0,
    786198.0,
    881228.0,
    775872.0
  ],
  "cv": 0.05067396667838735,
  "max_mean_ratio": 1.0778228962817873,
  "aux_loss": 0.08004642263054848,
  "aux_loss_alpha": 0.01
}