{
  "experiment": "Exp-2",
  "epoch": 0,
  "step": 26000,
  "expert_load": [
    836873.0,
    788754.0,
    871439.0,
    773334.0
  ],
  "cv": 0.04761291623348767,
  "max_mean_ratio": 1.065850048923666,
  "aux_loss": 0.08019666373729706,
  "aux_loss_alpha": 0.01
}