{
  "experiment": "Exp-2",
  "epoch": 0,
  "step": 10100,
  "expert_load": [
    814708.0,
    790016.0,
    886514.0,
    779162.0
  ],
  "cv": 0.051150475668113364,
  "max_mean_ratio": 1.0842881604696541,
  "aux_loss": 0.08040575318038463,
  "aux_loss_alpha": 0.01
}