{
  "experiment": "Exp-2",
  "epoch": 0,
  "step": 15900,
  "expert_load": [
    821115.0,
    808971.0,
    867026.0,
    773288.0
  ],
  "cv": 0.04099318890655527,
  "max_mean_ratio": 1.0604525440312982,
  "aux_loss": 0.08024196356534957,
  "aux_loss_alpha": 0.01
}