{
  "experiment": "Exp-2",
  "epoch": 0,
  "step": 9700,
  "expert_load": [
    828211.0,
    788844.0,
    877062.0,
    776283.0
  ],
  "cv": 0.04808448985598033,
  "max_mean_ratio": 1.072727495107619,
  "aux_loss": 0.0803887065500021,
  "aux_loss_alpha": 0.01
}