{
  "experiment": "Exp-2",
  "epoch": 0,
  "step": 6900,
  "expert_load": [
    844674.0,
    796166.0,
    853724.0,
    775836.0
  ],
  "cv": 0.039828468516847605,
  "max_mean_ratio": 1.044182974559674,
  "aux_loss": 0.08048583909869195,
  "aux_loss_alpha": 0.01
}