{
  "experiment": "Exp-2",
  "epoch": 1,
  "step": 17200,
  "expert_load": [
    835781.0,
    775706.0,
    883603.0,
    775310.0
  ],
  "cv": 0.055480727701503724,
  "max_mean_ratio": 1.0807277397260142,
  "aux_loss": 0.08007037080824375,
  "aux_loss_alpha": 0.01
}