{
  "experiment": "Exp-2",
  "epoch": 0,
  "step": 22200,
  "expert_load": [
    824233.0,
    784866.0,
    887099.0,
    774202.0
  ],
  "cv": 0.054110621024950414,
  "max_mean_ratio": 1.0850036692759162,
  "aux_loss": 0.0802522224932909,
  "aux_loss_alpha": 0.01
}