{
  "experiment": "Exp-2",
  "epoch": 0,
  "step": 24300,
  "expert_load": [
    831470.0,
    795927.0,
    877892.0,
    765111.0
  ],
  "cv": 0.051356452001283616,
  "max_mean_ratio": 1.0737426614481278,
  "aux_loss": 0.08019313976168632,
  "aux_loss_alpha": 0.01
}