{
  "experiment": "Exp-2",
  "epoch": 0,
  "step": 26500,
  "expert_load": [
    819270.0,
    776465.0,
    904202.0,
    770463.0
  ],
  "cv": 0.06534299607846054,
  "max_mean_ratio": 1.10592221135028,
  "aux_loss": 0.08023312121629715,
  "aux_loss_alpha": 0.01
}