{
  "experiment": "Exp-2",
  "epoch": 0,
  "step": 11100,
  "expert_load": [
    825641.0,
    782238.0,
    891067.0,
    771454.0
  ],
  "cv": 0.05750477770303256,
  "max_mean_ratio": 1.0898568982387342,
  "aux_loss": 0.08043738059699536,
  "aux_loss_alpha": 0.01
}