{
  "experiment": "Exp-2",
  "epoch": 1,
  "step": 9400,
  "expert_load": [
    852730.0,
    785159.0,
    861559.0,
    770952.0
  ],
  "cv": 0.04890442969514373,
  "max_mean_ratio": 1.0537659001956818,
  "aux_loss": 0.08006144225597382,
  "aux_loss_alpha": 0.01
}