{
  "experiment": "Exp-2",
  "epoch": 0,
  "step": 14900,
  "expert_load": [
    835387.0,
    805405.0,
    860689.0,
    768919.0
  ],
  "cv": 0.04188798579684391,
  "max_mean_ratio": 1.0527018101761123,
  "aux_loss": 0.0802672566473484,
  "aux_loss_alpha": 0.01
}