{
  "experiment": "Exp-2",
  "epoch": 1,
  "step": 500,
  "expert_load": [
    838944.0,
    794597.0,
    869061.0,
    767798.0
  ],
  "cv": 0.04781483151907965,
  "max_mean_ratio": 1.0629415362035095,
  "aux_loss": 0.08010095208883286,
  "aux_loss_alpha": 0.01
}