{
  "experiment": "Exp-2",
  "epoch": 0,
  "step": 28200,
  "expert_load": [
    835761.0,
    789354.0,
    873403.0,
    771882.0
  ],
  "cv": 0.04866219059595097,
  "max_mean_ratio": 1.0682522015655447,
  "aux_loss": 0.08020170256495476,
  "aux_loss_alpha": 0.01
}