{
  "experiment": "Exp-2",
  "epoch": 1,
  "step": 31500,
  "expert_load": [
    830304.0,
    791154.0,
    875606.0,
    773336.0
  ],
  "cv": 0.048094040484343833,
  "max_mean_ratio": 1.0709466731898107,
  "aux_loss": 0.08003417380154133,
  "aux_loss_alpha": 0.01
}