{
  "experiment": "Exp-2",
  "epoch": 0,
  "step": 17300,
  "expert_load": [
    820256.0,
    796362.0,
    878573.0,
    775209.0
  ],
  "cv": 0.04726269626804003,
  "max_mean_ratio": 1.0745755870841356,
  "aux_loss": 0.08026328295469284,
  "aux_loss_alpha": 0.01
}