{
  "experiment": "Exp-2",
  "epoch": 0,
  "step": 35200,
  "expert_load": [
    839434.0,
    788113.0,
    873751.0,
    769102.0
  ],
  "cv": 0.05061886065160163,
  "max_mean_ratio": 1.0686778375733725,
  "aux_loss": 0.08011303015053273,
  "aux_loss_alpha": 0.01
}