{
  "experiment": "Exp-2",
  "epoch": 1,
  "step": 18500,
  "expert_load": [
    837720.0,
    779230.0,
    881377.0,
    772073.0
  ],
  "cv": 0.05475739301767301,
  "max_mean_ratio": 1.0780051369862882,
  "aux_loss": 0.08003303870558738,
  "aux_loss_alpha": 0.01
}