{
  "experiment": "Exp-2",
  "epoch": 0,
  "step": 14700,
  "expert_load": [
    825622.0,
    799807.0,
    868525.0,
    776446.0
  ],
  "cv": 0.04178228867263892,
  "max_mean_ratio": 1.0622859589040965,
  "aux_loss": 0.08028252229094505,
  "aux_loss_alpha": 0.01
}