{
  "experiment": "Exp-2",
  "epoch": 0,
  "step": 26700,
  "expert_load": [
    816904.0,
    782720.0,
    894559.0,
    776217.0
  ],
  "cv": 0.057538446176308,
  "max_mean_ratio": 1.0941279354207303,
  "aux_loss": 0.08021633073687554,
  "aux_loss_alpha": 0.01
}