{
  "experiment": "Exp-2",
  "epoch": 1,
  "step": 29200,
  "expert_load": [
    826402.0,
    790640.0,
    877450.0,
    775908.0
  ],
  "cv": 0.04785933582283454,
  "max_mean_ratio": 1.0732020547945074,
  "aux_loss": 0.08003549546003341,
  "aux_loss_alpha": 0.01
}