{
  "experiment": "Exp-2",
  "epoch": 1,
  "step": 15000,
  "expert_load": [
    833285.0,
    792221.0,
    869621.0,
    775273.0
  ],
  "cv": 0.04488877507338497,
  "max_mean_ratio": 1.0636264677103588,
  "aux_loss": 0.08005019202828408,
  "aux_loss_alpha": 0.01
}