{
  "experiment": "Exp-2",
  "epoch": 0,
  "step": 12800,
  "expert_load": [
    832700.0,
    796286.0,
    875200.0,
    766214.0
  ],
  "cv": 0.04983472491896954,
  "max_mean_ratio": 1.070450097847345,
  "aux_loss": 0.08035535804927349,
  "aux_loss_alpha": 0.01
}