{
  "experiment": "Exp-2",
  "epoch": 1,
  "step": 5100,
  "expert_load": [
    854144.0,
    784143.0,
    861386.0,
    770727.0
  ],
  "cv": 0.04956589312469362,
  "max_mean_ratio": 1.0535543052837444,
  "aux_loss": 0.080060456097126,
  "aux_loss_alpha": 0.01
}