{
  "experiment": "Exp-2",
  "epoch": 0,
  "step": 8300,
  "expert_load": [
    809677.0,
    815337.0,
    867982.0,
    777404.0
  ],
  "cv": 0.039736182405057,
  "max_mean_ratio": 1.061621819960848,
  "aux_loss": 0.08041033200919628,
  "aux_loss_alpha": 0.01
}