{
  "experiment": "Exp-2",
  "epoch": 0,
  "step": 5900,
  "expert_load": [
    849386.0,
    793205.0,
    850072.0,
    777737.0
  ],
  "cv": 0.0398630208651842,
  "max_mean_ratio": 1.0397162426614355,
  "aux_loss": 0.08048404343426227,
  "aux_loss_alpha": 0.01
}