{
  "experiment": "Exp-2",
  "epoch": 1,
  "step": 4500,
  "expert_load": [
    839560.0,
    793652.0,
    864023.0,
    773165.0
  ],
  "cv": 0.04403688673403811,
  "max_mean_ratio": 1.0567795988258188,
  "aux_loss": 0.08007709711790084,
  "aux_loss_alpha": 0.01
}