{
  "experiment": "Exp-2",
  "epoch": 1,
  "step": 3500,
  "expert_load": [
    830783.0,
    780808.0,
    881866.0,
    776943.0
  ],
  "cv": 0.05228826175697098,
  "max_mean_ratio": 1.0786032289628047,
  "aux_loss": 0.0800911819189787,
  "aux_loss_alpha": 0.01
}