{
  "experiment": "Exp-2",
  "epoch": 1,
  "step": 26300,
  "expert_load": [
    837268.0,
    780513.0,
    880277.0,
    772342.0
  ],
  "cv": 0.05379856535133251,
  "max_mean_ratio": 1.07665973581212,
  "aux_loss": 0.08006050571799278,
  "aux_loss_alpha": 0.01
}