{
  "experiment": "Exp-2",
  "epoch": 0,
  "step": 21000,
  "expert_load": [
    852725.0,
    773315.0,
    873931.0,
    770429.0
  ],
  "cv": 0.0566900551155815,
  "max_mean_ratio": 1.0688979941291454,
  "aux_loss": 0.0802234110981226,
  "aux_loss_alpha": 0.01
}