{
  "experiment": "Exp-2",
  "epoch": 1,
  "step": 8200,
  "expert_load": [
    842509.0,
    790441.0,
    865736.0,
    771714.0
  ],
  "cv": 0.0464962762582553,
  "max_mean_ratio": 1.0588747553815918,
  "aux_loss": 0.08006192535161973,
  "aux_loss_alpha": 0.01
}