{
  "experiment": "Exp-2",
  "epoch": 1,
  "step": 30300,
  "expert_load": [
    832555.0,
    795167.0,
    864231.0,
    778447.0
  ],
  "cv": 0.04072317224192709,
  "max_mean_ratio": 1.0570340019569342,
  "aux_loss": 0.08003307148814201,
  "aux_loss_alpha": 0.01
}