{
  "experiment": "Exp-2",
  "epoch": 1,
  "step": 25600,
  "expert_load": [
    838432.0,
    778296.0,
    876951.0,
    776721.0
  ],
  "cv": 0.0517918823003296,
  "max_mean_ratio": 1.0725917318982257,
  "aux_loss": 0.08003696538507939,
  "aux_loss_alpha": 0.01
}