{
  "experiment": "Exp-2",
  "epoch": 0,
  "step": 15700,
  "expert_load": [
    829604.0,
    805050.0,
    859960.0,
    775786.0
  ],
  "cv": 0.0379177193539012,
  "max_mean_ratio": 1.0518101761252316,
  "aux_loss": 0.08026664517819881,
  "aux_loss_alpha": 0.01
}