{
  "experiment": "Exp-2",
  "epoch": 0,
  "step": 29300,
  "expert_load": [
    839865.0,
    783780.0,
    872737.0,
    774018.0
  ],
  "cv": 0.04960313531983795,
  "max_mean_ratio": 1.0674376223091846,
  "aux_loss": 0.08017223998904228,
  "aux_loss_alpha": 0.01
}