{
  "experiment": "Exp-2",
  "epoch": 1,
  "step": 15500,
  "expert_load": [
    832425.0,
    784608.0,
    880699.0,
    772668.0
  ],
  "cv": 0.05228135319838488,
  "max_mean_ratio": 1.07717588062621,
  "aux_loss": 0.08007051981985569,
  "aux_loss_alpha": 0.01
}