{
  "experiment": "Exp-2",
  "epoch": 0,
  "step": 11500,
  "expert_load": [
    844665.0,
    781506.0,
    868419.0,
    775810.0
  ],
  "cv": 0.0487869077559314,
  "max_mean_ratio": 1.0621563111545858,
  "aux_loss": 0.08041530534625053,
  "aux_loss_alpha": 0.01
}