{
  "experiment": "Exp-2",
  "epoch": 1,
  "step": 4800,
  "expert_load": [
    844996.0,
    786406.0,
    870509.0,
    768489.0
  ],
  "cv": 0.05092698427562315,
  "max_mean_ratio": 1.0647125733855056,
  "aux_loss": 0.08007526658475399,
  "aux_loss_alpha": 0.01
}