{
  "experiment": "Exp-2",
  "epoch": 0,
  "step": 38500,
  "expert_load": [
    830061.0,
    789081.0,
    883433.0,
    767825.0
  ],
  "cv": 0.05394149033757273,
  "max_mean_ratio": 1.0805198140900063,
  "aux_loss": 0.08013304792344571,
  "aux_loss_alpha": 0.01
}