{
  "experiment": "Exp-2",
  "epoch": 1,
  "step": 8900,
  "expert_load": [
    863037.0,
    768729.0,
    869178.0,
    769456.0
  ],
  "cv": 0.05938936655302031,
  "max_mean_ratio": 1.0630846379647618,
  "aux_loss": 0.08008859619498253,
  "aux_loss_alpha": 0.01
}