{
  "experiment": "Exp-2",
  "epoch": 1,
  "step": 27500,
  "expert_load": [
    822594.0,
    790954.0,
    879359.0,
    777493.0
  ],
  "cv": 0.04798861568921174,
  "max_mean_ratio": 1.0755369373776775,
  "aux_loss": 0.08004886150360108,
  "aux_loss_alpha": 0.01
}