{
  "experiment": "Exp-2",
  "epoch": 1,
  "step": 21400,
  "expert_load": [
    848319.0,
    778840.0,
    875252.0,
    767989.0
  ],
  "cv": 0.0554824190083775,
  "max_mean_ratio": 1.0705136986301238,
  "aux_loss": 0.08003343686461449,
  "aux_loss_alpha": 0.01
}