{
  "experiment": "Exp-2",
  "epoch": 1,
  "step": 4900,
  "expert_load": [
    844580.0,
    785133.0,
    873307.0,
    767380.0
  ],
  "cv": 0.05263327402611237,
  "max_mean_ratio": 1.0681347847357991,
  "aux_loss": 0.08005135506391525,
  "aux_loss_alpha": 0.01
}