{
  "experiment": "Exp-2",
  "epoch": 0,
  "step": 32100,
  "expert_load": [
    837866.0,
    775532.0,
    886643.0,
    770359.0
  ],
  "cv": 0.05859068749235496,
  "max_mean_ratio": 1.0844459393346246,
  "aux_loss": 0.08012757666409015,
  "aux_loss_alpha": 0.01
}