{
  "experiment": "Exp-2",
  "epoch": 0,
  "step": 33800,
  "expert_load": [
    832672.0,
    794878.0,
    869125.0,
    773725.0
  ],
  "cv": 0.04461895907228419,
  "max_mean_ratio": 1.0630198140900065,
  "aux_loss": 0.08012163445353508,
  "aux_loss_alpha": 0.01
}