{
  "experiment": "Exp-2",
  "epoch": 0,
  "step": 9000,
  "expert_load": [
    834991.0,
    805142.0,
    858957.0,
    771310.0
  ],
  "cv": 0.04015214595309393,
  "max_mean_ratio": 1.0505834148727855,
  "aux_loss": 0.08036380469799041,
  "aux_loss_alpha": 0.01
}