{
  "experiment": "Exp-2",
  "epoch": 1,
  "step": 38800,
  "expert_load": [
    841067.0,
    789485.0,
    863911.0,
    775937.0
  ],
  "cv": 0.044190986767673135,
  "max_mean_ratio": 1.0566426125244488,
  "aux_loss": 0.08002489581704139,
  "aux_loss_alpha": 0.01
}