{
  "experiment": "Exp-2",
  "epoch": 1,
  "step": 39800,
  "expert_load": [
    843876.0,
    792347.0,
    863211.0,
    770966.0
  ],
  "cv": 0.045695356454867345,
  "max_mean_ratio": 1.0557864481408872,
  "aux_loss": 0.08000610910356044,
  "aux_loss_alpha": 0.01
}