{
  "experiment": "Exp-2",
  "epoch": 0,
  "step": 8600,
  "expert_load": [
    828801.0,
    800948.0,
    869999.0,
    770652.0
  ],
  "cv": 0.044741273047638884,
  "max_mean_ratio": 1.0640887964774821,
  "aux_loss": 0.08037755601108074,
  "aux_loss_alpha": 0.01
}