{
  "experiment": "Exp-2",
  "epoch": 1,
  "step": 23300,
  "expert_load": [
    844248.0,
    783021.0,
    870621.0,
    772510.0
  ],
  "cv": 0.050244217068247915,
  "max_mean_ratio": 1.0648495596868754,
  "aux_loss": 0.08003637306392193,
  "aux_loss_alpha": 0.01
}