{
  "experiment": "Exp-2",
  "epoch": 1,
  "step": 3900,
  "expert_load": [
    857691.0,
    775405.0,
    868708.0,
    768596.0
  ],
  "cv": 0.05605287197284667,
  "max_mean_ratio": 1.0625097847357992,
  "aux_loss": 0.08006409429013729,
  "aux_loss_alpha": 0.01
}