{
  "experiment": "Exp-2",
  "epoch": 1,
  "step": 21500,
  "expert_load": [
    844339.0,
    778030.0,
    873494.0,
    774537.0
  ],
  "cv": 0.052104726294947994,
  "max_mean_ratio": 1.0683635029354077,
  "aux_loss": 0.0800532366335392,
  "aux_loss_alpha": 0.01
}