{
  "experiment": "Exp-2",
  "epoch": 1,
  "step": 10400,
  "expert_load": [
    842017.0,
    784397.0,
    880053.0,
    763933.0
  ],
  "cv": 0.05631257357662602,
  "max_mean_ratio": 1.07638576320938,
  "aux_loss": 0.08004957035183907,
  "aux_loss_alpha": 0.01
}