{
  "experiment": "Exp-2",
  "epoch": 0,
  "step": 8500,
  "expert_load": [
    817090.0,
    809949.0,
    871404.0,
    771957.0
  ],
  "cv": 0.04340232655026855,
  "max_mean_ratio": 1.0658072407044878,
  "aux_loss": 0.08036461777985096,
  "aux_loss_alpha": 0.01
}