{
  "experiment": "Exp-2",
  "epoch": 0,
  "step": 13500,
  "expert_load": [
    902134.0,
    716797.0,
    870162.0,
    781307.0
  ],
  "cv": 0.08943468306629049,
  "max_mean_ratio": 1.1033928571428437,
  "aux_loss": 0.08042045027017593,
  "aux_loss_alpha": 0.01
}