{
  "experiment": "Exp-2",
  "epoch": 0,
  "step": 38900,
  "expert_load": [
    833279.0,
    791128.0,
    873640.0,
    772353.0
  ],
  "cv": 0.04789763866805225,
  "max_mean_ratio": 1.068542074363979,
  "aux_loss": 0.08011541031301021,
  "aux_loss_alpha": 0.01
}