{
  "experiment": "Exp-2",
  "epoch": 0,
  "step": 28900,
  "expert_load": [
    825339.0,
    768819.0,
    905947.0,
    770295.0
  ],
  "cv": 0.06832486087328683,
  "max_mean_ratio": 1.1080565068493016,
  "aux_loss": 0.08020926229655742,
  "aux_loss_alpha": 0.01
}