{
  "experiment": "Exp-2",
  "epoch": 0,
  "step": 29800,
  "expert_load": [
    833465.0,
    785362.0,
    876321.0,
    775252.0
  ],
  "cv": 0.049427506956335014,
  "max_mean_ratio": 1.07182118395302,
  "aux_loss": 0.08015700951218604,
  "aux_loss_alpha": 0.01
}