{
  "experiment": "Exp-2",
  "epoch": 1,
  "step": 1700,
  "expert_load": [
    838612.0,
    777436.0,
    884403.0,
    769949.0
  ],
  "cv": 0.057328676346929335,
  "max_mean_ratio": 1.0817062133072275,
  "aux_loss": 0.08013158857822418,
  "aux_loss_alpha": 0.01
}