{
  "experiment": "Exp-2",
  "epoch": 0,
  "step": 5500,
  "expert_load": [
    845555.0,
    784216.0,
    859073.0,
    781556.0
  ],
  "cv": 0.0428743569211712,
  "max_mean_ratio": 1.0507252935420615,
  "aux_loss": 0.08054888136684894,
  "aux_loss_alpha": 0.01
}