{
  "experiment": "Exp-2",
  "epoch": 0,
  "step": 9900,
  "expert_load": [
    821939.0,
    797359.0,
    879362.0,
    771740.0
  ],
  "cv": 0.04871765017276115,
  "max_mean_ratio": 1.0755406066536073,
  "aux_loss": 0.08037814617156983,
  "aux_loss_alpha": 0.01
}