{
  "experiment": "Exp-2",
  "epoch": 1,
  "step": 5200,
  "expert_load": [
    845112.0,
    780625.0,
    875214.0,
    769449.0
  ],
  "cv": 0.053878391213612355,
  "max_mean_ratio": 1.0704672211350164,
  "aux_loss": 0.08007542543113232,
  "aux_loss_alpha": 0.01
}