{
  "experiment": "Exp-2",
  "epoch": 1,
  "step": 36800,
  "expert_load": [
    832720.0,
    796780.0,
    865988.0,
    774912.0
  ],
  "cv": 0.04248264738258265,
  "max_mean_ratio": 1.059182974559674,
  "aux_loss": 0.0800064168870449,
  "aux_loss_alpha": 0.01
}