{
  "experiment": "Exp-2",
  "epoch": 1,
  "step": 38200,
  "expert_load": [
    838807.0,
    791046.0,
    866422.0,
    774125.0
  ],
  "cv": 0.04505776242967166,
  "max_mean_ratio": 1.059713796477482,
  "aux_loss": 0.08002749674022197,
  "aux_loss_alpha": 0.01
}