{
  "experiment": "Exp-2",
  "epoch": 0,
  "step": 37600,
  "expert_load": [
    842096.0,
    789832.0,
    868187.0,
    770285.0
  ],
  "cv": 0.04803214056384481,
  "max_mean_ratio": 1.061872553816034,
  "aux_loss": 0.08011910952627659,
  "aux_loss_alpha": 0.01
}