{
  "experiment": "Exp-2",
  "epoch": 0,
  "step": 11300,
  "expert_load": [
    830589.0,
    794957.0,
    870517.0,
    774337.0
  ],
  "cv": 0.044744588773543974,
  "max_mean_ratio": 1.0647223581213177,
  "aux_loss": 0.08034730106592178,
  "aux_loss_alpha": 0.01
}