{
  "experiment": "Exp-2",
  "epoch": 1,
  "step": 40900,
  "expert_load": [
    841720.0,
    789392.0,
    864031.0,
    775257.0
  ],
  "cv": 0.04463126643529789,
  "max_mean_ratio": 1.0567893835616309,
  "aux_loss": 0.08003061637282372,
  "aux_loss_alpha": 0.01
}