{
  "experiment": "Exp-2",
  "epoch": 0,
  "step": 3300,
  "expert_load": [
    844763.0,
    788355.0,
    861523.0,
    775759.0
  ],
  "cv": 0.04440766515563791,
  "max_mean_ratio": 1.0537218688845271,
  "aux_loss": 0.08057619370520115,
  "aux_loss_alpha": 0.01
}