{
  "experiment": "Exp-2",
  "epoch": 0,
  "step": 6500,
  "expert_load": [
    809319.0,
    826300.0,
    855580.0,
    779201.0
  ],
  "cv": 0.03383584337924983,
  "max_mean_ratio": 1.046453033268089,
  "aux_loss": 0.08037537232041359,
  "aux_loss_alpha": 0.01
}