{
  "experiment": "Exp-2",
  "epoch": 0,
  "step": 26300,
  "expert_load": [
    850141.0,
    768318.0,
    880238.0,
    771703.0
  ],
  "cv": 0.059661585738746824,
  "max_mean_ratio": 1.0766120352250357,
  "aux_loss": 0.08023074701428413,
  "aux_loss_alpha": 0.01
}