{
  "experiment": "Exp-2",
  "epoch": 1,
  "step": 29500,
  "expert_load": [
    827319.0,
    786824.0,
    881256.0,
    775001.0
  ],
  "cv": 0.05082967202024155,
  "max_mean_ratio": 1.0778571428571297,
  "aux_loss": 0.08002903483808041,
  "aux_loss_alpha": 0.01
}