{
  "experiment": "Exp-2",
  "epoch": 0,
  "step": 24600,
  "expert_load": [
    843943.0,
    786075.0,
    873679.0,
    766703.0
  ],
  "cv": 0.0526893594820199,
  "max_mean_ratio": 1.0685897749510633,
  "aux_loss": 0.0802008018642664,
  "aux_loss_alpha": 0.01
}