{
  "experiment": "Exp-2",
  "epoch": 1,
  "step": 22400,
  "expert_load": [
    841110.0,
    787642.0,
    867555.0,
    774093.0
  ],
  "cv": 0.04672852995810853,
  "max_mean_ratio": 1.0610995596868755,
  "aux_loss": 0.08002358287572861,
  "aux_loss_alpha": 0.01
}