{
  "experiment": "Exp-2",
  "epoch": 1,
  "step": 18900,
  "expert_load": [
    844627.0,
    777219.0,
    875695.0,
    772859.0
  ],
  "cv": 0.0537947431889059,
  "max_mean_ratio": 1.0710555283757208,
  "aux_loss": 0.08006875582039356,
  "aux_loss_alpha": 0.01
}