{
  "experiment": "Exp-2",
  "epoch": 1,
  "step": 11400,
  "expert_load": [
    847576.0,
    792137.0,
    864074.0,
    766613.0
  ],
  "cv": 0.048564730231775335,
  "max_mean_ratio": 1.056841976516621,
  "aux_loss": 0.08004164688289166,
  "aux_loss_alpha": 0.01
}