{
  "experiment": "Exp-2",
  "epoch": 1,
  "step": 19200,
  "expert_load": [
    836100.0,
    779912.0,
    878554.0,
    775834.0
  ],
  "cv": 0.05197214025807177,
  "max_mean_ratio": 1.0745523483365818,
  "aux_loss": 0.08006109558045864,
  "aux_loss_alpha": 0.01
}