{
  "experiment": "Exp-2",
  "epoch": 1,
  "step": 28700,
  "expert_load": [
    833117.0,
    787544.0,
    879641.0,
    770098.0
  ],
  "cv": 0.05207006405944163,
  "max_mean_ratio": 1.0758818493150553,
  "aux_loss": 0.08004421181976795,
  "aux_loss_alpha": 0.01
}