{
  "experiment": "Exp-2",
  "epoch": 0,
  "step": 33400,
  "expert_load": [
    832899.0,
    791908.0,
    876754.0,
    768839.0
  ],
  "cv": 0.050321611079683824,
  "max_mean_ratio": 1.0723507827788519,
  "aux_loss": 0.0801164261996746,
  "aux_loss_alpha": 0.01
}