{
  "experiment": "Exp-2",
  "epoch": 0,
  "step": 21500,
  "expert_load": [
    835119.0,
    784237.0,
    879431.0,
    771613.0
  ],
  "cv": 0.05245724911325767,
  "max_mean_ratio": 1.0756249999999867,
  "aux_loss": 0.08022549986839295,
  "aux_loss_alpha": 0.01
}