{
  "experiment": "Exp-2",
  "epoch": 1,
  "step": 13600,
  "expert_load": [
    835301.0,
    792705.0,
    870396.0,
    771998.0
  ],
  "cv": 0.046574143262291506,
  "max_mean_ratio": 1.0645743639921592,
  "aux_loss": 0.08007514774799347,
  "aux_loss_alpha": 0.01
}