{
  "experiment": "Exp-2",
  "epoch": 0,
  "step": 38800,
  "expert_load": [
    848085.0,
    788044.0,
    857509.0,
    776762.0
  ],
  "cv": 0.04351596421691483,
  "max_mean_ratio": 1.0488123776907896,
  "aux_loss": 0.08009896464645863,
  "aux_loss_alpha": 0.01
}