{
  "experiment": "Exp-2",
  "epoch": 0,
  "step": 33300,
  "expert_load": [
    835089.0,
    783152.0,
    881977.0,
    770182.0
  ],
  "cv": 0.05430513087084082,
  "max_mean_ratio": 1.0787389921721982,
  "aux_loss": 0.08013948149979115,
  "aux_loss_alpha": 0.01
}