{
  "experiment": "Exp-2",
  "epoch": 1,
  "step": 35000,
  "expert_load": [
    837003.0,
    795928.0,
    860992.0,
    776477.0
  ],
  "cv": 0.04065800437255332,
  "max_mean_ratio": 1.0530724070449968,
  "aux_loss": 0.08001879632472991,
  "aux_loss_alpha": 0.01
}