{
  "experiment": "Exp-2",
  "epoch": 0,
  "step": 31900,
  "expert_load": [
    839635.0,
    789327.0,
    868900.0,
    772538.0
  ],
  "cv": 0.04716117007858308,
  "max_mean_ratio": 1.0627446183952902,
  "aux_loss": 0.08013191848993301,
  "aux_loss_alpha": 0.01
}