{
  "experiment": "Exp-2",
  "epoch": 1,
  "step": 22800,
  "expert_load": [
    834742.0,
    789447.0,
    875456.0,
    770755.0
  ],
  "cv": 0.04978829520089225,
  "max_mean_ratio": 1.0707632093933332,
  "aux_loss": 0.08001847073435783,
  "aux_loss_alpha": 0.01
}