{
  "experiment": "Exp-2",
  "epoch": 0,
  "step": 18000,
  "expert_load": [
    829555.0,
    781028.0,
    891064.0,
    768753.0
  ],
  "cv": 0.05885926606837012,
  "max_mean_ratio": 1.0898532289628047,
  "aux_loss": 0.08031843684613704,
  "aux_loss_alpha": 0.01
}