{
  "experiment": "Exp-2",
  "epoch": 1,
  "step": 5600,
  "expert_load": [
    828466.0,
    791864.0,
    876293.0,
    773777.0
  ],
  "cv": 0.047941990085310075,
  "max_mean_ratio": 1.0717869373776776,
  "aux_loss": 0.08008957356214523,
  "aux_loss_alpha": 0.01
}