{
  "experiment": "Exp-2",
  "epoch": 0,
  "step": 18500,
  "expert_load": [
    823251.0,
    781509.0,
    892085.0,
    773555.0
  ],
  "cv": 0.057441301140532565,
  "max_mean_ratio": 1.091102005870828,
  "aux_loss": 0.08023740515112877,
  "aux_loss_alpha": 0.01
}