{
  "experiment": "Exp-2",
  "epoch": 0,
  "step": 8000,
  "expert_load": [
    828905.0,
    801410.0,
    863937.0,
    776148.0
  ],
  "cv": 0.03989279551048752,
  "max_mean_ratio": 1.0566744129158383,
  "aux_loss": 0.08042374424636364,
  "aux_loss_alpha": 0.01
}