{
  "experiment": "Exp-2",
  "epoch": 0,
  "step": 27000,
  "expert_load": [
    823749.0,
    771831.0,
    909010.0,
    765810.0
  ],
  "cv": 0.07018300513698544,
  "max_mean_ratio": 1.111802837573372,
  "aux_loss": 0.08019480951130391,
  "aux_loss_alpha": 0.01
}