{
  "experiment": "Exp-2",
  "epoch": 0,
  "step": 33100,
  "expert_load": [
    847741.0,
    783849.0,
    865468.0,
    773342.0
  ],
  "cv": 0.04853119553418483,
  "max_mean_ratio": 1.0585469667318852,
  "aux_loss": 0.080151659399271,
  "aux_loss_alpha": 0.01
}