{
  "experiment": "Exp-2",
  "epoch": 1,
  "step": 29100,
  "expert_load": [
    825034.0,
    785339.0,
    884796.0,
    775231.0
  ],
  "cv": 0.05263017329684378,
  "max_mean_ratio": 1.0821868884539985,
  "aux_loss": 0.08004069104790687,
  "aux_loss_alpha": 0.01
}