{
  "experiment": "Exp-2",
  "epoch": 0,
  "step": 10600,
  "expert_load": [
    826118.0,
    797609.0,
    865853.0,
    780820.0
  ],
  "cv": 0.0394118337015345,
  "max_mean_ratio": 1.0590178571428441,
  "aux_loss": 0.08042661726474762,
  "aux_loss_alpha": 0.01
}