{
  "experiment": "Exp-2",
  "epoch": 1,
  "step": 23600,
  "expert_load": [
    873117.0,
    764771.0,
    866445.0,
    766067.0
  ],
  "cv": 0.06388980036845568,
  "max_mean_ratio": 1.0679023972602608,
  "aux_loss": 0.0800318454951048,
  "aux_loss_alpha": 0.01
}