{
  "experiment": "Exp-2",
  "epoch": 0,
  "step": 32700,
  "expert_load": [
    842003.0,
    785640.0,
    868985.0,
    773772.0
  ],
  "cv": 0.048068680436643245,
  "max_mean_ratio": 1.0628485812132942,
  "aux_loss": 0.08013289377093315,
  "aux_loss_alpha": 0.01
}