{
  "experiment": "Exp-2",
  "epoch": 0,
  "step": 16900,
  "expert_load": [
    830879.0,
    799926.0,
    865241.0,
    774354.0
  ],
  "cv": 0.041605733434747535,
  "max_mean_ratio": 1.058269324853216,
  "aux_loss": 0.08025822773575783,
  "aux_loss_alpha": 0.01
}