{
  "experiment": "Exp-2",
  "epoch": 0,
  "step": 40200,
  "expert_load": [
    839543.0,
    795598.0,
    863872.0,
    771387.0
  ],
  "cv": 0.04427830884601218,
  "max_mean_ratio": 1.0565949119373648,
  "aux_loss": 0.08009191952645779,
  "aux_loss_alpha": 0.01
}