{
  "experiment": "Exp-2",
  "epoch": 0,
  "step": 37300,
  "expert_load": [
    841466.0,
    777797.0,
    881901.0,
    769236.0
  ],
  "cv": 0.05680324367814265,
  "max_mean_ratio": 1.0786460371819828,
  "aux_loss": 0.08011878989636897,
  "aux_loss_alpha": 0.01
}