{
  "experiment": "Exp-2",
  "epoch": 0,
  "step": 2500,
  "expert_load": [
    789841.0,
    843498.0,
    849870.0,
    787191.0
  ],
  "cv": 0.03569736309014144,
  "max_mean_ratio": 1.039469178082179,
  "aux_loss": 0.08051099389791488,
  "aux_loss_alpha": 0.01
}