{
  "experiment": "Exp-2",
  "epoch": 1,
  "step": 37200,
  "expert_load": [
    832711.0,
    796879.0,
    866801.0,
    774009.0
  ],
  "cv": 0.04315025971593636,
  "max_mean_ratio": 1.060177348336582,
  "aux_loss": 0.0800254312157631,
  "aux_loss_alpha": 0.01
}