{
  "experiment": "Exp-2",
  "epoch": 1,
  "step": 11800,
  "expert_load": [
    830602.0,
    789616.0,
    879287.0,
    770895.0
  ],
  "cv": 0.050941446382704855,
  "max_mean_ratio": 1.0754488747553685,
  "aux_loss": 0.08004378080368042,
  "aux_loss_alpha": 0.01
}