{
  "experiment": "Exp-2",
  "epoch": 1,
  "step": 4000,
  "expert_load": [
    841001.0,
    786216.0,
    867416.0,
    775767.0
  ],
  "cv": 0.046429980850965676,
  "max_mean_ratio": 1.0609295499021396,
  "aux_loss": 0.08013822063803673,
  "aux_loss_alpha": 0.01
}