{
  "experiment": "Exp-2",
  "epoch": 1,
  "step": 17100,
  "expert_load": [
    845540.0,
    771825.0,
    878304.0,
    774731.0
  ],
  "cv": 0.056044850209453816,
  "max_mean_ratio": 1.0742465753424526,
  "aux_loss": 0.0800585025548935,
  "aux_loss_alpha": 0.01
}