{
  "experiment": "Exp-2",
  "epoch": 1,
  "step": 18200,
  "expert_load": [
    834772.0,
    785589.0,
    876521.0,
    773518.0
  ],
  "cv": 0.05018586698110261,
  "max_mean_ratio": 1.0720658023483234,
  "aux_loss": 0.08003603443503379,
  "aux_loss_alpha": 0.01
}