{
  "experiment": "Exp-2",
  "epoch": 0,
  "step": 13800,
  "expert_load": [
    828818.0,
    787739.0,
    874520.0,
    779323.0
  ],
  "cv": 0.04626190125825531,
  "max_mean_ratio": 1.0696183953033138,
  "aux_loss": 0.08030769266188145,
  "aux_loss_alpha": 0.01
}