{
  "experiment": "Exp-2",
  "epoch": 1,
  "step": 21800,
  "expert_load": [
    839454.0,
    774229.0,
    888959.0,
    767758.0
  ],
  "cv": 0.060955440274889174,
  "max_mean_ratio": 1.087278620352237,
  "aux_loss": 0.08005803793668748,
  "aux_loss_alpha": 0.01
}