{
  "experiment": "Exp-2",
  "epoch": 0,
  "step": 29500,
  "expert_load": [
    845440.0,
    777707.0,
    877027.0,
    770226.0
  ],
  "cv": 0.05518293824914316,
  "max_mean_ratio": 1.072684686888441,
  "aux_loss": 0.08016072779893875,
  "aux_loss_alpha": 0.01
}