{
  "experiment": "Exp-2",
  "epoch": 1,
  "step": 21200,
  "expert_load": [
    845140.0,
    773874.0,
    881142.0,
    770244.0
  ],
  "cv": 0.057856875305772285,
  "max_mean_ratio": 1.0777177103718067,
  "aux_loss": 0.08004493668675422,
  "aux_loss_alpha": 0.01
}