{
  "experiment": "Exp-2",
  "epoch": 1,
  "step": 22700,
  "expert_load": [
    835427.0,
    778495.0,
    882905.0,
    773573.0
  ],
  "cv": 0.05486942059839708,
  "max_mean_ratio": 1.0798740215264055,
  "aux_loss": 0.0800368269532919,
  "aux_loss_alpha": 0.01
}