{
  "experiment": "Exp-2",
  "epoch": 1,
  "step": 34000,
  "expert_load": [
    832210.0,
    795997.0,
    872367.0,
    769826.0
  ],
  "cv": 0.04721959183127388,
  "max_mean_ratio": 1.0669850782778734,
  "aux_loss": 0.08003244251012802,
  "aux_loss_alpha": 0.01
}