{
  "experiment": "Exp-2",
  "epoch": 1,
  "step": 2800,
  "expert_load": [
    831514.0,
    799699.0,
    864579.0,
    774608.0
  ],
  "cv": 0.041338807943981884,
  "max_mean_ratio": 1.057459637964762,
  "aux_loss": 0.08007901683449745,
  "aux_loss_alpha": 0.01
}