{
  "experiment": "Exp-2",
  "epoch": 0,
  "step": 1800,
  "expert_load": [
    806011.0,
    811014.0,
    853748.0,
    799627.0
  ],
  "cv": 0.025998881539719593,
  "max_mean_ratio": 1.0442123287671106,
  "aux_loss": 0.08071758158504963,
  "aux_loss_alpha": 0.01
}