{
  "experiment": "Exp-2",
  "epoch": 0,
  "step": 11000,
  "expert_load": [
    813263.0,
    800705.0,
    880945.0,
    775487.0
  ],
  "cv": 0.04772545025073327,
  "max_mean_ratio": 1.077476761252433,
  "aux_loss": 0.08046569488942623,
  "aux_loss_alpha": 0.01
}