{
  "experiment": "Exp-2",
  "epoch": 0,
  "step": 30000,
  "expert_load": [
    839156.0,
    794734.0,
    864474.0,
    772036.0
  ],
  "cv": 0.04435612329531501,
  "max_mean_ratio": 1.0573312133072277,
  "aux_loss": 0.0801619678735733,
  "aux_loss_alpha": 0.01
}