{
  "experiment": "Exp-2",
  "epoch": 1,
  "step": 41300,
  "expert_load": [
    838802.0,
    794599.0,
    864749.0,
    772250.0
  ],
  "cv": 0.04434539735200533,
  "max_mean_ratio": 1.0576675636007697,
  "aux_loss": 0.08002332590520382,
  "aux_loss_alpha": 0.01
}