{
  "experiment": "Exp-2",
  "epoch": 0,
  "step": 20900,
  "expert_load": [
    836252.0,
    764242.0,
    902011.0,
    767895.0
  ],
  "cv": 0.06916360097388614,
  "max_mean_ratio": 1.1032424168297321,
  "aux_loss": 0.0802974409610033,
  "aux_loss_alpha": 0.01
}