{
  "experiment": "Exp-2",
  "epoch": 0,
  "step": 600,
  "expert_load": [
    799969.0,
    822405.0,
    827930.0,
    820096.0
  ],
  "cv": 0.0129277859741926,
  "max_mean_ratio": 1.0126345401174044,
  "aux_loss": 0.08134377837181091,
  "aux_loss_alpha": 0.01
}