{
  "experiment": "Exp-2",
  "epoch": 1,
  "step": 39600,
  "expert_load": [
    836606.0,
    788735.0,
    870023.0,
    775036.0
  ],
  "cv": 0.04639002969820149,
  "max_mean_ratio": 1.0641181506849184,
  "aux_loss": 0.08001815482974052,
  "aux_loss_alpha": 0.01
}