{
  "experiment": "Exp-2",
  "epoch": 0,
  "step": 38700,
  "expert_load": [
    839100.0,
    791033.0,
    870786.0,
    769481.0
  ],
  "cv": 0.048587104215080126,
  "max_mean_ratio": 1.0650513698630006,
  "aux_loss": 0.08011110357940197,
  "aux_loss_alpha": 0.01
}