{
  "experiment": "Exp-2",
  "epoch": 1,
  "step": 6000,
  "expert_load": [
    846196.0,
    780760.0,
    873898.0,
    769546.0
  ],
  "cv": 0.053500904896953846,
  "max_mean_ratio": 1.0688576320939205,
  "aux_loss": 0.0800678501278162,
  "aux_loss_alpha": 0.01
}