{
  "experiment": "Exp-2",
  "epoch": 0,
  "step": 23100,
  "expert_load": [
    833358.0,
    803652.0,
    864609.0,
    768781.0
  ],
  "cv": 0.04339823683647207,
  "max_mean_ratio": 1.0574963307240575,
  "aux_loss": 0.08021418310701847,
  "aux_loss_alpha": 0.01
}