{
  "experiment": "Exp-2",
  "epoch": 0,
  "step": 35100,
  "expert_load": [
    827795.0,
    782440.0,
    885948.0,
    774217.0
  ],
  "cv": 0.05433371109038583,
  "max_mean_ratio": 1.0835958904109457,
  "aux_loss": 0.0801231923699379,
  "aux_loss_alpha": 0.01
}