{
  "experiment": "Exp-2",
  "epoch": 0,
  "step": 23200,
  "expert_load": [
    841875.0,
    795910.0,
    865500.0,
    767115.0
  ],
  "cv": 0.04698518816505569,
  "max_mean_ratio": 1.0585861056751338,
  "aux_loss": 0.08020210169255733,
  "aux_loss_alpha": 0.01
}