{
  "experiment": "Exp-2",
  "epoch": 0,
  "step": 22500,
  "expert_load": [
    839876.0,
    792842.0,
    874280.0,
    763402.0
  ],
  "cv": 0.05210437752262656,
  "max_mean_ratio": 1.0693248532289497,
  "aux_loss": 0.08020944610238075,
  "aux_loss_alpha": 0.01
}