{
  "experiment": "Exp-2",
  "epoch": 0,
  "step": 35400,
  "expert_load": [
    830617.0,
    772852.0,
    891816.0,
    775115.0
  ],
  "cv": 0.05955847335188283,
  "max_mean_ratio": 1.090772994129145,
  "aux_loss": 0.08016496680676938,
  "aux_loss_alpha": 0.01
}