{
  "experiment": "Exp-2",
  "epoch": 1,
  "step": 16000,
  "expert_load": [
    840376.0,
    783500.0,
    874472.0,
    772052.0
  ],
  "cv": 0.05113124541340446,
  "max_mean_ratio": 1.069559686888441,
  "aux_loss": 0.08007781587541103,
  "aux_loss_alpha": 0.01
}