{
  "experiment": "Exp-2",
  "epoch": 1,
  "step": 36500,
  "expert_load": [
    835567.0,
    797035.0,
    862052.0,
    775746.0
  ],
  "cv": 0.04090264187866877,
  "max_mean_ratio": 1.0543688845401045,
  "aux_loss": 0.08000979267060757,
  "aux_loss_alpha": 0.01
}