{
  "experiment": "Exp-2",
  "epoch": 1,
  "step": 2200,
  "expert_load": [
    836696.0,
    786008.0,
    880784.0,
    766912.0
  ],
  "cv": 0.05443859600507517,
  "max_mean_ratio": 1.077279843444214,
  "aux_loss": 0.0800790772587061,
  "aux_loss_alpha": 0.01
}