{
  "experiment": "Exp-2",
  "epoch": 1,
  "step": 28500,
  "expert_load": [
    831436.0,
    789335.0,
    878685.0,
    770944.0
  ],
  "cv": 0.050793318477861414,
  "max_mean_ratio": 1.0747125733855054,
  "aux_loss": 0.08005867652595043,
  "aux_loss_alpha": 0.01
}