{
  "experiment": "Exp-2",
  "epoch": 1,
  "step": 33700,
  "expert_load": [
    832690.0,
    798705.0,
    865300.0,
    773705.0
  ],
  "cv": 0.042310807737585096,
  "max_mean_ratio": 1.0583414872798305,
  "aux_loss": 0.08001517660915852,
  "aux_loss_alpha": 0.01
}