{
  "experiment": "Exp-2",
  "epoch": 1,
  "step": 37100,
  "expert_load": [
    839348.0,
    795541.0,
    864519.0,
    770992.0
  ],
  "cv": 0.04466075441841922,
  "max_mean_ratio": 1.057386252446171,
  "aux_loss": 0.08000560358166695,
  "aux_loss_alpha": 0.01
}