{
  "experiment": "Exp-2",
  "epoch": 1,
  "step": 37400,
  "expert_load": [
    833084.0,
    795075.0,
    870831.0,
    771410.0
  ],
  "cv": 0.0462281228978101,
  "max_mean_ratio": 1.065106409001944,
  "aux_loss": 0.08002654455602169,
  "aux_loss_alpha": 0.01
}