{
  "experiment": "Exp-2",
  "epoch": 1,
  "step": 43300,
  "expert_load": [
    844284.0,
    794260.0,
    860659.0,
    771197.0
  ],
  "cv": 0.044370212741560125,
  "max_mean_ratio": 1.052665117416817,
  "aux_loss": 0.08002451211214065,
  "aux_loss_alpha": 0.01
}