{
  "experiment": "Exp-2",
  "epoch": 0,
  "step": 31200,
  "expert_load": [
    832771.0,
    788692.0,
    881542.0,
    767395.0
  ],
  "cv": 0.05357558995076989,
  "max_mean_ratio": 1.0782069471624134,
  "aux_loss": 0.08014448560774326,
  "aux_loss_alpha": 0.01
}