{
  "experiment": "Exp-2",
  "epoch": 0,
  "step": 33700,
  "expert_load": [
    845382.0,
    780485.0,
    872463.0,
    772070.0
  ],
  "cv": 0.05200763381390592,
  "max_mean_ratio": 1.0671024951076191,
  "aux_loss": 0.08015395402908325,
  "aux_loss_alpha": 0.01
}