{
  "experiment": "Exp-2",
  "epoch": 0,
  "step": 43400,
  "expert_load": [
    829057.0,
    796794.0,
    877070.0,
    767479.0
  ],
  "cv": 0.04973093887597786,
  "max_mean_ratio": 1.0727372798434311,
  "aux_loss": 0.0800775107741356,
  "aux_loss_alpha": 0.01
}