{
  "experiment": "Exp-2",
  "epoch": 0,
  "step": 29200,
  "expert_load": [
    826911.0,
    769660.0,
    905969.0,
    767860.0
  ],
  "cv": 0.06883108717587978,
  "max_mean_ratio": 1.108083414872785,
  "aux_loss": 0.08015565313398838,
  "aux_loss_alpha": 0.01
}