{
  "experiment": "Exp-2",
  "epoch": 1,
  "step": 8800,
  "expert_load": [
    857816.0,
    778367.0,
    869452.0,
    764765.0
  ],
  "cv": 0.05683339098428257,
  "max_mean_ratio": 1.0634197651663275,
  "aux_loss": 0.08006314113736153,
  "aux_loss_alpha": 0.01
}