{
  "experiment": "Exp-2",
  "epoch": 1,
  "step": 8400,
  "expert_load": [
    842054.0,
    784827.0,
    872464.0,
    771055.0
  ],
  "cv": 0.05060912847052287,
  "max_mean_ratio": 1.0671037181995955,
  "aux_loss": 0.08007590018212796,
  "aux_loss_alpha": 0.01
}