{
  "experiment": "Exp-2",
  "epoch": 0,
  "step": 3200,
  "expert_load": [
    824827.0,
    811353.0,
    856104.0,
    778116.0
  ],
  "cv": 0.03422909133821509,
  "max_mean_ratio": 1.0470939334637837,
  "aux_loss": 0.08054538927972317,
  "aux_loss_alpha": 0.01
}