{
  "experiment": "Exp-2",
  "epoch": 1,
  "step": 32200,
  "expert_load": [
    844106.0,
    789779.0,
    863246.0,
    773269.0
  ],
  "cv": 0.04545794761344123,
  "max_mean_ratio": 1.0558292563600653,
  "aux_loss": 0.08004242420196533,
  "aux_loss_alpha": 0.01
}