{
  "experiment": "Exp-2",
  "epoch": 0,
  "step": 5700,
  "expert_load": [
    805351.0,
    825161.0,
    855475.0,
    784413.0
  ],
  "cv": 0.032029479861025785,
  "max_mean_ratio": 1.0463246086105547,
  "aux_loss": 0.08036483295261859,
  "aux_loss_alpha": 0.01
}