{
  "experiment": "Exp-2",
  "epoch": 1,
  "step": 2900,
  "expert_load": [
    832623.0,
    801506.0,
    857943.0,
    778328.0
  ],
  "cv": 0.036969737073446224,
  "max_mean_ratio": 1.0493431996085978,
  "aux_loss": 0.08006480880081654,
  "aux_loss_alpha": 0.01
}