{
  "experiment": "Exp-2",
  "epoch": 0,
  "step": 29400,
  "expert_load": [
    824578.0,
    777909.0,
    896992.0,
    770921.0
  ],
  "cv": 0.061478130542134767,
  "max_mean_ratio": 1.097103718199595,
  "aux_loss": 0.08016236148774623,
  "aux_loss_alpha": 0.01
}