{
  "experiment": "Exp-2",
  "epoch": 0,
  "step": 22300,
  "expert_load": [
    830106.0,
    793746.0,
    870488.0,
    776060.0
  ],
  "cv": 0.044302804129463746,
  "max_mean_ratio": 1.0646868884539986,
  "aux_loss": 0.08022600628435611,
  "aux_loss_alpha": 0.01
}