{
  "experiment": "Exp-2",
  "epoch": 1,
  "step": 6400,
  "expert_load": [
    834140.0,
    791160.0,
    872867.0,
    772233.0
  ],
  "cv": 0.04770548900746028,
  "max_mean_ratio": 1.0675966242661317,
  "aux_loss": 0.08008789762854576,
  "aux_loss_alpha": 0.01
}