{
  "experiment": "Exp-2",
  "epoch": 1,
  "step": 43200,
  "expert_load": [
    838301.0,
    791685.0,
    866624.0,
    773790.0
  ],
  "cv": 0.04503398857937812,
  "max_mean_ratio": 1.0599608610567386,
  "aux_loss": 0.08001533642411232,
  "aux_loss_alpha": 0.01
}