{
  "experiment": "Exp-2",
  "epoch": 0,
  "step": 500,
  "expert_load": [
    807090.0,
    815337.0,
    819632.0,
    828341.0
  ],
  "cv": 0.009376405241904546,
  "max_mean_ratio": 1.0131372309197528,
  "aux_loss": 0.08127942256629467,
  "aux_loss_alpha": 0.01
}