{
  "experiment": "Exp-2",
  "epoch": 1,
  "step": 30100,
  "expert_load": [
    830147.0,
    794693.0,
    868787.0,
    776773.0
  ],
  "cv": 0.04310905202727442,
  "max_mean_ratio": 1.062606409001944,
  "aux_loss": 0.08003953717648983,
  "aux_loss_alpha": 0.01
}