{
  "experiment": "Exp-2",
  "epoch": 0,
  "step": 2200,
  "expert_load": [
    813224.0,
    784181.0,
    875476.0,
    797519.0
  ],
  "cv": 0.042759515273360534,
  "max_mean_ratio": 1.0707876712328637,
  "aux_loss": 0.08062570057809353,
  "aux_loss_alpha": 0.01
}