{
  "experiment": "Exp-2",
  "epoch": 0,
  "step": 28600,
  "expert_load": [
    827454.0,
    773133.0,
    894091.0,
    775722.0
  ],
  "cv": 0.060165232081701804,
  "max_mean_ratio": 1.0935555283757206,
  "aux_loss": 0.0802045814692974,
  "aux_loss_alpha": 0.01
}