{
  "experiment": "Exp-2",
  "epoch": 1,
  "step": 43100,
  "expert_load": [
    831518.0,
    795561.0,
    870325.0,
    772996.0
  ],
  "cv": 0.04514216055375434,
  "max_mean_ratio": 1.0644875244618266,
  "aux_loss": 0.08001787185668946,
  "aux_loss_alpha": 0.01
}