{
  "experiment": "Exp-2",
  "epoch": 0,
  "step": 10800,
  "expert_load": [
    815377.0,
    796838.0,
    878997.0,
    779188.0
  ],
  "cv": 0.046094003218260196,
  "max_mean_ratio": 1.0750941780821786,
  "aux_loss": 0.08037941589951515,
  "aux_loss_alpha": 0.01
}