{
  "experiment": "Exp-2",
  "epoch": 1,
  "step": 6500,
  "expert_load": [
    841190.0,
    785338.0,
    870857.0,
    773015.0
  ],
  "cv": 0.04900561666768531,
  "max_mean_ratio": 1.0651382093933333,
  "aux_loss": 0.0800792095810175,
  "aux_loss_alpha": 0.01
}