{
  "experiment": "Exp-2",
  "epoch": 1,
  "step": 14600,
  "expert_load": [
    836484.0,
    789250.0,
    870799.0,
    773867.0
  ],
  "cv": 0.046985823599559114,
  "max_mean_ratio": 1.0650672700586954,
  "aux_loss": 0.08007009752094746,
  "aux_loss_alpha": 0.01
}