{
  "experiment": "Exp-2",
  "epoch": 0,
  "step": 15500,
  "expert_load": [
    825988.0,
    810294.0,
    860549.0,
    773569.0
  ],
  "cv": 0.03822569248027717,
  "max_mean_ratio": 1.0525305772994,
  "aux_loss": 0.08027019962668419,
  "aux_loss_alpha": 0.01
}