{
  "experiment": "Exp-2",
  "epoch": 1,
  "step": 8500,
  "expert_load": [
    861524.0,
    778783.0,
    856680.0,
    773413.0
  ],
  "cv": 0.050857005259294874,
  "max_mean_ratio": 1.0537230919765037,
  "aux_loss": 0.08006557986140252,
  "aux_loss_alpha": 0.01
}