{
  "experiment": "Exp-2",
  "epoch": 1,
  "step": 8100,
  "expert_load": [
    842706.0,
    791964.0,
    871147.0,
    764583.0
  ],
  "cv": 0.05103972851180221,
  "max_mean_ratio": 1.0654929060665232,
  "aux_loss": 0.08008271679282189,
  "aux_loss_alpha": 0.01
}