{
  "experiment": "Exp-2",
  "epoch": 1,
  "step": 20300,
  "expert_load": [
    831795.0,
    779579.0,
    886062.0,
    772964.0
  ],
  "cv": 0.05580340420896458,
  "max_mean_ratio": 1.0837353228962685,
  "aux_loss": 0.0800553585588932,
  "aux_loss_alpha": 0.01
}