{
  "experiment": "Exp-2",
  "epoch": 1,
  "step": 35400,
  "expert_load": [
    839795.0,
    795194.0,
    859874.0,
    775537.0
  ],
  "cv": 0.041255718910530315,
  "max_mean_ratio": 1.0517049902152513,
  "aux_loss": 0.08001310758292675,
  "aux_loss_alpha": 0.01
}