{
  "experiment": "Exp-2",
  "epoch": 0,
  "step": 42800,
  "expert_load": [
    837913.0,
    793808.0,
    872937.0,
    765742.0
  ],
  "cv": 0.05016956068065007,
  "max_mean_ratio": 1.067682240704488,
  "aux_loss": 0.08010978080332279,
  "aux_loss_alpha": 0.01
}