{
  "experiment": "Exp-2",
  "epoch": 0,
  "step": 7500,
  "expert_load": [
    810966.0,
    824831.0,
    861554.0,
    773049.0
  ],
  "cv": 0.038740573591914886,
  "max_mean_ratio": 1.0537597847357991,
  "aux_loss": 0.0804154185205698,
  "aux_loss_alpha": 0.01
}