{
  "experiment": "Exp-2",
  "epoch": 0,
  "step": 34100,
  "expert_load": [
    838262.0,
    786745.0,
    869383.0,
    776010.0
  ],
  "cv": 0.04653441666156988,
  "max_mean_ratio": 1.0633353718199479,
  "aux_loss": 0.0801310670375824,
  "aux_loss_alpha": 0.01
}