{
  "experiment": "Exp-2",
  "epoch": 1,
  "step": 5900,
  "expert_load": [
    833100.0,
    792091.0,
    871253.0,
    773956.0
  ],
  "cv": 0.0460669184197646,
  "max_mean_ratio": 1.065622553816034,
  "aux_loss": 0.08009346961975097,
  "aux_loss_alpha": 0.01
}