{
  "experiment": "Exp-2",
  "epoch": 0,
  "step": 7800,
  "expert_load": [
    816558.0,
    822407.0,
    853783.0,
    777652.0
  ],
  "cv": 0.03309839774951036,
  "max_mean_ratio": 1.0442551369862887,
  "aux_loss": 0.08040464237332344,
  "aux_loss_alpha": 0.01
}