{
  "experiment": "Exp-2",
  "epoch": 0,
  "step": 14200,
  "expert_load": [
    849492.0,
    790988.0,
    859425.0,
    770495.0
  ],
  "cv": 0.04614441754066724,
  "max_mean_ratio": 1.0511558219177954,
  "aux_loss": 0.08033544421195984,
  "aux_loss_alpha": 0.01
}