{
  "experiment": "Exp-2",
  "epoch": 1,
  "step": 20400,
  "expert_load": [
    837602.0,
    780713.0,
    881023.0,
    771062.0
  ],
  "cv": 0.05452368211839464,
  "max_mean_ratio": 1.0775721624266013,
  "aux_loss": 0.08005454465746879,
  "aux_loss_alpha": 0.01
}