{
  "experiment": "Exp-2",
  "epoch": 0,
  "step": 43300,
  "expert_load": [
    834627.0,
    795327.0,
    873925.0,
    766521.0
  ],
  "cv": 0.049560040438477865,
  "max_mean_ratio": 1.0688906555772864,
  "aux_loss": 0.08010996893048286,
  "aux_loss_alpha": 0.01
}