{
  "experiment": "Exp-2",
  "epoch": 1,
  "step": 10500,
  "expert_load": [
    822497.0,
    796911.0,
    879445.0,
    771547.0
  ],
  "cv": 0.04891487853167748,
  "max_mean_ratio": 1.075642123287658,
  "aux_loss": 0.08007905535399913,
  "aux_loss_alpha": 0.01
}