{
  "experiment": "Exp-2",
  "epoch": 0,
  "step": 1200,
  "expert_load": [
    785079.0,
    831988.0,
    841008.0,
    812325.0
  ],
  "cv": 0.026235181954041998,
  "max_mean_ratio": 1.0286301369862887,
  "aux_loss": 0.08094109162688255,
  "aux_loss_alpha": 0.01
}