{
  "experiment": "Exp-2",
  "epoch": 1,
  "step": 2100,
  "expert_load": [
    827524.0,
    798711.0,
    872037.0,
    772128.0
  ],
  "cv": 0.04529723046110512,
  "max_mean_ratio": 1.066581457925623,
  "aux_loss": 0.08008880473673344,
  "aux_loss_alpha": 0.01
}