{
  "experiment": "Exp-2",
  "epoch": 0,
  "step": 24400,
  "expert_load": [
    839688.0,
    780378.0,
    871691.0,
    778643.0
  ],
  "cv": 0.04860479127170929,
  "max_mean_ratio": 1.0661582681017483,
  "aux_loss": 0.08023643977940083,
  "aux_loss_alpha": 0.01
}