{
  "experiment": "Exp-2",
  "epoch": 1,
  "step": 35500,
  "expert_load": [
    826563.0,
    797942.0,
    869066.0,
    776829.0
  ],
  "cv": 0.042271038137536174,
  "max_mean_ratio": 1.062947651663392,
  "aux_loss": 0.08003575287759304,
  "aux_loss_alpha": 0.01
}