{
  "experiment": "Exp-2",
  "epoch": 0,
  "step": 6300,
  "expert_load": [
    843508.0,
    793321.0,
    854200.0,
    779371.0
  ],
  "cv": 0.03897477420575417,
  "max_mean_ratio": 1.044765166340496,
  "aux_loss": 0.08035914205014706,
  "aux_loss_alpha": 0.01
}