{
  "experiment": "Exp-2",
  "epoch": 1,
  "step": 16800,
  "expert_load": [
    837939.0,
    777150.0,
    887175.0,
    768136.0
  ],
  "cv": 0.05909333529537599,
  "max_mean_ratio": 1.0850966242661315,
  "aux_loss": 0.08007167853415012,
  "aux_loss_alpha": 0.01
}