{
  "experiment": "Exp-2",
  "epoch": 1,
  "step": 16700,
  "expert_load": [
    842024.0,
    788259.0,
    869517.0,
    770600.0
  ],
  "cv": 0.0487774574593316,
  "max_mean_ratio": 1.063499266144801,
  "aux_loss": 0.08006648682057857,
  "aux_loss_alpha": 0.01
}