{
  "experiment": "Exp-2",
  "epoch": 0,
  "step": 35000,
  "expert_load": [
    834550.0,
    790462.0,
    876046.0,
    769342.0
  ],
  "cv": 0.05031259555406005,
  "max_mean_ratio": 1.071484833659478,
  "aux_loss": 0.0801153440028429,
  "aux_loss_alpha": 0.01
}