{
  "experiment": "Exp-2",
  "epoch": 1,
  "step": 42400,
  "expert_load": [
    841965.0,
    797164.0,
    860896.0,
    770375.0
  ],
  "cv": 0.04374169157442461,
  "max_mean_ratio": 1.0529549902152513,
  "aux_loss": 0.08001485258340836,
  "aux_loss_alpha": 0.01
}