{
  "experiment": "Exp-2",
  "epoch": 0,
  "step": 7900,
  "expert_load": [
    807810.0,
    828037.0,
    869514.0,
    765039.0
  ],
  "cv": 0.046018572842770965,
  "max_mean_ratio": 1.0634955968688715,
  "aux_loss": 0.08034382827579975,
  "aux_loss_alpha": 0.01
}