{
  "experiment": "Exp-2",
  "epoch": 1,
  "step": 33600,
  "expert_load": [
    831097.0,
    796733.0,
    867134.0,
    775436.0
  ],
  "cv": 0.04258495233763402,
  "max_mean_ratio": 1.0605846379647619,
  "aux_loss": 0.08001955755054951,
  "aux_loss_alpha": 0.01
}