{
  "experiment": "Exp-2",
  "epoch": 1,
  "step": 39700,
  "expert_load": [
    847898.0,
    793063.0,
    857439.0,
    772000.0
  ],
  "cv": 0.044042094430344375,
  "max_mean_ratio": 1.0487267612524334,
  "aux_loss": 0.08001224711537361,
  "aux_loss_alpha": 0.01
}