{
  "experiment": "Exp-2",
  "epoch": 1,
  "step": 14100,
  "expert_load": [
    829876.0,
    789146.0,
    877814.0,
    773564.0
  ],
  "cv": 0.04939999216456642,
  "max_mean_ratio": 1.0736472602739595,
  "aux_loss": 0.08007019713521003,
  "aux_loss_alpha": 0.01
}