{
  "experiment": "Exp-2",
  "epoch": 1,
  "step": 26600,
  "expert_load": [
    837723.0,
    778891.0,
    883982.0,
    769804.0
  ],
  "cv": 0.05669381039016565,
  "max_mean_ratio": 1.081191291585114,
  "aux_loss": 0.08006991401314735,
  "aux_loss_alpha": 0.01
}