{
  "experiment": "Exp-2",
  "epoch": 0,
  "step": 41800,
  "expert_load": [
    848894.0,
    780949.0,
    873793.0,
    766764.0
  ],
  "cv": 0.0549186118288276,
  "max_mean_ratio": 1.068729207436386,
  "aux_loss": 0.08009162709116936,
  "aux_loss_alpha": 0.01
}