{
  "experiment": "Exp-2",
  "epoch": 0,
  "step": 9500,
  "expert_load": [
    823696.0,
    804022.0,
    867823.0,
    774859.0
  ],
  "cv": 0.04134460807546427,
  "max_mean_ratio": 1.061427348336582,
  "aux_loss": 0.0803316705673933,
  "aux_loss_alpha": 0.01
}