{
  "experiment": "Exp-2",
  "epoch": 1,
  "step": 18000,
  "expert_load": [
    829389.0,
    785762.0,
    884074.0,
    771175.0
  ],
  "cv": 0.05375594346257273,
  "max_mean_ratio": 1.0813038160469535,
  "aux_loss": 0.08005476027727126,
  "aux_loss_alpha": 0.01
}