{
  "experiment": "Exp-2",
  "epoch": 1,
  "step": 2300,
  "expert_load": [
    834319.0,
    783629.0,
    878655.0,
    773797.0
  ],
  "cv": 0.051457041760946044,
  "max_mean_ratio": 1.07467588062621,
  "aux_loss": 0.08010444976389408,
  "aux_loss_alpha": 0.01
}