{
  "experiment": "Exp-2",
  "epoch": 0,
  "step": 7700,
  "expert_load": [
    829431.0,
    800715.0,
    863943.0,
    776311.0
  ],
  "cv": 0.03999684193829452,
  "max_mean_ratio": 1.0566817514676974,
  "aux_loss": 0.080443951562047,
  "aux_loss_alpha": 0.01
}