{
  "experiment": "Exp-2",
  "epoch": 1,
  "step": 7600,
  "expert_load": [
    841088.0,
    775531.0,
    883994.0,
    769787.0
  ],
  "cv": 0.05806703690679968,
  "max_mean_ratio": 1.0812059686888322,
  "aux_loss": 0.08011776722967624,
  "aux_loss_alpha": 0.01
}