{
  "experiment": "Exp-2",
  "epoch": 0,
  "step": 37100,
  "expert_load": [
    836573.0,
    787689.0,
    872729.0,
    773409.0
  ],
  "cv": 0.048334167838795884,
  "max_mean_ratio": 1.0674278375733723,
  "aux_loss": 0.08009674020111561,
  "aux_loss_alpha": 0.01
}