{
  "experiment": "Exp-2",
  "epoch": 0,
  "step": 12700,
  "expert_load": [
    833876.0,
    799847.0,
    859783.0,
    776894.0
  ],
  "cv": 0.03875706622278573,
  "max_mean_ratio": 1.0515936888453883,
  "aux_loss": 0.08035279005765915,
  "aux_loss_alpha": 0.01
}