{
  "experiment": "Exp-2",
  "epoch": 0,
  "step": 29900,
  "expert_load": [
    831977.0,
    789946.0,
    876274.0,
    772203.0
  ],
  "cv": 0.04920938092435116,
  "max_mean_ratio": 1.0717636986301238,
  "aux_loss": 0.08014935091137886,
  "aux_loss_alpha": 0.01
}