{
  "experiment": "Exp-2",
  "epoch": 0,
  "step": 21900,
  "expert_load": [
    832524.0,
    794358.0,
    874927.0,
    768591.0
  ],
  "cv": 0.04911891989511926,
  "max_mean_ratio": 1.070116193737756,
  "aux_loss": 0.08024723015725613,
  "aux_loss_alpha": 0.01
}