{
  "experiment": "Exp-2",
  "epoch": 0,
  "step": 100,
  "expert_load": [
    804216.0,
    865191.0,
    796106.0,
    804887.0
  ],
  "cv": 0.0338712963246082,
  "max_mean_ratio": 1.0582081702543902,
  "aux_loss": 0.0854664708673954,
  "aux_loss_alpha": 0.01
}