{
  "experiment": "Exp-2",
  "epoch": 1,
  "step": 35300,
  "expert_load": [
    832361.0,
    791253.0,
    871601.0,
    775185.0
  ],
  "cv": 0.04587488342404543,
  "max_mean_ratio": 1.0660481898238616,
  "aux_loss": 0.08004247538745403,
  "aux_loss_alpha": 0.01
}