{
  "experiment": "Exp-2",
  "epoch": 0,
  "step": 32500,
  "expert_load": [
    842406.0,
    780661.0,
    879648.0,
    767685.0
  ],
  "cv": 0.055785898705050685,
  "max_mean_ratio": 1.075890410958891,
  "aux_loss": 0.08016216039657592,
  "aux_loss_alpha": 0.01
}