{
  "experiment": "Exp-2",
  "epoch": 1,
  "step": 25300,
  "expert_load": [
    839429.0,
    774881.0,
    884349.0,
    771741.0
  ],
  "cv": 0.057563003569899004,
  "max_mean_ratio": 1.0816401663404955,
  "aux_loss": 0.08003543153405189,
  "aux_loss_alpha": 0.01
}