{
  "experiment": "Exp-2",
  "epoch": 0,
  "step": 29700,
  "expert_load": [
    844360.0,
    776999.0,
    877983.0,
    771058.0
  ],
  "cv": 0.05529946164842153,
  "max_mean_ratio": 1.0738539628179908,
  "aux_loss": 0.08017189770936967,
  "aux_loss_alpha": 0.01
}