{
  "experiment": "Exp-2",
  "epoch": 1,
  "step": 5800,
  "expert_load": [
    845314.0,
    792326.0,
    863190.0,
    769570.0
  ],
  "cv": 0.0465425053128052,
  "max_mean_ratio": 1.0557607632093804,
  "aux_loss": 0.08006773822009564,
  "aux_loss_alpha": 0.01
}