{
  "experiment": "Exp-2",
  "epoch": 1,
  "step": 5400,
  "expert_load": [
    841706.0,
    787265.0,
    870361.0,
    771068.0
  ],
  "cv": 0.04911541306109284,
  "max_mean_ratio": 1.064531555772981,
  "aux_loss": 0.0800785581022501,
  "aux_loss_alpha": 0.01
}