{
  "experiment": "Exp-2",
  "epoch": 1,
  "step": 1900,
  "expert_load": [
    837444.0,
    787801.0,
    871250.0,
    773905.0
  ],
  "cv": 0.04764308265043973,
  "max_mean_ratio": 1.0656188845401044,
  "aux_loss": 0.08010962314903736,
  "aux_loss_alpha": 0.01
}