{
  "experiment": "Exp-2",
  "epoch": 0,
  "step": 31100,
  "expert_load": [
    832741.0,
    785708.0,
    882864.0,
    769087.0
  ],
  "cv": 0.05421502816933642,
  "max_mean_ratio": 1.0798238747553683,
  "aux_loss": 0.08012942008674145,
  "aux_loss_alpha": 0.01
}