{
  "experiment": "Exp-2",
  "epoch": 0,
  "step": 22800,
  "expert_load": [
    832488.0,
    788127.0,
    878077.0,
    771708.0
  ],
  "cv": 0.050628674053631965,
  "max_mean_ratio": 1.0739689334637834,
  "aux_loss": 0.08023661561310291,
  "aux_loss_alpha": 0.01
}