{
  "experiment": "Exp-2",
  "epoch": 1,
  "step": 22500,
  "expert_load": [
    842840.0,
    787168.0,
    871326.0,
    769066.0
  ],
  "cv": 0.050448640647932357,
  "max_mean_ratio": 1.0657118395303196,
  "aux_loss": 0.0800364413112402,
  "aux_loss_alpha": 0.01
}