{
  "experiment": "Exp-2",
  "epoch": 1,
  "step": 13400,
  "expert_load": [
    832646.0,
    788858.0,
    876987.0,
    771909.0
  ],
  "cv": 0.04993364726027336,
  "max_mean_ratio": 1.0726357632093801,
  "aux_loss": 0.08007660947740078,
  "aux_loss_alpha": 0.01
}