{
  "experiment": "Exp-2",
  "epoch": 1,
  "step": 19800,
  "expert_load": [
    828038.0,
    775373.0,
    891454.0,
    775535.0
  ],
  "cv": 0.05838886776082365,
  "max_mean_ratio": 1.090330234833646,
  "aux_loss": 0.08007978811860085,
  "aux_loss_alpha": 0.01
}