{
  "experiment": "Exp-2",
  "epoch": 1,
  "step": 14700,
  "expert_load": [
    839824.0,
    791689.0,
    867617.0,
    771270.0
  ],
  "cv": 0.04662794497614914,
  "max_mean_ratio": 1.0611753913894195,
  "aux_loss": 0.080065161511302,
  "aux_loss_alpha": 0.01
}