{
  "experiment": "Exp-2",
  "epoch": 1,
  "step": 20800,
  "expert_load": [
    834897.0,
    770447.0,
    893040.0,
    772016.0
  ],
  "cv": 0.06204008397290775,
  "max_mean_ratio": 1.0922700587084015,
  "aux_loss": 0.08005628131330013,
  "aux_loss_alpha": 0.01
}