{
  "experiment": "Exp-2",
  "epoch": 0,
  "step": 37800,
  "expert_load": [
    844483.0,
    777739.0,
    875858.0,
    772320.0
  ],
  "cv": 0.05385726898850227,
  "max_mean_ratio": 1.0712548923678928,
  "aux_loss": 0.08010404273867607,
  "aux_loss_alpha": 0.01
}