{
  "experiment": "Exp-2",
  "epoch": 0,
  "step": 24500,
  "expert_load": [
    835697.0,
    800253.0,
    864169.0,
    770281.0
  ],
  "cv": 0.0433990012689574,
  "max_mean_ratio": 1.0569581702543902,
  "aux_loss": 0.08019323021173477,
  "aux_loss_alpha": 0.01
}