{
  "experiment": "Exp-2",
  "epoch": 0,
  "step": 28000,
  "expert_load": [
    829612.0,
    758022.0,
    917221.0,
    765545.0
  ],
  "cv": 0.07814373815129552,
  "max_mean_ratio": 1.1218456457925499,
  "aux_loss": 0.08025686986744404,
  "aux_loss_alpha": 0.01
}