{
  "experiment": "Exp-2",
  "epoch": 1,
  "step": 40500,
  "expert_load": [
    836449.0,
    788987.0,
    874384.0,
    770580.0
  ],
  "cv": 0.04971719342435115,
  "max_mean_ratio": 1.0694520547945074,
  "aux_loss": 0.08000907257199287,
  "aux_loss_alpha": 0.01
}