{
  "experiment": "Exp-2",
  "epoch": 1,
  "step": 38700,
  "expert_load": [
    833077.0,
    786438.0,
    877859.0,
    773026.0
  ],
  "cv": 0.05053529862554977,
  "max_mean_ratio": 1.0737022994129026,
  "aux_loss": 0.08001976899802685,
  "aux_loss_alpha": 0.01
}