{
  "experiment": "Exp-2",
  "epoch": 0,
  "step": 39000,
  "expert_load": [
    839479.0,
    790797.0,
    869868.0,
    770256.0
  ],
  "cv": 0.048038447131848724,
  "max_mean_ratio": 1.0639285714285585,
  "aux_loss": 0.080115582421422,
  "aux_loss_alpha": 0.01
}