{
  "experiment": "Exp-2",
  "epoch": 0,
  "step": 22900,
  "expert_load": [
    831670.0,
    810198.0,
    859008.0,
    769524.0
  ],
  "cv": 0.04000220729880088,
  "max_mean_ratio": 1.050645792563588,
  "aux_loss": 0.08017121747136116,
  "aux_loss_alpha": 0.01
}