{
  "experiment": "Exp-2",
  "epoch": 1,
  "step": 33400,
  "expert_load": [
    838116.0,
    796791.0,
    866357.0,
    769136.0
  ],
  "cv": 0.04568181166676803,
  "max_mean_ratio": 1.0596342954990086,
  "aux_loss": 0.08000994458794594,
  "aux_loss_alpha": 0.01
}