{
  "experiment": "Exp-2",
  "epoch": 0,
  "step": 16000,
  "expert_load": [
    844657.0,
    789425.0,
    860742.0,
    775576.0
  ],
  "cv": 0.043900144095522946,
  "max_mean_ratio": 1.0527666340508677,
  "aux_loss": 0.08028189301490783,
  "aux_loss_alpha": 0.01
}