{
  "experiment": "Exp-2",
  "epoch": 0,
  "step": 40300,
  "expert_load": [
    834075.0,
    778938.0,
    890968.0,
    766419.0
  ],
  "cv": 0.06044269240765582,
  "max_mean_ratio": 1.0897358121330591,
  "aux_loss": 0.08008814476430416,
  "aux_loss_alpha": 0.01
}