{
  "experiment": "Exp-3",
  "epoch": 1,
  "step": 40300,
  "expert_load": [
    816586.0,
    818630.0,
    824473.0,
    810711.0
  ],
  "cv": 0.006016367932821599,
  "max_mean_ratio": 1.0084063111545865,
  "aux_loss": 0.40032556623220444,
  "aux_loss_alpha": 0.05
}