{
  "experiment": "Exp-3",
  "epoch": 1,
  "step": 1100,
  "expert_load": [
    824025.0,
    812073.0,
    819281.0,
    815021.0
  ],
  "cv": 0.005514278523842581,
  "max_mean_ratio": 1.007858365949107,
  "aux_loss": 0.4010635325312614,
  "aux_loss_alpha": 0.05
}