{
  "experiment": "Exp-3",
  "epoch": 0,
  "step": 37300,
  "expert_load": [
    810170.0,
    830019.0,
    815229.0,
    814982.0
  ],
  "cv": 0.009110024409284686,
  "max_mean_ratio": 1.0151895792563477,
  "aux_loss": 0.4010017439723015,
  "aux_loss_alpha": 0.05
}