{
  "experiment": "Exp-3",
  "epoch": 1,
  "step": 5800,
  "expert_load": [
    807438.0,
    830595.0,
    809127.0,
    823240.0
  ],
  "cv": 0.011854177575755114,
  "max_mean_ratio": 1.0158940802348213,
  "aux_loss": 0.40074607253074646,
  "aux_loss_alpha": 0.05
}