{
  "experiment": "Exp-3",
  "epoch": 1,
  "step": 20200,
  "expert_load": [
    814161.0,
    818325.0,
    814973.0,
    822941.0
  ],
  "cv": 0.004227183243066546,
  "max_mean_ratio": 1.006532534246563,
  "aux_loss": 0.4005451825261116,
  "aux_loss_alpha": 0.05
}