{
  "experiment": "Exp-3",
  "epoch": 1,
  "step": 100,
  "expert_load": [
    808923.0,
    825930.0,
    810870.0,
    824677.0
  ],
  "cv": 0.009475136475087029,
  "max_mean_ratio": 1.0101883561643712,
  "aux_loss": 0.40099175900220874,
  "aux_loss_alpha": 0.05
}