{
  "experiment": "Exp-3",
  "epoch": 1,
  "step": 19800,
  "expert_load": [
    815452.0,
    830491.0,
    806872.0,
    817585.0
  ],
  "cv": 0.010340047041263938,
  "max_mean_ratio": 1.0157668786692635,
  "aux_loss": 0.4005745410919189,
  "aux_loss_alpha": 0.05
}