{
  "experiment": "Exp-3",
  "epoch": 0,
  "step": 40200,
  "expert_load": [
    827683.0,
    805439.0,
    818665.0,
    818613.0
  ],
  "cv": 0.009702542598000127,
  "max_mean_ratio": 1.0123324363992048,
  "aux_loss": 0.4010328021645546,
  "aux_loss_alpha": 0.05
}