{
  "experiment": "Exp-3",
  "epoch": 1,
  "step": 9700,
  "expert_load": [
    808817.0,
    820541.0,
    828869.0,
    812173.0
  ],
  "cv": 0.009518006804404544,
  "max_mean_ratio": 1.0137830234833536,
  "aux_loss": 0.40060426890850065,
  "aux_loss_alpha": 0.05
}