{
  "experiment": "Exp-3",
  "epoch": 0,
  "step": 37400,
  "expert_load": [
    818597.0,
    813764.0,
    824695.0,
    813344.0
  ],
  "cv": 0.0056102960217021694,
  "max_mean_ratio": 1.0086778375733731,
  "aux_loss": 0.4009854570031166,
  "aux_loss_alpha": 0.05
}