{
  "experiment": "Exp-3",
  "epoch": 0,
  "step": 3900,
  "expert_load": [
    806211.0,
    830778.0,
    814018.0,
    819393.0
  ],
  "cv": 0.01092965501161924,
  "max_mean_ratio": 1.0161179060665237,
  "aux_loss": 0.40326045364141466,
  "aux_loss_alpha": 0.05
}