{
  "experiment": "Exp-3",
  "epoch": 1,
  "step": 40500,
  "expert_load": [
    811739.0,
    827195.0,
    818723.0,
    812743.0
  ],
  "cv": 0.007521441734000336,
  "max_mean_ratio": 1.0117355675146646,
  "aux_loss": 0.4002300480008125,
  "aux_loss_alpha": 0.05
}