{
  "experiment": "Exp-3",
  "epoch": 1,
  "step": 5500,
  "expert_load": [
    823297.0,
    812391.0,
    823620.0,
    811092.0
  ],
  "cv": 0.0071888252153787646,
  "max_mean_ratio": 1.0073630136986178,
  "aux_loss": 0.40061590224504473,
  "aux_loss_alpha": 0.05
}