{
  "experiment": "Exp-3",
  "epoch": 0,
  "step": 14700,
  "expert_load": [
    822056.0,
    826002.0,
    814770.0,
    807572.0
  ],
  "cv": 0.008627334266259373,
  "max_mean_ratio": 1.0102764187866804,
  "aux_loss": 0.40219231605529787,
  "aux_loss_alpha": 0.05
}