{
  "experiment": "Exp-3",
  "epoch": 0,
  "step": 37900,
  "expert_load": [
    819329.0,
    817018.0,
    817123.0,
    816930.0
  ],
  "cv": 0.0012237941495592897,
  "max_mean_ratio": 1.002114726027385,
  "aux_loss": 0.40120067209005356,
  "aux_loss_alpha": 0.05
}