{
  "experiment": "Exp-3",
  "epoch": 1,
  "step": 19900,
  "expert_load": [
    823190.0,
    817908.0,
    823720.0,
    805582.0
  ],
  "cv": 0.008930030419635103,
  "max_mean_ratio": 1.0074853228962695,
  "aux_loss": 0.4004336002469063,
  "aux_loss_alpha": 0.05
}