{
  "experiment": "Exp-3",
  "epoch": 1,
  "step": 17800,
  "expert_load": [
    804162.0,
    836365.0,
    818846.0,
    811027.0
  ],
  "cv": 0.014695717649217042,
  "max_mean_ratio": 1.0229513209393222,
  "aux_loss": 0.4005667755007744,
  "aux_loss_alpha": 0.05
}