{
  "experiment": "Exp-3",
  "epoch": 1,
  "step": 2800,
  "expert_load": [
    811243.0,
    812848.0,
    822934.0,
    823375.0
  ],
  "cv": 0.006831687135938945,
  "max_mean_ratio": 1.0070633561643711,
  "aux_loss": 0.4007922267913818,
  "aux_loss_alpha": 0.05
}