{
  "experiment": "Exp-3",
  "epoch": 1,
  "step": 18000,
  "expert_load": [
    811507.0,
    821215.0,
    821341.0,
    816337.0
  ],
  "cv": 0.004960053326332345,
  "max_mean_ratio": 1.0045755870841364,
  "aux_loss": 0.40051510244607924,
  "aux_loss_alpha": 0.05
}