{
  "experiment": "Exp-3",
  "epoch": 0,
  "step": 30600,
  "expert_load": [
    807674.0,
    823718.0,
    812113.0,
    826895.0
  ],
  "cv": 0.00971683987432718,
  "max_mean_ratio": 1.0113686399217097,
  "aux_loss": 0.4012685790657997,
  "aux_loss_alpha": 0.05
}