{
  "experiment": "Exp-3",
  "epoch": 0,
  "step": 42900,
  "expert_load": [
    810852.0,
    822060.0,
    825231.0,
    812257.0
  ],
  "cv": 0.007544775438401938,
  "max_mean_ratio": 1.0093334148727862,
  "aux_loss": 0.40106087893247605,
  "aux_loss_alpha": 0.05
}