{
  "experiment": "Exp-3",
  "epoch": 1,
  "step": 8700,
  "expert_load": [
    810135.0,
    829736.0,
    810727.0,
    819802.0
  ],
  "cv": 0.009767437541088126,
  "max_mean_ratio": 1.0148434442269934,
  "aux_loss": 0.4007206282019615,
  "aux_loss_alpha": 0.05
}