{
  "experiment": "Exp-3",
  "epoch": 1,
  "step": 11300,
  "expert_load": [
    799642.0,
    830636.0,
    809891.0,
    830231.0
  ],
  "cv": 0.016311180876192315,
  "max_mean_ratio": 1.0159442270058583,
  "aux_loss": 0.40078731209039686,
  "aux_loss_alpha": 0.05
}