{
  "experiment": "Exp-3",
  "epoch": 1,
  "step": 5100,
  "expert_load": [
    821024.0,
    823001.0,
    826708.0,
    799667.0
  ],
  "cv": 0.01290699221616606,
  "max_mean_ratio": 1.011139921722101,
  "aux_loss": 0.4007668462395668,
  "aux_loss_alpha": 0.05
}