{
  "experiment": "Exp-3",
  "epoch": 1,
  "step": 25200,
  "expert_load": [
    824806.0,
    817215.0,
    815307.0,
    813072.0
  ],
  "cv": 0.0053953226765073945,
  "max_mean_ratio": 1.0088136007827666,
  "aux_loss": 0.40039623469114305,
  "aux_loss_alpha": 0.05
}