{
  "experiment": "Exp-3",
  "epoch": 1,
  "step": 27400,
  "expert_load": [
    820300.0,
    815832.0,
    813599.0,
    820669.0
  ],
  "cv": 0.0036612449093573734,
  "max_mean_ratio": 1.0037536692759172,
  "aux_loss": 0.4003459957242012,
  "aux_loss_alpha": 0.05
}