{
  "experiment": "Exp-3",
  "epoch": 0,
  "step": 2200,
  "expert_load": [
    822074.0,
    815967.0,
    816313.0,
    816046.0
  ],
  "cv": 0.0031632153535308748,
  "max_mean_ratio": 1.0054721135029232,
  "aux_loss": 0.40376075863838196,
  "aux_loss_alpha": 0.05
}