{
  "experiment": "Exp-3",
  "epoch": 1,
  "step": 6000,
  "expert_load": [
    812012.0,
    822101.0,
    813510.0,
    822777.0
  ],
  "cv": 0.0059610576592312135,
  "max_mean_ratio": 1.0063319471624144,
  "aux_loss": 0.4008303478360176,
  "aux_loss_alpha": 0.05
}