{
  "experiment": "Exp-3",
  "epoch": 1,
  "step": 42600,
  "expert_load": [
    814619.0,
    820469.0,
    821668.0,
    813644.0
  ],
  "cv": 0.004294606785484903,
  "max_mean_ratio": 1.0049755381604573,
  "aux_loss": 0.40030507385730746,
  "aux_loss_alpha": 0.05
}