{
  "experiment": "Exp-3",
  "epoch": 1,
  "step": 30100,
  "expert_load": [
    814078.0,
    822989.0,
    817951.0,
    815382.0
  ],
  "cv": 0.00416967313583578,
  "max_mean_ratio": 1.0065912426614358,
  "aux_loss": 0.40036005586385726,
  "aux_loss_alpha": 0.05
}