{
  "experiment": "Exp-3",
  "epoch": 0,
  "step": 6400,
  "expert_load": [
    810779.0,
    817005.0,
    821461.0,
    821155.0
  ],
  "cv": 0.005275817393323382,
  "max_mean_ratio": 1.0047223581213185,
  "aux_loss": 0.40266084641218186,
  "aux_loss_alpha": 0.05
}