{
  "experiment": "Exp-3",
  "epoch": 0,
  "step": 1400,
  "expert_load": [
    815610.0,
    820062.0,
    820296.0,
    814432.0
  ],
  "cv": 0.0031968232096990803,
  "max_mean_ratio": 1.0032974559686765,
  "aux_loss": 0.40486605405807496,
  "aux_loss_alpha": 0.05
}