{
  "experiment": "Exp-3",
  "epoch": 0,
  "step": 32300,
  "expert_load": [
    815248.0,
    803325.0,
    824240.0,
    827587.0
  ],
  "cv": 0.011492139961854678,
  "max_mean_ratio": 1.0122150195694593,
  "aux_loss": 0.40126299887895583,
  "aux_loss_alpha": 0.05
}