{
  "experiment": "Exp-3",
  "epoch": 0,
  "step": 35200,
  "expert_load": [
    814657.0,
    820770.0,
    811384.0,
    823589.0
  ],
  "cv": 0.005904410226004392,
  "max_mean_ratio": 1.0073250978473458,
  "aux_loss": 0.40106664955615995,
  "aux_loss_alpha": 0.05
}