{
  "experiment": "Exp-3",
  "epoch": 1,
  "step": 8800,
  "expert_load": [
    807038.0,
    823527.0,
    812186.0,
    827649.0
  ],
  "cv": 0.010177766385610198,
  "max_mean_ratio": 1.0122908512720032,
  "aux_loss": 0.40060421705245974,
  "aux_loss_alpha": 0.05
}