{
  "experiment": "Exp-3",
  "epoch": 1,
  "step": 25800,
  "expert_load": [
    814776.0,
    820897.0,
    819025.0,
    815702.0
  ],
  "cv": 0.0030256518459133067,
  "max_mean_ratio": 1.004032534246563,
  "aux_loss": 0.4005641996860504,
  "aux_loss_alpha": 0.05
}