{
  "experiment": "Exp-3",
  "epoch": 0,
  "step": 17100,
  "expert_load": [
    813248.0,
    827595.0,
    804015.0,
    825542.0
  ],
  "cv": 0.011707033877736524,
  "max_mean_ratio": 1.0122248043052713,
  "aux_loss": 0.40187568992376327,
  "aux_loss_alpha": 0.05
}