{
  "experiment": "Exp-3",
  "epoch": 1,
  "step": 23300,
  "expert_load": [
    820353.0,
    816668.0,
    823364.0,
    810015.0
  ],
  "cv": 0.006091057764340679,
  "max_mean_ratio": 1.0070499021526296,
  "aux_loss": 0.40040162712335586,
  "aux_loss_alpha": 0.05
}