{
  "experiment": "Exp-3",
  "epoch": 0,
  "step": 35800,
  "expert_load": [
    817648.0,
    812913.0,
    816387.0,
    823452.0
  ],
  "cv": 0.004644833320274221,
  "max_mean_ratio": 1.007157534246563,
  "aux_loss": 0.4011265122890472,
  "aux_loss_alpha": 0.05
}