{
  "experiment": "Exp-3",
  "epoch": 0,
  "step": 38500,
  "expert_load": [
    811985.0,
    823172.0,
    806364.0,
    828879.0
  ],
  "cv": 0.010871749250856032,
  "max_mean_ratio": 1.0137952544031188,
  "aux_loss": 0.4010192710161209,
  "aux_loss_alpha": 0.05
}