{
  "experiment": "Exp-3",
  "epoch": 0,
  "step": 1900,
  "expert_load": [
    809972.0,
    818409.0,
    815856.0,
    826163.0
  ],
  "cv": 0.007110977322154695,
  "max_mean_ratio": 1.0104733365948995,
  "aux_loss": 0.4038722032308579,
  "aux_loss_alpha": 0.05
}