{
  "experiment": "Exp-3",
  "epoch": 0,
  "step": 17300,
  "expert_load": [
    819063.0,
    826059.0,
    820679.0,
    804599.0
  ],
  "cv": 0.009711868077108186,
  "max_mean_ratio": 1.010346135029342,
  "aux_loss": 0.40173968017101286,
  "aux_loss_alpha": 0.05
}