{
  "experiment": "Exp-3",
  "epoch": 0,
  "step": 600,
  "expert_load": [
    819144.0,
    813554.0,
    807817.0,
    829885.0
  ],
  "cv": 0.0099624269489205,
  "max_mean_ratio": 1.0150256849314945,
  "aux_loss": 0.4069211608171463,
  "aux_loss_alpha": 0.05
}