{
  "experiment": "Exp-3",
  "epoch": 1,
  "step": 17400,
  "expert_load": [
    814497.0,
    815301.0,
    827160.0,
    813442.0
  ],
  "cv": 0.006798801011535203,
  "max_mean_ratio": 1.0116927592954867,
  "aux_loss": 0.4004545485973358,
  "aux_loss_alpha": 0.05
}