{
  "experiment": "Exp-3",
  "epoch": 1,
  "step": 41900,
  "expert_load": [
    807643.0,
    815189.0,
    817366.0,
    830202.0
  ],
  "cv": 0.009933056616736363,
  "max_mean_ratio": 1.0154134050880501,
  "aux_loss": 0.40024644762277606,
  "aux_loss_alpha": 0.05
}