{
  "experiment": "Exp-3",
  "epoch": 0,
  "step": 7600,
  "expert_load": [
    829463.0,
    806508.0,
    825822.0,
    808607.0
  ],
  "cv": 0.012416620721089011,
  "max_mean_ratio": 1.0145095401174045,
  "aux_loss": 0.40251045674085617,
  "aux_loss_alpha": 0.05
}