{
  "experiment": "Exp-3",
  "epoch": 0,
  "step": 400,
  "expert_load": [
    803950.0,
    821552.0,
    808099.0,
    836799.0
  ],
  "cv": 0.015720555255090928,
  "max_mean_ratio": 1.0234821428571304,
  "aux_loss": 0.40710360556840897,
  "aux_loss_alpha": 0.05
}