{
  "experiment": "Exp-3",
  "epoch": 1,
  "step": 800,
  "expert_load": [
    814745.0,
    821146.0,
    809069.0,
    825440.0
  ],
  "cv": 0.007612917427913923,
  "max_mean_ratio": 1.009589041095878,
  "aux_loss": 0.40090170651674273,
  "aux_loss_alpha": 0.05
}