{
  "experiment": "Exp-3",
  "epoch": 1,
  "step": 17100,
  "expert_load": [
    818661.0,
    819065.0,
    815958.0,
    816716.0
  ],
  "cv": 0.0015887919983984945,
  "max_mean_ratio": 1.0017918297455846,
  "aux_loss": 0.40054021805524825,
  "aux_loss_alpha": 0.05
}