{
  "experiment": "Exp-3",
  "epoch": 1,
  "step": 8100,
  "expert_load": [
    814568.0,
    823521.0,
    818709.0,
    813602.0
  ],
  "cv": 0.004794502930165211,
  "max_mean_ratio": 1.0072419275929427,
  "aux_loss": 0.4007762548327446,
  "aux_loss_alpha": 0.05
}