{
  "experiment": "Exp-3",
  "epoch": 0,
  "step": 2900,
  "expert_load": [
    814442.0,
    815407.0,
    816932.0,
    823619.0
  ],
  "cv": 0.004386826905252362,
  "max_mean_ratio": 1.0073617906066412,
  "aux_loss": 0.40385751813650134,
  "aux_loss_alpha": 0.05
}