{
  "experiment": "Exp-3",
  "epoch": 0,
  "step": 40000,
  "expert_load": [
    806665.0,
    831684.0,
    817570.0,
    814481.0
  ],
  "cv": 0.011069866262536558,
  "max_mean_ratio": 1.0172260273972478,
  "aux_loss": 0.4009303203225136,
  "aux_loss_alpha": 0.05
}