{
  "experiment": "Exp-3",
  "epoch": 1,
  "step": 35600,
  "expert_load": [
    814355.0,
    812834.0,
    817773.0,
    825438.0
  ],
  "cv": 0.005951475378585116,
  "max_mean_ratio": 1.009586594911925,
  "aux_loss": 0.40025657206773757,
  "aux_loss_alpha": 0.05
}