{
  "experiment": "Exp-3",
  "epoch": 1,
  "step": 35200,
  "expert_load": [
    820071.0,
    811773.0,
    826839.0,
    811717.0
  ],
  "cv": 0.007736203665835889,
  "max_mean_ratio": 1.0113001467710248,
  "aux_loss": 0.4003796249628067,
  "aux_loss_alpha": 0.05
}