{
  "experiment": "Exp-3",
  "epoch": 1,
  "step": 33400,
  "expert_load": [
    814401.0,
    825202.0,
    816630.0,
    814167.0
  ],
  "cv": 0.005495427499311943,
  "max_mean_ratio": 1.0092979452054671,
  "aux_loss": 0.4003635874390602,
  "aux_loss_alpha": 0.05
}