{
  "experiment": "Exp-3",
  "epoch": 0,
  "step": 5600,
  "expert_load": [
    825391.0,
    825721.0,
    810179.0,
    809109.0
  ],
  "cv": 0.009742959576810057,
  "max_mean_ratio": 1.0099327299412793,
  "aux_loss": 0.4028985497355461,
  "aux_loss_alpha": 0.05
}