{
  "experiment": "Exp-3",
  "epoch": 0,
  "step": 35500,
  "expert_load": [
    821764.0,
    816062.0,
    806844.0,
    825730.0
  ],
  "cv": 0.008680781832879663,
  "max_mean_ratio": 1.0099437377690679,
  "aux_loss": 0.40103777319192885,
  "aux_loss_alpha": 0.05
}