{
  "experiment": "Exp-3",
  "epoch": 0,
  "step": 14900,
  "expert_load": [
    812093.0,
    820274.0,
    830910.0,
    807123.0
  ],
  "cv": 0.011014637209897737,
  "max_mean_ratio": 1.016279354207424,
  "aux_loss": 0.4018099430203438,
  "aux_loss_alpha": 0.05
}