{
  "experiment": "Exp-3",
  "epoch": 1,
  "step": 44000,
  "expert_load": [
    822778.0,
    817700.0,
    816373.0,
    813549.0
  ],
  "cv": 0.004090406563417269,
  "max_mean_ratio": 1.0063331702543907,
  "aux_loss": 0.40030397713184357,
  "aux_loss_alpha": 0.05
}