{
  "experiment": "Exp-3",
  "epoch": 0,
  "step": 17400,
  "expert_load": [
    814413.0,
    819196.0,
    817514.0,
    819277.0
  ],
  "cv": 0.0024095152315561255,
  "max_mean_ratio": 1.002051125244606,
  "aux_loss": 0.4018158432841301,
  "aux_loss_alpha": 0.05
}