{
  "experiment": "Exp-3",
  "epoch": 1,
  "step": 13300,
  "expert_load": [
    821879.0,
    811703.0,
    822445.0,
    814373.0
  ],
  "cv": 0.0057032032348871,
  "max_mean_ratio": 1.0059258806262108,
  "aux_loss": 0.40068127304315565,
  "aux_loss_alpha": 0.05
}