{
  "experiment": "Exp-3",
  "epoch": 0,
  "step": 29100,
  "expert_load": [
    819265.0,
    825445.0,
    812327.0,
    813363.0
  ],
  "cv": 0.006416074749074958,
  "max_mean_ratio": 1.0095951565557606,
  "aux_loss": 0.40121750116348265,
  "aux_loss_alpha": 0.05
}