{
  "experiment": "Exp-3",
  "epoch": 1,
  "step": 9400,
  "expert_load": [
    815439.0,
    824908.0,
    814834.0,
    815219.0
  ],
  "cv": 0.005167353979062131,
  "max_mean_ratio": 1.0089383561643712,
  "aux_loss": 0.4005790701508522,
  "aux_loss_alpha": 0.05
}