{
  "experiment": "Exp-3",
  "epoch": 0,
  "step": 31400,
  "expert_load": [
    819019.0,
    825926.0,
    810966.0,
    814489.0
  ],
  "cv": 0.006837951301828439,
  "max_mean_ratio": 1.010183463796465,
  "aux_loss": 0.40119839370250704,
  "aux_loss_alpha": 0.05
}