{
  "experiment": "Exp-3",
  "epoch": 1,
  "step": 36400,
  "expert_load": [
    814405.0,
    813313.0,
    819478.0,
    823204.0
  ],
  "cv": 0.004873913729494039,
  "max_mean_ratio": 1.0068542074363869,
  "aux_loss": 0.40031771302223207,
  "aux_loss_alpha": 0.05
}