{
  "experiment": "Exp-3",
  "epoch": 1,
  "step": 13500,
  "expert_load": [
    811632.0,
    825023.0,
    818303.0,
    815442.0
  ],
  "cv": 0.00598781637949479,
  "max_mean_ratio": 1.0090790117416706,
  "aux_loss": 0.40050359547138215,
  "aux_loss_alpha": 0.05
}