{
  "experiment": "Exp-3",
  "epoch": 0,
  "step": 19600,
  "expert_load": [
    811870.0,
    825574.0,
    808592.0,
    824364.0
  ],
  "cv": 0.00913874258500478,
  "max_mean_ratio": 1.0097529354207313,
  "aux_loss": 0.4017719155550003,
  "aux_loss_alpha": 0.05
}