{
  "experiment": "Exp-3",
  "epoch": 1,
  "step": 41000,
  "expert_load": [
    811357.0,
    825527.0,
    820065.0,
    813451.0
  ],
  "cv": 0.006840103059832047,
  "max_mean_ratio": 1.009695450097835,
  "aux_loss": 0.4003623875975609,
  "aux_loss_alpha": 0.05
}