{
  "experiment": "Exp-3",
  "epoch": 0,
  "step": 33200,
  "expert_load": [
    814154.0,
    818448.0,
    809075.0,
    828723.0
  ],
  "cv": 0.00884082294023656,
  "max_mean_ratio": 1.013604452054782,
  "aux_loss": 0.4011836960911751,
  "aux_loss_alpha": 0.05
}