{
  "experiment": "Exp-3",
  "epoch": 0,
  "step": 10600,
  "expert_load": [
    802830.0,
    829266.0,
    804803.0,
    833501.0
  ],
  "cv": 0.016979114510075013,
  "max_mean_ratio": 1.0194483855185785,
  "aux_loss": 0.40219507217407224,
  "aux_loss_alpha": 0.05
}