{
  "experiment": "Exp-3",
  "epoch": 0,
  "step": 41200,
  "expert_load": [
    807630.0,
    822547.0,
    825816.0,
    814407.0
  ],
  "cv": 0.00868248030630799,
  "max_mean_ratio": 1.0100489236790482,
  "aux_loss": 0.40097657203674314,
  "aux_loss_alpha": 0.05
}