{
  "experiment": "Exp-3",
  "epoch": 0,
  "step": 16500,
  "expert_load": [
    815605.0,
    824809.0,
    815762.0,
    814224.0
  ],
  "cv": 0.005143000832275806,
  "max_mean_ratio": 1.0088172700586961,
  "aux_loss": 0.4016775694489479,
  "aux_loss_alpha": 0.05
}