{
  "experiment": "Exp-3",
  "epoch": 1,
  "step": 2200,
  "expert_load": [
    820349.0,
    820649.0,
    815413.0,
    813989.0
  ],
  "cv": 0.0036011539466693234,
  "max_mean_ratio": 1.0037292074363868,
  "aux_loss": 0.4008981269598007,
  "aux_loss_alpha": 0.05
}