{
  "experiment": "Exp-3",
  "epoch": 0,
  "step": 15200,
  "expert_load": [
    822341.0,
    823917.0,
    810129.0,
    814013.0
  ],
  "cv": 0.007001172567766854,
  "max_mean_ratio": 1.0077262720156432,
  "aux_loss": 0.4018098059296608,
  "aux_loss_alpha": 0.05
}