{
  "experiment": "Exp-3",
  "epoch": 1,
  "step": 39500,
  "expert_load": [
    815816.0,
    826636.0,
    815838.0,
    812110.0
  ],
  "cv": 0.0066452480248974845,
  "max_mean_ratio": 1.011051859099792,
  "aux_loss": 0.40017776876688005,
  "aux_loss_alpha": 0.05
}