{
  "experiment": "Exp-3",
  "epoch": 1,
  "step": 23100,
  "expert_load": [
    817480.0,
    816325.0,
    824752.0,
    811843.0
  ],
  "cv": 0.00566907311605607,
  "max_mean_ratio": 1.0087475538160346,
  "aux_loss": 0.40030609369277953,
  "aux_loss_alpha": 0.05
}