{
  "experiment": "Exp-3",
  "epoch": 1,
  "step": 22600,
  "expert_load": [
    811410.0,
    828821.0,
    811409.0,
    818760.0
  ],
  "cv": 0.008732504648704944,
  "max_mean_ratio": 1.0137243150684807,
  "aux_loss": 0.4006376513838768,
  "aux_loss_alpha": 0.05
}