{
  "experiment": "Exp-3",
  "epoch": 1,
  "step": 5700,
  "expert_load": [
    811974.0,
    823191.0,
    795787.0,
    839448.0
  ],
  "cv": 0.01949338909231263,
  "max_mean_ratio": 1.0267221135029228,
  "aux_loss": 0.40099685579538347,
  "aux_loss_alpha": 0.05
}