{
  "experiment": "Exp-3",
  "epoch": 0,
  "step": 23900,
  "expert_load": [
    814023.0,
    826416.0,
    818983.0,
    810978.0
  ],
  "cv": 0.007139137701045656,
  "max_mean_ratio": 1.0107827788649584,
  "aux_loss": 0.40168126195669174,
  "aux_loss_alpha": 0.05
}