{
  "experiment": "Exp-3",
  "epoch": 1,
  "step": 18100,
  "expert_load": [
    814915.0,
    824837.0,
    816505.0,
    814143.0
  ],
  "cv": 0.005215496503676856,
  "max_mean_ratio": 1.0088515166340386,
  "aux_loss": 0.4005321192741394,
  "aux_loss_alpha": 0.05
}