{
  "experiment": "Exp-3",
  "epoch": 0,
  "step": 8200,
  "expert_load": [
    802959.0,
    822097.0,
    823444.0,
    821900.0
  ],
  "cv": 0.010364291495306257,
  "max_mean_ratio": 1.0071477495107508,
  "aux_loss": 0.4020121505856514,
  "aux_loss_alpha": 0.05
}