{
  "experiment": "Exp-3",
  "epoch": 1,
  "step": 19700,
  "expert_load": [
    819662.0,
    820321.0,
    820743.0,
    809674.0
  ],
  "cv": 0.005616763239970577,
  "max_mean_ratio": 1.0038441780821794,
  "aux_loss": 0.40059292912483213,
  "aux_loss_alpha": 0.05
}