{
  "experiment": "Exp-3",
  "epoch": 0,
  "step": 40500,
  "expert_load": [
    822957.0,
    813305.0,
    813846.0,
    820292.0
  ],
  "cv": 0.005060847034193003,
  "max_mean_ratio": 1.0065521037181873,
  "aux_loss": 0.4011068144440651,
  "aux_loss_alpha": 0.05
}