{
  "experiment": "Exp-3",
  "epoch": 1,
  "step": 43000,
  "expert_load": [
    814363.0,
    817350.0,
    824861.0,
    813826.0
  ],
  "cv": 0.00538389261921318,
  "max_mean_ratio": 1.008880870841475,
  "aux_loss": 0.4003402921557426,
  "aux_loss_alpha": 0.05
}