{
  "experiment": "Exp-3",
  "epoch": 0,
  "step": 3400,
  "expert_load": [
    808253.0,
    822878.0,
    820991.0,
    818278.0
  ],
  "cv": 0.006896716451924757,
  "max_mean_ratio": 1.0064554794520424,
  "aux_loss": 0.40350472182035446,
  "aux_loss_alpha": 0.05
}