{
  "experiment": "Exp-3",
  "epoch": 1,
  "step": 700,
  "expert_load": [
    822634.0,
    815835.0,
    818148.0,
    813783.0
  ],
  "cv": 0.004025355747767808,
  "max_mean_ratio": 1.0061570450097723,
  "aux_loss": 0.400799520611763,
  "aux_loss_alpha": 0.05
}