{
  "experiment": "Exp-3",
  "epoch": 0,
  "step": 21100,
  "expert_load": [
    803270.0,
    821710.0,
    818044.0,
    827376.0
  ],
  "cv": 0.010905569416202777,
  "max_mean_ratio": 1.0119569471624141,
  "aux_loss": 0.4015338858962059,
  "aux_loss_alpha": 0.05
}