{
  "experiment": "Exp-3",
  "epoch": 1,
  "step": 11500,
  "expert_load": [
    804049.0,
    826922.0,
    810483.0,
    828946.0
  ],
  "cv": 0.012971590344453119,
  "max_mean_ratio": 1.0138772015655453,
  "aux_loss": 0.40058576583862304,
  "aux_loss_alpha": 0.05
}