{
  "experiment": "Exp-3",
  "epoch": 0,
  "step": 12000,
  "expert_load": [
    824712.0,
    819470.0,
    816934.0,
    809284.0
  ],
  "cv": 0.006801008907549452,
  "max_mean_ratio": 1.008698630136974,
  "aux_loss": 0.40222432255744933,
  "aux_loss_alpha": 0.05
}