{
  "experiment": "Exp-3",
  "epoch": 0,
  "step": 12700,
  "expert_load": [
    825276.0,
    819317.0,
    807114.0,
    818693.0
  ],
  "cv": 0.00804409437683454,
  "max_mean_ratio": 1.0093884540117293,
  "aux_loss": 0.40197781085968015,
  "aux_loss_alpha": 0.05
}