{
  "experiment": "Exp-3",
  "epoch": 0,
  "step": 2700,
  "expert_load": [
    813394.0,
    816874.0,
    813128.0,
    827004.0
  ],
  "cv": 0.006882311080066574,
  "max_mean_ratio": 1.01150195694715,
  "aux_loss": 0.4033600714802742,
  "aux_loss_alpha": 0.05
}