{
  "experiment": "Exp-3",
  "epoch": 0,
  "step": 24000,
  "expert_load": [
    819853.0,
    817683.0,
    811288.0,
    821576.0
  ],
  "cv": 0.004765854926958418,
  "max_mean_ratio": 1.0048630136986179,
  "aux_loss": 0.4019345811009407,
  "aux_loss_alpha": 0.05
}