{
  "experiment": "Exp-3",
  "epoch": 0,
  "step": 7700,
  "expert_load": [
    808710.0,
    828248.0,
    813786.0,
    819656.0
  ],
  "cv": 0.008887127243609235,
  "max_mean_ratio": 1.0130234833659366,
  "aux_loss": 0.4022531023621559,
  "aux_loss_alpha": 0.05
}