{
  "experiment": "Exp-3",
  "epoch": 1,
  "step": 9200,
  "expert_load": [
    827620.0,
    812296.0,
    824715.0,
    805769.0
  ],
  "cv": 0.010924761449287414,
  "max_mean_ratio": 1.0122553816046842,
  "aux_loss": 0.4006551679968834,
  "aux_loss_alpha": 0.05
}