{
  "experiment": "Exp-3",
  "epoch": 1,
  "step": 1900,
  "expert_load": [
    807550.0,
    827978.0,
    822180.0,
    812692.0
  ],
  "cv": 0.009742030313570087,
  "max_mean_ratio": 1.0126932485322773,
  "aux_loss": 0.4007707464694977,
  "aux_loss_alpha": 0.05
}