{
  "experiment": "Exp-3",
  "epoch": 0,
  "step": 6100,
  "expert_load": [
    818295.0,
    830423.0,
    805401.0,
    816281.0
  ],
  "cv": 0.010861919126865082,
  "max_mean_ratio": 1.0156837084148604,
  "aux_loss": 0.40271395176649094,
  "aux_loss_alpha": 0.05
}