{
  "experiment": "Exp-3",
  "epoch": 0,
  "step": 26500,
  "expert_load": [
    807103.0,
    811452.0,
    821787.0,
    830058.0
  ],
  "cv": 0.010951927468734577,
  "max_mean_ratio": 1.0152372798434317,
  "aux_loss": 0.40129592180252077,
  "aux_loss_alpha": 0.05
}