{
  "experiment": "Exp-3",
  "epoch": 0,
  "step": 9100,
  "expert_load": [
    817446.0,
    823778.0,
    813199.0,
    815977.0
  ],
  "cv": 0.004744679848508534,
  "max_mean_ratio": 1.0075562622309073,
  "aux_loss": 0.4020725014805794,
  "aux_loss_alpha": 0.05
}