{
  "experiment": "Exp-3",
  "epoch": 1,
  "step": 29500,
  "expert_load": [
    814352.0,
    820334.0,
    808732.0,
    826982.0
  ],
  "cv": 0.008310898633385723,
  "max_mean_ratio": 1.0114750489236666,
  "aux_loss": 0.40042318880558014,
  "aux_loss_alpha": 0.05
}