{
  "experiment": "Exp-3",
  "epoch": 1,
  "step": 9300,
  "expert_load": [
    822917.0,
    809782.0,
    823961.0,
    813740.0
  ],
  "cv": 0.007357727767436615,
  "max_mean_ratio": 1.00778008806261,
  "aux_loss": 0.40060820132493974,
  "aux_loss_alpha": 0.05
}