{
  "experiment": "Exp-3",
  "epoch": 1,
  "step": 36600,
  "expert_load": [
    817552.0,
    818531.0,
    815900.0,
    818417.0
  ],
  "cv": 0.001286654686974437,
  "max_mean_ratio": 1.0011386986301247,
  "aux_loss": 0.4003241240978241,
  "aux_loss_alpha": 0.05
}