{
  "experiment": "Exp-3",
  "epoch": 1,
  "step": 10200,
  "expert_load": [
    806118.0,
    819276.0,
    823423.0,
    821583.0
  ],
  "cv": 0.008304805867592548,
  "max_mean_ratio": 1.007122064579244,
  "aux_loss": 0.4006622153520584,
  "aux_loss_alpha": 0.05
}