{
  "experiment": "Exp-3",
  "epoch": 1,
  "step": 25600,
  "expert_load": [
    819769.0,
    813935.0,
    827345.0,
    809351.0
  ],
  "cv": 0.008230868524301207,
  "max_mean_ratio": 1.0119190313111421,
  "aux_loss": 0.4003351253271103,
  "aux_loss_alpha": 0.05
}