{
  "experiment": "Exp-3",
  "epoch": 1,
  "step": 38200,
  "expert_load": [
    805172.0,
    827453.0,
    814976.0,
    822799.0
  ],
  "cv": 0.010332264163022745,
  "max_mean_ratio": 1.012051125244606,
  "aux_loss": 0.40008284330368044,
  "aux_loss_alpha": 0.05
}