{
  "experiment": "Exp-3",
  "epoch": 1,
  "step": 32800,
  "expert_load": [
    802200.0,
    824972.0,
    819382.0,
    823846.0
  ],
  "cv": 0.011171296897932838,
  "max_mean_ratio": 1.0090166340508682,
  "aux_loss": 0.4005184292793274,
  "aux_loss_alpha": 0.05
}