{
  "experiment": "Exp-3",
  "epoch": 0,
  "step": 2000,
  "expert_load": [
    811892.0,
    824159.0,
    822611.0,
    811738.0
  ],
  "cv": 0.007107493182217685,
  "max_mean_ratio": 1.0080222602739604,
  "aux_loss": 0.40343226909637453,
  "aux_loss_alpha": 0.05
}