{
  "experiment": "Exp-3",
  "epoch": 1,
  "step": 14300,
  "expert_load": [
    811681.0,
    825337.0,
    818606.0,
    814776.0
  ],
  "cv": 0.006233052890128043,
  "max_mean_ratio": 1.009463062622297,
  "aux_loss": 0.40056603103876115,
  "aux_loss_alpha": 0.05
}