{
  "experiment": "Exp-3",
  "epoch": 0,
  "step": 9500,
  "expert_load": [
    828859.0,
    816818.0,
    817801.0,
    806922.0
  ],
  "cv": 0.009502344299435733,
  "max_mean_ratio": 1.0137707925635884,
  "aux_loss": 0.40223293721675873,
  "aux_loss_alpha": 0.05
}