{
  "experiment": "Exp-3",
  "epoch": 0,
  "step": 7200,
  "expert_load": [
    826737.0,
    811656.0,
    816574.0,
    815433.0
  ],
  "cv": 0.006825369818103206,
  "max_mean_ratio": 1.0111753913894201,
  "aux_loss": 0.4025186404585838,
  "aux_loss_alpha": 0.05
}