{
  "experiment": "Exp-3",
  "epoch": 1,
  "step": 22900,
  "expert_load": [
    818292.0,
    819758.0,
    813514.0,
    818836.0
  ],
  "cv": 0.0029556668574562384,
  "max_mean_ratio": 1.0026394324853105,
  "aux_loss": 0.40043832778930666,
  "aux_loss_alpha": 0.05
}