{
  "experiment": "Exp-3",
  "epoch": 0,
  "step": 27300,
  "expert_load": [
    813270.0,
    815741.0,
    823899.0,
    817490.0
  ],
  "cv": 0.004811210856278989,
  "max_mean_ratio": 1.007704256360066,
  "aux_loss": 0.4013122907280922,
  "aux_loss_alpha": 0.05
}