{
  "experiment": "Exp-3",
  "epoch": 0,
  "step": 35900,
  "expert_load": [
    803195.0,
    831787.0,
    817942.0,
    817476.0
  ],
  "cv": 0.012366350924198723,
  "max_mean_ratio": 1.017352005870829,
  "aux_loss": 0.4011540898680687,
  "aux_loss_alpha": 0.05
}