{
  "experiment": "Exp-3",
  "epoch": 0,
  "step": 15800,
  "expert_load": [
    821448.0,
    822224.0,
    817260.0,
    809468.0
  ],
  "cv": 0.0061894223088153595,
  "max_mean_ratio": 1.0056555772994007,
  "aux_loss": 0.40191637456417084,
  "aux_loss_alpha": 0.05
}