{
  "experiment": "Exp-3",
  "epoch": 1,
  "step": 10700,
  "expert_load": [
    817950.0,
    827257.0,
    812434.0,
    812759.0
  ],
  "cv": 0.007325876015739575,
  "max_mean_ratio": 1.0118113992172086,
  "aux_loss": 0.4008488351106644,
  "aux_loss_alpha": 0.05
}