{
  "experiment": "Exp-3",
  "epoch": 0,
  "step": 19800,
  "expert_load": [
    811105.0,
    817863.0,
    816806.0,
    824626.0
  ],
  "cv": 0.005873685415010325,
  "max_mean_ratio": 1.0085934442269935,
  "aux_loss": 0.401807589828968,
  "aux_loss_alpha": 0.05
}