{
  "experiment": "Exp-3",
  "epoch": 0,
  "step": 32500,
  "expert_load": [
    815943.0,
    822924.0,
    819687.0,
    811846.0
  ],
  "cv": 0.005063464021029476,
  "max_mean_ratio": 1.0065117416829623,
  "aux_loss": 0.4012059459090233,
  "aux_loss_alpha": 0.05
}