{
  "experiment": "Exp-3",
  "epoch": 0,
  "step": 3300,
  "expert_load": [
    816737.0,
    829389.0,
    806731.0,
    817543.0
  ],
  "cv": 0.009820287894829258,
  "max_mean_ratio": 1.014419031311142,
  "aux_loss": 0.4032023152709007,
  "aux_loss_alpha": 0.05
}