{
  "experiment": "Exp-3",
  "epoch": 1,
  "step": 15200,
  "expert_load": [
    820192.0,
    821695.0,
    807076.0,
    821437.0
  ],
  "cv": 0.007463984480109376,
  "max_mean_ratio": 1.0050085616438234,
  "aux_loss": 0.400542094707489,
  "aux_loss_alpha": 0.05
}