{
  "experiment": "Exp-3",
  "epoch": 0,
  "step": 9000,
  "expert_load": [
    801756.0,
    828288.0,
    814467.0,
    825889.0
  ],
  "cv": 0.012883009341364812,
  "max_mean_ratio": 1.0130724070449975,
  "aux_loss": 0.4021477946639061,
  "aux_loss_alpha": 0.05
}