{
  "experiment": "Exp-3",
  "epoch": 0,
  "step": 17700,
  "expert_load": [
    815170.0,
    820741.0,
    818674.0,
    815815.0
  ],
  "cv": 0.002742460366564454,
  "max_mean_ratio": 1.0038417318982265,
  "aux_loss": 0.40173395723104477,
  "aux_loss_alpha": 0.05
}