{
  "experiment": "Exp-3",
  "epoch": 1,
  "step": 30300,
  "expert_load": [
    817791.0,
    821011.0,
    815999.0,
    815599.0
  ],
  "cv": 0.002611709863472326,
  "max_mean_ratio": 1.004171966731886,
  "aux_loss": 0.4003130987286568,
  "aux_loss_alpha": 0.05
}