{
  "experiment": "Exp-3",
  "epoch": 0,
  "step": 17600,
  "expert_load": [
    821935.0,
    826282.0,
    812658.0,
    809525.0
  ],
  "cv": 0.008290866321780109,
  "max_mean_ratio": 1.010618884540105,
  "aux_loss": 0.4014994078874588,
  "aux_loss_alpha": 0.05
}