{
  "experiment": "Exp-3",
  "epoch": 0,
  "step": 29000,
  "expert_load": [
    808930.0,
    820694.0,
    819311.0,
    821465.0
  ],
  "cv": 0.006194675990513317,
  "max_mean_ratio": 1.0047272504892244,
  "aux_loss": 0.40108354240655897,
  "aux_loss_alpha": 0.05
}