{
  "experiment": "Exp-3",
  "epoch": 1,
  "step": 31400,
  "expert_load": [
    817693.0,
    823485.0,
    821497.0,
    807725.0
  ],
  "cv": 0.007423274269775778,
  "max_mean_ratio": 1.007197896281788,
  "aux_loss": 0.4003004479408264,
  "aux_loss_alpha": 0.05
}