{
  "experiment": "Exp-3",
  "epoch": 0,
  "step": 28700,
  "expert_load": [
    807429.0,
    821275.0,
    817048.0,
    824648.0
  ],
  "cv": 0.00790135094330959,
  "max_mean_ratio": 1.0086203522504769,
  "aux_loss": 0.40133538663387297,
  "aux_loss_alpha": 0.05
}