{
  "experiment": "Exp-3",
  "epoch": 1,
  "step": 24600,
  "expert_load": [
    832642.0,
    811998.0,
    810317.0,
    815443.0
  ],
  "cv": 0.010859701078231887,
  "max_mean_ratio": 1.0183977495107508,
  "aux_loss": 0.4004994335770607,
  "aux_loss_alpha": 0.05
}