{
  "experiment": "Exp-3",
  "epoch": 1,
  "step": 18800,
  "expert_load": [
    812280.0,
    820123.0,
    821234.0,
    816763.0
  ],
  "cv": 0.004262192757862136,
  "max_mean_ratio": 1.004444716242649,
  "aux_loss": 0.40046794921159745,
  "aux_loss_alpha": 0.05
}