{
  "experiment": "Exp-3",
  "epoch": 1,
  "step": 43900,
  "expert_load": [
    820167.0,
    823485.0,
    820885.0,
    805863.0
  ],
  "cv": 0.008424500467259254,
  "max_mean_ratio": 1.007197896281788,
  "aux_loss": 0.4003143259882927,
  "aux_loss_alpha": 0.05
}