{
  "experiment": "Exp-3",
  "epoch": 0,
  "step": 28000,
  "expert_load": [
    828940.0,
    816295.0,
    813227.0,
    811938.0
  ],
  "cv": 0.008238411920177859,
  "max_mean_ratio": 1.0138698630136862,
  "aux_loss": 0.4015054979920387,
  "aux_loss_alpha": 0.05
}