{
  "experiment": "Exp-3",
  "epoch": 1,
  "step": 35900,
  "expert_load": [
    820309.0,
    808955.0,
    819905.0,
    821231.0
  ],
  "cv": 0.006132921789956811,
  "max_mean_ratio": 1.0044410469667195,
  "aux_loss": 0.40036823630332946,
  "aux_loss_alpha": 0.05
}