{
  "experiment": "Exp-3",
  "epoch": 1,
  "step": 35000,
  "expert_load": [
    812662.0,
    816772.0,
    815867.0,
    825099.0
  ],
  "cv": 0.005615168084370344,
  "max_mean_ratio": 1.009171966731886,
  "aux_loss": 0.4003524425625801,
  "aux_loss_alpha": 0.05
}