{
  "experiment": "Exp-3",
  "epoch": 0,
  "step": 13600,
  "expert_load": [
    819616.0,
    815223.0,
    815242.0,
    820319.0
  ],
  "cv": 0.0029115955330387363,
  "max_mean_ratio": 1.0033255870841364,
  "aux_loss": 0.40209609031677246,
  "aux_loss_alpha": 0.05
}