{
  "experiment": "Exp-3",
  "epoch": 1,
  "step": 20400,
  "expert_load": [
    817897.0,
    820916.0,
    812156.0,
    819431.0
  ],
  "cv": 0.004059935866503283,
  "max_mean_ratio": 1.0040557729941169,
  "aux_loss": 0.4003677073121071,
  "aux_loss_alpha": 0.05
}