{
  "experiment": "Exp-3",
  "epoch": 1,
  "step": 19100,
  "expert_load": [
    815860.0,
    817983.0,
    815900.0,
    820657.0
  ],
  "cv": 0.0024006228810886754,
  "max_mean_ratio": 1.003738992172199,
  "aux_loss": 0.40047613710165025,
  "aux_loss_alpha": 0.05
}