{
  "experiment": "Exp-3",
  "epoch": 1,
  "step": 37600,
  "expert_load": [
    809278.0,
    823467.0,
    813641.0,
    824014.0
  ],
  "cv": 0.0077473596024185696,
  "max_mean_ratio": 1.0078449119373654,
  "aux_loss": 0.400226548910141,
  "aux_loss_alpha": 0.05
}