{
  "experiment": "Exp-3",
  "epoch": 0,
  "step": 6700,
  "expert_load": [
    817788.0,
    816952.0,
    820391.0,
    815269.0
  ],
  "cv": 0.0022617687964392457,
  "max_mean_ratio": 1.0034136497064456,
  "aux_loss": 0.40290501087903974,
  "aux_loss_alpha": 0.05
}