{
  "experiment": "Exp-3",
  "epoch": 0,
  "step": 20500,
  "expert_load": [
    812747.0,
    820767.0,
    817644.0,
    819242.0
  ],
  "cv": 0.0036834970612348193,
  "max_mean_ratio": 1.003873532289616,
  "aux_loss": 0.40153607845306394,
  "aux_loss_alpha": 0.05
}