{
  "experiment": "Exp-3",
  "epoch": 1,
  "step": 36300,
  "expert_load": [
    818233.0,
    814177.0,
    823626.0,
    814364.0
  ],
  "cv": 0.00469347063575933,
  "max_mean_ratio": 1.0073703522504769,
  "aux_loss": 0.4002522042393684,
  "aux_loss_alpha": 0.05
}