{
  "experiment": "Exp-3",
  "epoch": 1,
  "step": 32200,
  "expert_load": [
    813407.0,
    828368.0,
    813367.0,
    815258.0
  ],
  "cv": 0.0076610462166324285,
  "max_mean_ratio": 1.0131702544031187,
  "aux_loss": 0.40042012065649035,
  "aux_loss_alpha": 0.05
}