{
  "experiment": "Exp-3",
  "epoch": 1,
  "step": 12700,
  "expert_load": [
    819386.0,
    816099.0,
    820346.0,
    814569.0
  ],
  "cv": 0.0028794839937392627,
  "max_mean_ratio": 1.0033586105675023,
  "aux_loss": 0.4006568244099617,
  "aux_loss_alpha": 0.05
}