{
  "experiment": "Exp-3",
  "epoch": 1,
  "step": 18700,
  "expert_load": [
    815960.0,
    822472.0,
    824740.0,
    807228.0
  ],
  "cv": 0.00831756412633001,
  "max_mean_ratio": 1.0087328767123165,
  "aux_loss": 0.4006208163499832,
  "aux_loss_alpha": 0.05
}