{
  "experiment": "Exp-3",
  "epoch": 0,
  "step": 8600,
  "expert_load": [
    809396.0,
    830285.0,
    810857.0,
    819862.0
  ],
  "cv": 0.010211161335386984,
  "max_mean_ratio": 1.0155149217221011,
  "aux_loss": 0.4026018020510673,
  "aux_loss_alpha": 0.05
}