{
  "experiment": "Exp-3",
  "epoch": 1,
  "step": 20100,
  "expert_load": [
    815221.0,
    824797.0,
    814362.0,
    816020.0
  ],
  "cv": 0.005132524523949607,
  "max_mean_ratio": 1.0088025929549778,
  "aux_loss": 0.4004417961835861,
  "aux_loss_alpha": 0.05
}