{
  "experiment": "Exp-3",
  "epoch": 0,
  "step": 33800,
  "expert_load": [
    803876.0,
    834082.0,
    813576.0,
    818866.0
  ],
  "cv": 0.013367559205295825,
  "max_mean_ratio": 1.0201590019569347,
  "aux_loss": 0.4011741441488266,
  "aux_loss_alpha": 0.05
}