{
  "experiment": "Exp-3",
  "epoch": 1,
  "step": 200,
  "expert_load": [
    824612.0,
    809856.0,
    826944.0,
    808988.0
  ],
  "cv": 0.010060156058891755,
  "max_mean_ratio": 1.0114285714285591,
  "aux_loss": 0.4010677519440651,
  "aux_loss_alpha": 0.05
}