{
  "experiment": "Exp-3",
  "epoch": 0,
  "step": 1200,
  "expert_load": [
    813816.0,
    822875.0,
    810892.0,
    822817.0
  ],
  "cv": 0.006539786799779763,
  "max_mean_ratio": 1.0064518101761128,
  "aux_loss": 0.40419204741716386,
  "aux_loss_alpha": 0.05
}