{
  "experiment": "Exp-3",
  "epoch": 0,
  "step": 20900,
  "expert_load": [
    817513.0,
    821535.0,
    812868.0,
    818484.0
  ],
  "cv": 0.0038026690996322615,
  "max_mean_ratio": 1.0048128669275807,
  "aux_loss": 0.40165049582719803,
  "aux_loss_alpha": 0.05
}