{
  "experiment": "Exp-3",
  "epoch": 0,
  "step": 43100,
  "expert_load": [
    825208.0,
    815960.0,
    822629.0,
    806603.0
  ],
  "cv": 0.0087942803489251,
  "max_mean_ratio": 1.0093052837573262,
  "aux_loss": 0.40105345606803894,
  "aux_loss_alpha": 0.05
}