{
  "experiment": "Exp-3",
  "epoch": 0,
  "step": 4300,
  "expert_load": [
    807677.0,
    814367.0,
    826907.0,
    821449.0
  ],
  "cv": 0.008869594267902901,
  "max_mean_ratio": 1.0113833170254278,
  "aux_loss": 0.4032080489397049,
  "aux_loss_alpha": 0.05
}