{
  "experiment": "Exp-3",
  "epoch": 0,
  "step": 19100,
  "expert_load": [
    819511.0,
    814099.0,
    820485.0,
    816305.0
  ],
  "cv": 0.003112833579225745,
  "max_mean_ratio": 1.0035286203522382,
  "aux_loss": 0.4015459322929382,
  "aux_loss_alpha": 0.05
}