{
  "experiment": "Exp-3",
  "epoch": 0,
  "step": 4500,
  "expert_load": [
    813916.0,
    822482.0,
    804616.0,
    829386.0
  ],
  "cv": 0.011357313182255854,
  "max_mean_ratio": 1.0144153620352125,
  "aux_loss": 0.40306200861930847,
  "aux_loss_alpha": 0.05
}