{
  "experiment": "Exp-3",
  "epoch": 1,
  "step": 21800,
  "expert_load": [
    818197.0,
    812550.0,
    819764.0,
    819889.0
  ],
  "cv": 0.003658114618051264,
  "max_mean_ratio": 1.0027996575342344,
  "aux_loss": 0.4005193930864334,
  "aux_loss_alpha": 0.05
}