{
  "experiment": "Exp-3",
  "epoch": 1,
  "step": 11900,
  "expert_load": [
    816651.0,
    814846.0,
    822682.0,
    816221.0
  ],
  "cv": 0.0036801392318217504,
  "max_mean_ratio": 1.0062157534246452,
  "aux_loss": 0.40068885922431946,
  "aux_loss_alpha": 0.05
}