{
  "experiment": "Exp-3",
  "epoch": 0,
  "step": 14500,
  "expert_load": [
    827559.0,
    816235.0,
    807639.0,
    818967.0
  ],
  "cv": 0.008694607908245063,
  "max_mean_ratio": 1.0121807729941168,
  "aux_loss": 0.4018599581718445,
  "aux_loss_alpha": 0.05
}