{
  "experiment": "Exp-3",
  "epoch": 1,
  "step": 27500,
  "expert_load": [
    824604.0,
    816372.0,
    811640.0,
    817784.0
  ],
  "cv": 0.0056751814093841035,
  "max_mean_ratio": 1.0085665362035101,
  "aux_loss": 0.40046415776014327,
  "aux_loss_alpha": 0.05
}