{
  "experiment": "Exp-3",
  "epoch": 0,
  "step": 23600,
  "expert_load": [
    811672.0,
    828648.0,
    817447.0,
    812633.0
  ],
  "cv": 0.008247803092702627,
  "max_mean_ratio": 1.0135127201565433,
  "aux_loss": 0.4013955968618393,
  "aux_loss_alpha": 0.05
}