{
  "experiment": "Exp-3",
  "epoch": 0,
  "step": 25900,
  "expert_load": [
    823676.0,
    809495.0,
    816938.0,
    820291.0
  ],
  "cv": 0.00642235444249931,
  "max_mean_ratio": 1.0074315068493027,
  "aux_loss": 0.40140602499246597,
  "aux_loss_alpha": 0.05
}