{
  "experiment": "Exp-3",
  "epoch": 0,
  "step": 5100,
  "expert_load": [
    827277.0,
    816409.0,
    813799.0,
    812915.0
  ],
  "cv": 0.007011732485896135,
  "max_mean_ratio": 1.011835861056739,
  "aux_loss": 0.40308575332164764,
  "aux_loss_alpha": 0.05
}