{
  "experiment": "Exp-3",
  "epoch": 0,
  "step": 29700,
  "expert_load": [
    800417.0,
    834885.0,
    812578.0,
    822520.0
  ],
  "cv": 0.015512713228886185,
  "max_mean_ratio": 1.0211411448140775,
  "aux_loss": 0.40142896950244905,
  "aux_loss_alpha": 0.05
}