{
  "experiment": "Exp-3",
  "epoch": 1,
  "step": 13200,
  "expert_load": [
    820206.0,
    812519.0,
    808280.0,
    829395.0
  ],
  "cv": 0.009834150400180286,
  "max_mean_ratio": 1.0144263698630014,
  "aux_loss": 0.4006718149781227,
  "aux_loss_alpha": 0.05
}