{
  "experiment": "Exp-3",
  "epoch": 0,
  "step": 12200,
  "expert_load": [
    806558.0,
    813788.0,
    826365.0,
    823689.0
  ],
  "cv": 0.009676316591624759,
  "max_mean_ratio": 1.010720401174156,
  "aux_loss": 0.40205169826745984,
  "aux_loss_alpha": 0.05
}