{
  "experiment": "Exp-3",
  "epoch": 1,
  "step": 23600,
  "expert_load": [
    825430.0,
    814598.0,
    815024.0,
    815348.0
  ],
  "cv": 0.00553873618288276,
  "max_mean_ratio": 1.009576810176113,
  "aux_loss": 0.40031555384397505,
  "aux_loss_alpha": 0.05
}