{
  "experiment": "Exp-3",
  "epoch": 1,
  "step": 29000,
  "expert_load": [
    820227.0,
    820808.0,
    819239.0,
    810126.0
  ],
  "cv": 0.005322185598474128,
  "max_mean_ratio": 1.0039236790606532,
  "aux_loss": 0.400456081032753,
  "aux_loss_alpha": 0.05
}