{
  "experiment": "Exp-3",
  "epoch": 0,
  "step": 29400,
  "expert_load": [
    820983.0,
    817114.0,
    806600.0,
    825703.0
  ],
  "cv": 0.00861258908027295,
  "max_mean_ratio": 1.009910714285702,
  "aux_loss": 0.4014133077859878,
  "aux_loss_alpha": 0.05
}