{
  "experiment": "Exp-3",
  "epoch": 0,
  "step": 22100,
  "expert_load": [
    813646.0,
    829727.0,
    807392.0,
    819635.0
  ],
  "cv": 0.010068110934442147,
  "max_mean_ratio": 1.0148324363992047,
  "aux_loss": 0.40163625419139865,
  "aux_loss_alpha": 0.05
}