{
  "experiment": "Exp-3",
  "epoch": 0,
  "step": 38300,
  "expert_load": [
    818482.0,
    822375.0,
    814863.0,
    814680.0
  ],
  "cv": 0.0038481803043014145,
  "max_mean_ratio": 1.0058402641878545,
  "aux_loss": 0.4009944859147072,
  "aux_loss_alpha": 0.05
}