{
  "experiment": "Exp-3",
  "epoch": 1,
  "step": 36500,
  "expert_load": [
    819933.0,
    820540.0,
    815813.0,
    814114.0
  ],
  "cv": 0.0033177176100400154,
  "max_mean_ratio": 1.0035958904109465,
  "aux_loss": 0.4003158640861511,
  "aux_loss_alpha": 0.05
}