{
  "experiment": "Exp-3",
  "epoch": 0,
  "step": 33400,
  "expert_load": [
    820734.0,
    812708.0,
    816915.0,
    820043.0
  ],
  "cv": 0.003876984180069669,
  "max_mean_ratio": 1.0038331702543908,
  "aux_loss": 0.40134835183620454,
  "aux_loss_alpha": 0.05
}