{
  "experiment": "Exp-3",
  "epoch": 1,
  "step": 28900,
  "expert_load": [
    812835.0,
    814695.0,
    819620.0,
    823250.0
  ],
  "cv": 0.005011213866231898,
  "max_mean_ratio": 1.0069104696673066,
  "aux_loss": 0.4004111823439598,
  "aux_loss_alpha": 0.05
}