{
  "experiment": "Exp-3",
  "epoch": 1,
  "step": 3900,
  "expert_load": [
    828232.0,
    811376.0,
    814597.0,
    816195.0
  ],
  "cv": 0.007802177772596529,
  "max_mean_ratio": 1.0130039138943125,
  "aux_loss": 0.40084114372730256,
  "aux_loss_alpha": 0.05
}