{
  "experiment": "Exp-3",
  "epoch": 1,
  "step": 5400,
  "expert_load": [
    809318.0,
    828108.0,
    819986.0,
    812988.0
  ],
  "cv": 0.008776763497966501,
  "max_mean_ratio": 1.0128522504892243,
  "aux_loss": 0.4009074455499649,
  "aux_loss_alpha": 0.05
}