{
  "experiment": "Exp-3",
  "epoch": 1,
  "step": 40600,
  "expert_load": [
    809010.0,
    827438.0,
    813687.0,
    820265.0
  ],
  "cv": 0.008495607021503381,
  "max_mean_ratio": 1.0120327788649583,
  "aux_loss": 0.4002053493261337,
  "aux_loss_alpha": 0.05
}