{
  "experiment": "Exp-3",
  "epoch": 0,
  "step": 24300,
  "expert_load": [
    812646.0,
    829435.0,
    805594.0,
    822725.0
  ],
  "cv": 0.011193447523620826,
  "max_mean_ratio": 1.014475293542062,
  "aux_loss": 0.40151164054870603,
  "aux_loss_alpha": 0.05
}