{
  "experiment": "Exp-3",
  "epoch": 1,
  "step": 10300,
  "expert_load": [
    815376.0,
    813144.0,
    818564.0,
    823316.0
  ],
  "cv": 0.004673590613437901,
  "max_mean_ratio": 1.0069911937377567,
  "aux_loss": 0.400706687271595,
  "aux_loss_alpha": 0.05
}