{
  "experiment": "Exp-3",
  "epoch": 0,
  "step": 42300,
  "expert_load": [
    809770.0,
    833802.0,
    818251.0,
    808577.0
  ],
  "cv": 0.01231702830693478,
  "max_mean_ratio": 1.01981653620351,
  "aux_loss": 0.4010970565676689,
  "aux_loss_alpha": 0.05
}