{
  "experiment": "Exp-3",
  "epoch": 1,
  "step": 25000,
  "expert_load": [
    813406.0,
    835676.0,
    799279.0,
    822039.0
  ],
  "cv": 0.01617646159491174,
  "max_mean_ratio": 1.0221086105675021,
  "aux_loss": 0.4004106843471527,
  "aux_loss_alpha": 0.05
}