{
  "experiment": "Exp-3",
  "epoch": 1,
  "step": 20500,
  "expert_load": [
    814017.0,
    822789.0,
    820072.0,
    813522.0
  ],
  "cv": 0.004834868548667535,
  "max_mean_ratio": 1.0063466242661325,
  "aux_loss": 0.4005438509583473,
  "aux_loss_alpha": 0.05
}