{
  "experiment": "Exp-3",
  "epoch": 0,
  "step": 38200,
  "expert_load": [
    819787.0,
    817251.0,
    813811.0,
    819551.0
  ],
  "cv": 0.002937184313272041,
  "max_mean_ratio": 1.0026749021526296,
  "aux_loss": 0.4009385618567467,
  "aux_loss_alpha": 0.05
}