{
  "experiment": "Exp-3",
  "epoch": 0,
  "step": 38900,
  "expert_load": [
    820038.0,
    821266.0,
    822563.0,
    806533.0
  ],
  "cv": 0.007890916439884934,
  "max_mean_ratio": 1.0060702054794397,
  "aux_loss": 0.4009071451425552,
  "aux_loss_alpha": 0.05
}