{
  "experiment": "Exp-3",
  "epoch": 0,
  "step": 10800,
  "expert_load": [
    811820.0,
    818899.0,
    824669.0,
    815012.0
  ],
  "cv": 0.005858224767994669,
  "max_mean_ratio": 1.0086460371819836,
  "aux_loss": 0.40238122701644896,
  "aux_loss_alpha": 0.05
}