{
  "experiment": "Exp-3",
  "epoch": 0,
  "step": 21700,
  "expert_load": [
    819463.0,
    813971.0,
    821650.0,
    815316.0
  ],
  "cv": 0.0037826762040766722,
  "max_mean_ratio": 1.00495352250488,
  "aux_loss": 0.4017333054542542,
  "aux_loss_alpha": 0.05
}