{
  "experiment": "Exp-3",
  "epoch": 1,
  "step": 25900,
  "expert_load": [
    817017.0,
    820195.0,
    813188.0,
    820000.0
  ],
  "cv": 0.0034755863555489728,
  "max_mean_ratio": 1.0031739236790485,
  "aux_loss": 0.40053436398506165,
  "aux_loss_alpha": 0.05
}