{
  "experiment": "Exp-3",
  "epoch": 1,
  "step": 25100,
  "expert_load": [
    808825.0,
    825969.0,
    812879.0,
    822727.0
  ],
  "cv": 0.008553225522871716,
  "max_mean_ratio": 1.0102360567514554,
  "aux_loss": 0.4003469756245613,
  "aux_loss_alpha": 0.05
}