{
  "experiment": "Exp-3",
  "epoch": 1,
  "step": 500,
  "expert_load": [
    816242.0,
    816083.0,
    817250.0,
    820825.0
  ],
  "cv": 0.002342195454875522,
  "max_mean_ratio": 1.0039444716242538,
  "aux_loss": 0.4009061998128891,
  "aux_loss_alpha": 0.05
}