{
  "experiment": "Exp-3",
  "epoch": 1,
  "step": 20900,
  "expert_load": [
    814349.0,
    821602.0,
    818139.0,
    816310.0
  ],
  "cv": 0.003267030958560075,
  "max_mean_ratio": 1.0048948140900074,
  "aux_loss": 0.400392989218235,
  "aux_loss_alpha": 0.05
}