{
  "experiment": "Exp-3",
  "epoch": 0,
  "step": 4700,
  "expert_load": [
    817865.0,
    824767.0,
    815700.0,
    812068.0
  ],
  "cv": 0.005659663429932049,
  "max_mean_ratio": 1.0087659001956824,
  "aux_loss": 0.4031762456893921,
  "aux_loss_alpha": 0.05
}