{
  "experiment": "Exp-3",
  "epoch": 0,
  "step": 35600,
  "expert_load": [
    809134.0,
    829683.0,
    813158.0,
    818425.0
  ],
  "cv": 0.00943613727965222,
  "max_mean_ratio": 1.014778620352238,
  "aux_loss": 0.4010496872663498,
  "aux_loss_alpha": 0.05
}