{
  "experiment": "Exp-3",
  "epoch": 0,
  "step": 11200,
  "expert_load": [
    814537.0,
    811808.0,
    821033.0,
    823022.0
  ],
  "cv": 0.005608673394309496,
  "max_mean_ratio": 1.0066316046966608,
  "aux_loss": 0.4022479885816574,
  "aux_loss_alpha": 0.05
}