{
  "experiment": "Exp-3",
  "epoch": 1,
  "step": 16800,
  "expert_load": [
    806649.0,
    813366.0,
    820688.0,
    829697.0
  ],
  "cv": 0.010480911643071055,
  "max_mean_ratio": 1.0147957436399093,
  "aux_loss": 0.40060323566198347,
  "aux_loss_alpha": 0.05
}