{
  "experiment": "Exp-3",
  "epoch": 1,
  "step": 26500,
  "expert_load": [
    820581.0,
    819936.0,
    813876.0,
    816007.0
  ],
  "cv": 0.003391135676732927,
  "max_mean_ratio": 1.0036460371819838,
  "aux_loss": 0.4004401898384094,
  "aux_loss_alpha": 0.05
}