{
  "experiment": "Exp-3",
  "epoch": 0,
  "step": 34800,
  "expert_load": [
    824174.0,
    809619.0,
    815914.0,
    820693.0
  ],
  "cv": 0.006680229172081315,
  "max_mean_ratio": 1.008040606653608,
  "aux_loss": 0.40119863659143445,
  "aux_loss_alpha": 0.05
}