{
  "experiment": "Exp-3",
  "epoch": 0,
  "step": 2500,
  "expert_load": [
    816657.0,
    824415.0,
    810484.0,
    818844.0
  ],
  "cv": 0.006100718279873947,
  "max_mean_ratio": 1.0083353718199486,
  "aux_loss": 0.4037481501698494,
  "aux_loss_alpha": 0.05
}