{
  "experiment": "Exp-3",
  "epoch": 0,
  "step": 35700,
  "expert_load": [
    816568.0,
    813898.0,
    826689.0,
    813245.0
  ],
  "cv": 0.006596360775822449,
  "max_mean_ratio": 1.0111166829745473,
  "aux_loss": 0.40102250427007674,
  "aux_loss_alpha": 0.05
}