{
  "experiment": "Exp-3",
  "epoch": 0,
  "step": 43000,
  "expert_load": [
    811380.0,
    829991.0,
    808236.0,
    820793.0
  ],
  "cv": 0.010416137934197524,
  "max_mean_ratio": 1.0151553326810052,
  "aux_loss": 0.40108212172985075,
  "aux_loss_alpha": 0.05
}