{
  "experiment": "Exp-3",
  "epoch": 0,
  "step": 14200,
  "expert_load": [
    810707.0,
    829495.0,
    810943.0,
    819255.0
  ],
  "cv": 0.00939592514485984,
  "max_mean_ratio": 1.014548679060653,
  "aux_loss": 0.4019979974627495,
  "aux_loss_alpha": 0.05
}