{
  "experiment": "Exp-3",
  "epoch": 0,
  "step": 39000,
  "expert_load": [
    813975.0,
    820785.0,
    817380.0,
    818260.0
  ],
  "cv": 0.002981488849318854,
  "max_mean_ratio": 1.0038955479451932,
  "aux_loss": 0.4009354081749916,
  "aux_loss_alpha": 0.05
}