{
  "experiment": "Exp-3",
  "epoch": 0,
  "step": 43200,
  "expert_load": [
    816213.0,
    816965.0,
    816293.0,
    820929.0
  ],
  "cv": 0.0023777647074421033,
  "max_mean_ratio": 1.0040716731898116,
  "aux_loss": 0.4009069672226906,
  "aux_loss_alpha": 0.05
}