{
  "experiment": "Exp-3",
  "epoch": 0,
  "step": 16800,
  "expert_load": [
    819192.0,
    820196.0,
    813513.0,
    817499.0
  ],
  "cv": 0.003117532151552524,
  "max_mean_ratio": 1.0031751467710248,
  "aux_loss": 0.40166147917509076,
  "aux_loss_alpha": 0.05
}