{
  "experiment": "Exp-3",
  "epoch": 0,
  "step": 28600,
  "expert_load": [
    807906.0,
    811965.0,
    824751.0,
    825778.0
  ],
  "cv": 0.009547627965997927,
  "max_mean_ratio": 1.0100024461839407,
  "aux_loss": 0.4012321272492409,
  "aux_loss_alpha": 0.05
}