{
  "experiment": "Exp-3",
  "epoch": 0,
  "step": 14400,
  "expert_load": [
    802832.0,
    825058.0,
    822535.0,
    819975.0
  ],
  "cv": 0.01065758990681555,
  "max_mean_ratio": 1.0091218199608487,
  "aux_loss": 0.401736446917057,
  "aux_loss_alpha": 0.05
}