{
  "experiment": "Exp-3",
  "epoch": 0,
  "step": 28900,
  "expert_load": [
    817832.0,
    822740.0,
    818670.0,
    811158.0
  ],
  "cv": 0.00508421298809008,
  "max_mean_ratio": 1.0062866927592833,
  "aux_loss": 0.40126459062099457,
  "aux_loss_alpha": 0.05
}