{
  "experiment": "Exp-3",
  "epoch": 0,
  "step": 39800,
  "expert_load": [
    814691.0,
    818527.0,
    818112.0,
    819070.0
  ],
  "cv": 0.002095797066585866,
  "max_mean_ratio": 1.0017979452054673,
  "aux_loss": 0.40086456298828127,
  "aux_loss_alpha": 0.05
}