{
  "experiment": "Exp-3",
  "epoch": 1,
  "step": 41800,
  "expert_load": [
    808675.0,
    823739.0,
    808606.0,
    829380.0
  ],
  "cv": 0.011226548644661065,
  "max_mean_ratio": 1.0144080234833535,
  "aux_loss": 0.4003754985332489,
  "aux_loss_alpha": 0.05
}