{
  "experiment": "Exp-3",
  "epoch": 1,
  "step": 41400,
  "expert_load": [
    823856.0,
    821338.0,
    820204.0,
    805002.0
  ],
  "cv": 0.00904179761554386,
  "max_mean_ratio": 1.0076516634050756,
  "aux_loss": 0.4001892578601837,
  "aux_loss_alpha": 0.05
}