{
  "experiment": "Exp-3",
  "epoch": 0,
  "step": 22000,
  "expert_load": [
    814967.0,
    824717.0,
    818600.0,
    812116.0
  ],
  "cv": 0.005758238193340193,
  "max_mean_ratio": 1.0087047455968565,
  "aux_loss": 0.4016578671336174,
  "aux_loss_alpha": 0.05
}