{
  "experiment": "Exp-3",
  "epoch": 1,
  "step": 11800,
  "expert_load": [
    801488.0,
    833260.0,
    804524.0,
    831128.0
  ],
  "cv": 0.017921748151984246,
  "max_mean_ratio": 1.019153620352238,
  "aux_loss": 0.40074789881706235,
  "aux_loss_alpha": 0.05
}