{
  "experiment": "Exp-3",
  "epoch": 0,
  "step": 13200,
  "expert_load": [
    814329.0,
    815265.0,
    816863.0,
    823943.0
  ],
  "cv": 0.0046141736054839825,
  "max_mean_ratio": 1.0077580724070327,
  "aux_loss": 0.4020663657784462,
  "aux_loss_alpha": 0.05
}