{
  "experiment": "Exp-3",
  "epoch": 1,
  "step": 25300,
  "expert_load": [
    816495.0,
    821612.0,
    819296.0,
    812997.0
  ],
  "cv": 0.003933966052508819,
  "max_mean_ratio": 1.0049070450097723,
  "aux_loss": 0.40031620264053347,
  "aux_loss_alpha": 0.05
}