{
  "experiment": "Exp-3",
  "epoch": 1,
  "step": 31500,
  "expert_load": [
    815932.0,
    824549.0,
    816180.0,
    813739.0
  ],
  "cv": 0.005042735359206763,
  "max_mean_ratio": 1.0084992661448018,
  "aux_loss": 0.4002715489268303,
  "aux_loss_alpha": 0.05
}