{
  "experiment": "Exp-3",
  "epoch": 1,
  "step": 28400,
  "expert_load": [
    827813.0,
    805963.0,
    821833.0,
    814791.0
  ],
  "cv": 0.009965271473863932,
  "max_mean_ratio": 1.012491438356152,
  "aux_loss": 0.40048343896865846,
  "aux_loss_alpha": 0.05
}