{
  "experiment": "Exp-3",
  "epoch": 1,
  "step": 2700,
  "expert_load": [
    823538.0,
    817742.0,
    826929.0,
    802191.0
  ],
  "cv": 0.011599199925849906,
  "max_mean_ratio": 1.0114102250489112,
  "aux_loss": 0.4009550899267197,
  "aux_loss_alpha": 0.05
}