{
  "experiment": "Exp-3",
  "epoch": 0,
  "step": 21200,
  "expert_load": [
    827495.0,
    815019.0,
    808298.0,
    819588.0
  ],
  "cv": 0.008540911590516346,
  "max_mean_ratio": 1.0121024951076196,
  "aux_loss": 0.4015621614456177,
  "aux_loss_alpha": 0.05
}