{
  "experiment": "Exp-3",
  "epoch": 0,
  "step": 14600,
  "expert_load": [
    808563.0,
    819941.0,
    810996.0,
    830900.0
  ],
  "cv": 0.010726496328812857,
  "max_mean_ratio": 1.0162671232876588,
  "aux_loss": 0.4018172487616539,
  "aux_loss_alpha": 0.05
}