{
  "experiment": "Exp-3",
  "epoch": 0,
  "step": 13100,
  "expert_load": [
    832286.0,
    820360.0,
    816781.0,
    800973.0
  ],
  "cv": 0.013680381700250566,
  "max_mean_ratio": 1.017962328767111,
  "aux_loss": 0.4022773396968842,
  "aux_loss_alpha": 0.05
}