{
  "experiment": "Exp-3",
  "epoch": 0,
  "step": 21600,
  "expert_load": [
    817730.0,
    820273.0,
    814934.0,
    817463.0
  ],
  "cv": 0.002311623978288178,
  "max_mean_ratio": 1.0032693248532167,
  "aux_loss": 0.40164899796247483,
  "aux_loss_alpha": 0.05
}