{
  "experiment": "Exp-3",
  "epoch": 1,
  "step": 34900,
  "expert_load": [
    811092.0,
    818588.0,
    815769.0,
    824951.0
  ],
  "cv": 0.006137434927684612,
  "max_mean_ratio": 1.0089909491193614,
  "aux_loss": 0.4003944265842438,
  "aux_loss_alpha": 0.05
}