{
  "experiment": "Exp-3",
  "epoch": 0,
  "step": 35400,
  "expert_load": [
    816732.0,
    818089.0,
    826371.0,
    809208.0
  ],
  "cv": 0.007448535777351303,
  "max_mean_ratio": 1.010727739726015,
  "aux_loss": 0.40094799757003785,
  "aux_loss_alpha": 0.05
}