{
  "experiment": "Exp-3",
  "epoch": 0,
  "step": 12300,
  "expert_load": [
    814153.0,
    818676.0,
    816175.0,
    821396.0
  ],
  "cv": 0.0033204089498799433,
  "max_mean_ratio": 1.0046428571428447,
  "aux_loss": 0.40235975831747056,
  "aux_loss_alpha": 0.05
}