{
  "experiment": "Exp-3",
  "epoch": 0,
  "step": 6900,
  "expert_load": [
    813442.0,
    820764.0,
    809883.0,
    826311.0
  ],
  "cv": 0.007801310619495991,
  "max_mean_ratio": 1.010654354207424,
  "aux_loss": 0.402532759308815,
  "aux_loss_alpha": 0.05
}