{
  "experiment": "Exp-3",
  "epoch": 1,
  "step": 11600,
  "expert_load": [
    812932.0,
    811038.0,
    824842.0,
    821588.0
  ],
  "cv": 0.007058013497966523,
  "max_mean_ratio": 1.008857632093921,
  "aux_loss": 0.4006898489594459,
  "aux_loss_alpha": 0.05
}