{
  "experiment": "Exp-3",
  "epoch": 1,
  "step": 31600,
  "expert_load": [
    818147.0,
    822967.0,
    818177.0,
    811109.0
  ],
  "cv": 0.005173617547738745,
  "max_mean_ratio": 1.0065643346379525,
  "aux_loss": 0.4003979754447937,
  "aux_loss_alpha": 0.05
}