{
  "experiment": "Exp-3",
  "epoch": 0,
  "step": 16700,
  "expert_load": [
    810217.0,
    830821.0,
    807067.0,
    822295.0
  ],
  "cv": 0.01164012573003288,
  "max_mean_ratio": 1.016170499021514,
  "aux_loss": 0.4016779887676239,
  "aux_loss_alpha": 0.05
}