{
  "experiment": "Exp-3",
  "epoch": 1,
  "step": 9900,
  "expert_load": [
    815336.0,
    826766.0,
    811798.0,
    816500.0
  ],
  "cv": 0.006810284817988542,
  "max_mean_ratio": 1.0112108610567392,
  "aux_loss": 0.4005372327566147,
  "aux_loss_alpha": 0.05
}