{
  "experiment": "Exp-3",
  "epoch": 1,
  "step": 2300,
  "expert_load": [
    821691.0,
    817775.0,
    822919.0,
    808015.0
  ],
  "cv": 0.007156156476463036,
  "max_mean_ratio": 1.0065056262230796,
  "aux_loss": 0.4008347365260124,
  "aux_loss_alpha": 0.05
}