{
  "experiment": "Exp-3",
  "epoch": 0,
  "step": 36400,
  "expert_load": [
    821349.0,
    817686.0,
    827958.0,
    803407.0
  ],
  "cv": 0.010987284860032278,
  "max_mean_ratio": 1.0126687866927468,
  "aux_loss": 0.40113587230443953,
  "aux_loss_alpha": 0.05
}