{
  "experiment": "Exp-3",
  "epoch": 1,
  "step": 3800,
  "expert_load": [
    813171.0,
    827887.0,
    809507.0,
    819835.0
  ],
  "cv": 0.00856012094277448,
  "max_mean_ratio": 1.0125819471624142,
  "aux_loss": 0.4011423861980438,
  "aux_loss_alpha": 0.05
}