{
  "experiment": "Exp-3",
  "epoch": 0,
  "step": 10000,
  "expert_load": [
    812506.0,
    821203.0,
    812486.0,
    824205.0
  ],
  "cv": 0.006376212581029765,
  "max_mean_ratio": 1.00807852250488,
  "aux_loss": 0.4023759067058563,
  "aux_loss_alpha": 0.05
}