{
  "experiment": "Exp-3",
  "epoch": 0,
  "step": 10200,
  "expert_load": [
    805874.0,
    830477.0,
    812401.0,
    821648.0
  ],
  "cv": 0.011387441377583643,
  "max_mean_ratio": 1.0157497553815922,
  "aux_loss": 0.402292029261589,
  "aux_loss_alpha": 0.05
}