{
  "experiment": "Exp-3",
  "epoch": 1,
  "step": 24200,
  "expert_load": [
    819000.0,
    821936.0,
    807524.0,
    821940.0
  ],
  "cv": 0.0072648539981729175,
  "max_mean_ratio": 1.0053082191780698,
  "aux_loss": 0.4005086880922317,
  "aux_loss_alpha": 0.05
}