{
  "experiment": "Exp-3",
  "epoch": 0,
  "step": 9800,
  "expert_load": [
    815803.0,
    815170.0,
    820364.0,
    819063.0
  ],
  "cv": 0.0026596397803020713,
  "max_mean_ratio": 1.0033806262230798,
  "aux_loss": 0.4024003079533577,
  "aux_loss_alpha": 0.05
}