{
  "experiment": "Exp-3",
  "epoch": 1,
  "step": 16500,
  "expert_load": [
    824274.0,
    817709.0,
    817599.0,
    810818.0
  ],
  "cv": 0.005819324709897801,
  "max_mean_ratio": 1.0081629158512597,
  "aux_loss": 0.4005200380086899,
  "aux_loss_alpha": 0.05
}