{
  "experiment": "Exp-3",
  "epoch": 1,
  "step": 3500,
  "expert_load": [
    820066.0,
    818770.0,
    809922.0,
    821642.0
  ],
  "cv": 0.005562699349658995,
  "max_mean_ratio": 1.004943737769068,
  "aux_loss": 0.400748219192028,
  "aux_loss_alpha": 0.05
}