{
  "experiment": "Exp-3",
  "epoch": 0,
  "step": 26700,
  "expert_load": [
    817684.0,
    819193.0,
    814372.0,
    819151.0
  ],
  "cv": 0.0023975636581151857,
  "max_mean_ratio": 1.0019483855185787,
  "aux_loss": 0.4014820197224617,
  "aux_loss_alpha": 0.05
}