{
  "experiment": "Exp-3",
  "epoch": 1,
  "step": 41200,
  "expert_load": [
    818889.0,
    816992.0,
    814510.0,
    820009.0
  ],
  "cv": 0.0025496821394171655,
  "max_mean_ratio": 1.0029464285714162,
  "aux_loss": 0.4001366725564003,
  "aux_loss_alpha": 0.05
}