{
  "experiment": "Exp-3",
  "epoch": 0,
  "step": 39200,
  "expert_load": [
    819998.0,
    819024.0,
    825332.0,
    806046.0
  ],
  "cv": 0.00867138827150338,
  "max_mean_ratio": 1.0094569471624142,
  "aux_loss": 0.4011347281932831,
  "aux_loss_alpha": 0.05
}