{
  "experiment": "Exp-3",
  "epoch": 1,
  "step": 26300,
  "expert_load": [
    817243.0,
    818952.0,
    809434.0,
    824771.0
  ],
  "cv": 0.006700885571145649,
  "max_mean_ratio": 1.0087707925635885,
  "aux_loss": 0.40026917815208435,
  "aux_loss_alpha": 0.05
}