{
  "experiment": "Exp-3",
  "epoch": 0,
  "step": 8900,
  "expert_load": [
    818548.0,
    825294.0,
    812666.0,
    813892.0
  ],
  "cv": 0.006059861155172076,
  "max_mean_ratio": 1.0094104696673065,
  "aux_loss": 0.4021976232528687,
  "aux_loss_alpha": 0.05
}