{
  "experiment": "Exp-3",
  "epoch": 1,
  "step": 18200,
  "expert_load": [
    820159.0,
    815234.0,
    822465.0,
    812542.0
  ],
  "cv": 0.004791884151690101,
  "max_mean_ratio": 1.005950342465741,
  "aux_loss": 0.40042403280735017,
  "aux_loss_alpha": 0.05
}