{
  "experiment": "Exp-3",
  "epoch": 1,
  "step": 28500,
  "expert_load": [
    811723.0,
    822754.0,
    824994.0,
    810929.0
  ],
  "cv": 0.0077421895305236944,
  "max_mean_ratio": 1.0090435420743515,
  "aux_loss": 0.4003577563166618,
  "aux_loss_alpha": 0.05
}