{
  "experiment": "Exp-3",
  "epoch": 1,
  "step": 5200,
  "expert_load": [
    810828.0,
    823666.0,
    817891.0,
    818015.0
  ],
  "cv": 0.00556853650833989,
  "max_mean_ratio": 1.0074192759295375,
  "aux_loss": 0.4008810031414032,
  "aux_loss_alpha": 0.05
}