{
  "experiment": "Exp-3",
  "epoch": 0,
  "step": 26300,
  "expert_load": [
    821157.0,
    813900.0,
    825624.0,
    809719.0
  ],
  "cv": 0.007560375236018438,
  "max_mean_ratio": 1.0098140900195571,
  "aux_loss": 0.40149530410766604,
  "aux_loss_alpha": 0.05
}