{
  "experiment": "Exp-3",
  "epoch": 0,
  "step": 36200,
  "expert_load": [
    819876.0,
    821114.0,
    814115.0,
    815295.0
  ],
  "cv": 0.003617263166871745,
  "max_mean_ratio": 1.0042979452054672,
  "aux_loss": 0.40106521964073183,
  "aux_loss_alpha": 0.05
}