{
  "experiment": "Exp-3",
  "epoch": 0,
  "step": 19500,
  "expert_load": [
    814952.0,
    816619.0,
    820612.0,
    818217.0
  ],
  "cv": 0.0025529459078017665,
  "max_mean_ratio": 1.0036839530332557,
  "aux_loss": 0.40163641184568405,
  "aux_loss_alpha": 0.05
}