{
  "experiment": "Exp-3",
  "epoch": 1,
  "step": 17700,
  "expert_load": [
    824491.0,
    809821.0,
    815503.0,
    820585.0
  ],
  "cv": 0.0067355161543694135,
  "max_mean_ratio": 1.0084283268101637,
  "aux_loss": 0.4005615404248238,
  "aux_loss_alpha": 0.05
}