{
  "experiment": "Exp-3",
  "epoch": 1,
  "step": 7400,
  "expert_load": [
    820346.0,
    807600.0,
    819007.0,
    823447.0
  ],
  "cv": 0.0073310968507291786,
  "max_mean_ratio": 1.0071514187866804,
  "aux_loss": 0.4006831419467926,
  "aux_loss_alpha": 0.05
}