{
  "experiment": "Exp-3",
  "epoch": 1,
  "step": 42700,
  "expert_load": [
    806061.0,
    824904.0,
    819224.0,
    820211.0
  ],
  "cv": 0.008560587366033103,
  "max_mean_ratio": 1.008933463796465,
  "aux_loss": 0.40021173119544984,
  "aux_loss_alpha": 0.05
}