{
  "experiment": "Exp-3",
  "epoch": 1,
  "step": 35800,
  "expert_load": [
    821186.0,
    814725.0,
    817816.0,
    816673.0
  ],
  "cv": 0.0028704254687881865,
  "max_mean_ratio": 1.0043860078277764,
  "aux_loss": 0.4003403314948082,
  "aux_loss_alpha": 0.05
}