{
  "experiment": "Exp-3",
  "epoch": 0,
  "step": 19000,
  "expert_load": [
    811818.0,
    828209.0,
    811957.0,
    818416.0
  ],
  "cv": 0.008170302777374227,
  "max_mean_ratio": 1.0129757827788526,
  "aux_loss": 0.40166320592164995,
  "aux_loss_alpha": 0.05
}