{
  "experiment": "Exp-3",
  "epoch": 0,
  "step": 15000,
  "expert_load": [
    815635.0,
    823806.0,
    818251.0,
    812708.0
  ],
  "cv": 0.004995665428923006,
  "max_mean_ratio": 1.0075905088062498,
  "aux_loss": 0.40205625355243685,
  "aux_loss_alpha": 0.05
}