{
  "experiment": "Exp-3",
  "epoch": 1,
  "step": 42500,
  "expert_load": [
    811893.0,
    821107.0,
    826664.0,
    810736.0
  ],
  "cv": 0.008070078511993846,
  "max_mean_ratio": 1.0110861056751344,
  "aux_loss": 0.40036547660827637,
  "aux_loss_alpha": 0.05
}