{
  "experiment": "Exp-3",
  "epoch": 1,
  "step": 21900,
  "expert_load": [
    819093.0,
    817003.0,
    818074.0,
    816230.0
  ],
  "cv": 0.0013239700406964582,
  "max_mean_ratio": 1.001826076320927,
  "aux_loss": 0.40059194177389146,
  "aux_loss_alpha": 0.05
}