{
  "experiment": "Exp-3",
  "epoch": 1,
  "step": 34200,
  "expert_load": [
    813329.0,
    819769.0,
    814679.0,
    822623.0
  ],
  "cv": 0.00460526080047542,
  "max_mean_ratio": 1.0061435909980307,
  "aux_loss": 0.40028423130512236,
  "aux_loss_alpha": 0.05
}