{
  "experiment": "Exp-3",
  "epoch": 1,
  "step": 12200,
  "expert_load": [
    813784.0,
    823091.0,
    811252.0,
    822273.0
  ],
  "cv": 0.006321355592014661,
  "max_mean_ratio": 1.0067159980430405,
  "aux_loss": 0.40065361857414244,
  "aux_loss_alpha": 0.05
}