{
  "experiment": "Exp-3",
  "epoch": 1,
  "step": 2000,
  "expert_load": [
    807980.0,
    825343.0,
    808848.0,
    828229.0
  ],
  "cv": 0.011310651745581442,
  "max_mean_ratio": 1.013000244618383,
  "aux_loss": 0.40087225794792175,
  "aux_loss_alpha": 0.05
}