{
  "experiment": "Exp-3",
  "epoch": 0,
  "step": 26100,
  "expert_load": [
    819819.0,
    814093.0,
    825914.0,
    810574.0
  ],
  "cv": 0.007124190059893198,
  "max_mean_ratio": 1.010168786692747,
  "aux_loss": 0.40126619815826414,
  "aux_loss_alpha": 0.05
}