{
  "experiment": "Exp-3",
  "epoch": 1,
  "step": 10100,
  "expert_load": [
    824415.0,
    808967.0,
    815349.0,
    821669.0
  ],
  "cv": 0.007302705947666863,
  "max_mean_ratio": 1.0083353718199486,
  "aux_loss": 0.4007421201467514,
  "aux_loss_alpha": 0.05
}