{
  "experiment": "Exp-3",
  "epoch": 0,
  "step": 42000,
  "expert_load": [
    826413.0,
    813341.0,
    816247.0,
    814399.0
  ],
  "cv": 0.006351989626651096,
  "max_mean_ratio": 1.0107791095890286,
  "aux_loss": 0.4008740830421448,
  "aux_loss_alpha": 0.05
}