{
  "experiment": "Exp-3",
  "epoch": 0,
  "step": 8500,
  "expert_load": [
    822587.0,
    819764.0,
    825940.0,
    802109.0
  ],
  "cv": 0.011261079493334011,
  "max_mean_ratio": 1.0102005870841364,
  "aux_loss": 0.40236982256174086,
  "aux_loss_alpha": 0.05
}