{
  "experiment": "Exp-3",
  "epoch": 1,
  "step": 21700,
  "expert_load": [
    812971.0,
    822549.0,
    809562.0,
    825318.0
  ],
  "cv": 0.00797586340260356,
  "max_mean_ratio": 1.009439823874743,
  "aux_loss": 0.4004160216450691,
  "aux_loss_alpha": 0.05
}