{
  "experiment": "Exp-3",
  "epoch": 0,
  "step": 12900,
  "expert_load": [
    818330.0,
    830864.0,
    805919.0,
    815287.0
  ],
  "cv": 0.010909924292517602,
  "max_mean_ratio": 1.0162230919765043,
  "aux_loss": 0.40217704355716705,
  "aux_loss_alpha": 0.05
}