{
  "experiment": "Exp-3",
  "epoch": 1,
  "step": 20000,
  "expert_load": [
    814288.0,
    820778.0,
    818261.0,
    817073.0
  ],
  "cv": 0.0028542675757361135,
  "max_mean_ratio": 1.0038869863013575,
  "aux_loss": 0.40044314801692965,
  "aux_loss_alpha": 0.05
}