{
  "experiment": "Exp-3",
  "epoch": 0,
  "step": 44000,
  "expert_load": [
    814367.0,
    821205.0,
    816592.0,
    818236.0
  ],
  "cv": 0.0030497004141312616,
  "max_mean_ratio": 1.0044092465753303,
  "aux_loss": 0.4009570124745369,
  "aux_loss_alpha": 0.05
}