{
  "experiment": "Exp-3",
  "epoch": 0,
  "step": 13000,
  "expert_load": [
    795877.0,
    815255.0,
    825977.0,
    833291.0
  ],
  "cv": 0.017229644118456247,
  "max_mean_ratio": 1.01919153620351,
  "aux_loss": 0.4024866819381714,
  "aux_loss_alpha": 0.05
}