{
  "experiment": "Exp-3",
  "epoch": 0,
  "step": 37200,
  "expert_load": [
    821334.0,
    815574.0,
    812292.0,
    821200.0
  ],
  "cv": 0.004704625079309813,
  "max_mean_ratio": 1.0045670254403007,
  "aux_loss": 0.4010052028298378,
  "aux_loss_alpha": 0.05
}