{
  "experiment": "Exp-3",
  "epoch": 1,
  "step": 22000,
  "expert_load": [
    814598.0,
    823096.0,
    812578.0,
    820128.0
  ],
  "cv": 0.005146779398162242,
  "max_mean_ratio": 1.0067221135029232,
  "aux_loss": 0.40050366789102554,
  "aux_loss_alpha": 0.05
}