{
  "experiment": "Exp-3",
  "epoch": 1,
  "step": 43400,
  "expert_load": [
    824788.0,
    808586.0,
    821977.0,
    815049.0
  ],
  "cv": 0.007701238046186916,
  "max_mean_ratio": 1.0087915851271891,
  "aux_loss": 0.40037420094013215,
  "aux_loss_alpha": 0.05
}