{
  "experiment": "Exp-3",
  "epoch": 0,
  "step": 31800,
  "expert_load": [
    808220.0,
    827771.0,
    825144.0,
    809265.0
  ],
  "cv": 0.010902302661753781,
  "max_mean_ratio": 1.0124400684931383,
  "aux_loss": 0.40118054777383805,
  "aux_loss_alpha": 0.05
}