{
  "experiment": "Exp-3",
  "epoch": 0,
  "step": 8100,
  "expert_load": [
    820949.0,
    823642.0,
    812035.0,
    813774.0
  ],
  "cv": 0.00590796005935811,
  "max_mean_ratio": 1.0073899217221012,
  "aux_loss": 0.4024736765027046,
  "aux_loss_alpha": 0.05
}