{
  "experiment": "Exp-3",
  "epoch": 1,
  "step": 2100,
  "expert_load": [
    819737.0,
    826615.0,
    809376.0,
    814672.0
  ],
  "cv": 0.00778477498929785,
  "max_mean_ratio": 1.011026174168285,
  "aux_loss": 0.4007939803600311,
  "aux_loss_alpha": 0.05
}