{
  "experiment": "Exp-3",
  "epoch": 1,
  "step": 22200,
  "expert_load": [
    814005.0,
    824368.0,
    817031.0,
    814996.0
  ],
  "cv": 0.00496198710163506,
  "max_mean_ratio": 1.0082778864970523,
  "aux_loss": 0.4004678049683571,
  "aux_loss_alpha": 0.05
}