{
  "experiment": "Exp-3",
  "epoch": 0,
  "step": 30500,
  "expert_load": [
    816776.0,
    824207.0,
    818860.0,
    810557.0
  ],
  "cv": 0.005976993687698679,
  "max_mean_ratio": 1.008080968688833,
  "aux_loss": 0.40140788167715075,
  "aux_loss_alpha": 0.05
}