{
  "experiment": "Exp-3",
  "epoch": 0,
  "step": 36700,
  "expert_load": [
    801589.0,
    829231.0,
    810891.0,
    828689.0
  ],
  "cv": 0.014466765342159803,
  "max_mean_ratio": 1.0142257827788526,
  "aux_loss": 0.4011471340060234,
  "aux_loss_alpha": 0.05
}