{
  "experiment": "Exp-3",
  "epoch": 0,
  "step": 5800,
  "expert_load": [
    822869.0,
    817504.0,
    817742.0,
    812285.0
  ],
  "cv": 0.004578064621777861,
  "max_mean_ratio": 1.0064444716242538,
  "aux_loss": 0.40251081019639967,
  "aux_loss_alpha": 0.05
}