{
  "experiment": "Exp-3",
  "epoch": 0,
  "step": 42700,
  "expert_load": [
    816313.0,
    813647.0,
    828026.0,
    812414.0
  ],
  "cv": 0.007561405428234986,
  "max_mean_ratio": 1.01275195694715,
  "aux_loss": 0.40082704305648803,
  "aux_loss_alpha": 0.05
}