{
  "experiment": "Exp-3",
  "epoch": 1,
  "step": 3700,
  "expert_load": [
    830226.0,
    810513.0,
    812286.0,
    817375.0
  ],
  "cv": 0.009433097466097305,
  "max_mean_ratio": 1.0154427592954867,
  "aux_loss": 0.4008394879102707,
  "aux_loss_alpha": 0.05
}