{
  "experiment": "Exp-3",
  "epoch": 0,
  "step": 30300,
  "expert_load": [
    800333.0,
    819225.0,
    827107.0,
    823735.0
  ],
  "cv": 0.012663746216059042,
  "max_mean_ratio": 1.0116279354207312,
  "aux_loss": 0.40142736047506333,
  "aux_loss_alpha": 0.05
}