{
  "experiment": "Exp-3",
  "epoch": 0,
  "step": 22200,
  "expert_load": [
    801971.0,
    818414.0,
    825163.0,
    824852.0
  ],
  "cv": 0.01151784400417366,
  "max_mean_ratio": 1.0092502446183829,
  "aux_loss": 0.40168428510427473,
  "aux_loss_alpha": 0.05
}