{
  "experiment": "Exp-3",
  "epoch": 1,
  "step": 18300,
  "expert_load": [
    812225.0,
    827597.0,
    810609.0,
    819969.0
  ],
  "cv": 0.00828000003344382,
  "max_mean_ratio": 1.0122272504892245,
  "aux_loss": 0.40029966861009597,
  "aux_loss_alpha": 0.05
}