{
  "experiment": "Exp-3",
  "epoch": 0,
  "step": 32900,
  "expert_load": [
    816842.0,
    820513.0,
    814331.0,
    818714.0
  ],
  "cv": 0.0028016208715867744,
  "max_mean_ratio": 1.0035628669275807,
  "aux_loss": 0.4011395797133446,
  "aux_loss_alpha": 0.05
}