{
  "experiment": "Exp-3",
  "epoch": 0,
  "step": 34900,
  "expert_load": [
    817439.0,
    819812.0,
    823586.0,
    809563.0
  ],
  "cv": 0.00627675095649607,
  "max_mean_ratio": 1.0073214285714163,
  "aux_loss": 0.4011597940325737,
  "aux_loss_alpha": 0.05
}