{
  "experiment": "Exp-3",
  "epoch": 0,
  "step": 37000,
  "expert_load": [
    817199.0,
    817145.0,
    822179.0,
    813877.0
  ],
  "cv": 0.0036280604771204913,
  "max_mean_ratio": 1.0056005381604574,
  "aux_loss": 0.4008658728003502,
  "aux_loss_alpha": 0.05
}