{
  "experiment": "Exp-3",
  "epoch": 1,
  "step": 37000,
  "expert_load": [
    820899.0,
    817357.0,
    816033.0,
    816111.0
  ],
  "cv": 0.002416578766884373,
  "max_mean_ratio": 1.004034980430516,
  "aux_loss": 0.40027760833501813,
  "aux_loss_alpha": 0.05
}