{
  "experiment": "Exp-3",
  "epoch": 0,
  "step": 31700,
  "expert_load": [
    830382.0,
    818131.0,
    804311.0,
    817576.0
  ],
  "cv": 0.011280654937087069,
  "max_mean_ratio": 1.0156335616438232,
  "aux_loss": 0.40137354642152784,
  "aux_loss_alpha": 0.05
}