{
  "experiment": "Exp-3",
  "epoch": 1,
  "step": 29400,
  "expert_load": [
    814327.0,
    821823.0,
    821608.0,
    812642.0
  ],
  "cv": 0.005086948223076626,
  "max_mean_ratio": 1.0051651174168175,
  "aux_loss": 0.40049440741539,
  "aux_loss_alpha": 0.05
}