{
  "experiment": "Exp-3",
  "epoch": 1,
  "step": 34600,
  "expert_load": [
    808003.0,
    820481.0,
    823900.0,
    818016.0
  ],
  "cv": 0.007242770857540273,
  "max_mean_ratio": 1.0077054794520424,
  "aux_loss": 0.4004122400283813,
  "aux_loss_alpha": 0.05
}