{
  "experiment": "Exp-3",
  "epoch": 1,
  "step": 3600,
  "expert_load": [
    823022.0,
    813785.0,
    811269.0,
    822324.0
  ],
  "cv": 0.006306639072246437,
  "max_mean_ratio": 1.0066316046966608,
  "aux_loss": 0.40068999528884885,
  "aux_loss_alpha": 0.05
}