{
  "experiment": "Exp-3",
  "epoch": 0,
  "step": 21800,
  "expert_load": [
    817369.0,
    827335.0,
    809599.0,
    816097.0
  ],
  "cv": 0.007762024164666307,
  "max_mean_ratio": 1.0119068003913771,
  "aux_loss": 0.40152808964252473,
  "aux_loss_alpha": 0.05
}