{
  "experiment": "Exp-3",
  "epoch": 0,
  "step": 10100,
  "expert_load": [
    818993.0,
    816651.0,
    815089.0,
    819667.0
  ],
  "cv": 0.0022401840299542597,
  "max_mean_ratio": 1.0025281311154477,
  "aux_loss": 0.40249637931585314,
  "aux_loss_alpha": 0.05
}