{
  "experiment": "Exp-3",
  "epoch": 0,
  "step": 36600,
  "expert_load": [
    821823.0,
    811325.0,
    817051.0,
    820201.0
  ],
  "cv": 0.00490290393568059,
  "max_mean_ratio": 1.0051651174168175,
  "aux_loss": 0.40097778469324113,
  "aux_loss_alpha": 0.05
}