{
  "experiment": "Exp-3",
  "epoch": 0,
  "step": 13400,
  "expert_load": [
    814658.0,
    825491.0,
    813979.0,
    816272.0
  ],
  "cv": 0.00566459521388814,
  "max_mean_ratio": 1.0096514187866803,
  "aux_loss": 0.4021445596218109,
  "aux_loss_alpha": 0.05
}