{
  "experiment": "Exp-3",
  "epoch": 0,
  "step": 15600,
  "expert_load": [
    819777.0,
    819436.0,
    806367.0,
    824820.0
  ],
  "cv": 0.008349762261496963,
  "max_mean_ratio": 1.0088307240704377,
  "aux_loss": 0.40201387256383897,
  "aux_loss_alpha": 0.05
}