{
  "experiment": "Exp-3",
  "epoch": 1,
  "step": 4300,
  "expert_load": [
    817085.0,
    819907.0,
    810187.0,
    823221.0
  ],
  "cv": 0.005870066902175503,
  "max_mean_ratio": 1.0068749999999878,
  "aux_loss": 0.4009463500976562,
  "aux_loss_alpha": 0.05
}