{
  "experiment": "Exp-3",
  "epoch": 0,
  "step": 18300,
  "expert_load": [
    816518.0,
    828408.0,
    810449.0,
    815025.0
  ],
  "cv": 0.008107333248608633,
  "max_mean_ratio": 1.0132191780821793,
  "aux_loss": 0.4019303873181343,
  "aux_loss_alpha": 0.05
}