{
  "experiment": "Exp-3",
  "epoch": 0,
  "step": 7300,
  "expert_load": [
    815810.0,
    825454.0,
    815234.0,
    813902.0
  ],
  "cv": 0.005610333048900677,
  "max_mean_ratio": 1.0096061643835492,
  "aux_loss": 0.40250693023204803,
  "aux_loss_alpha": 0.05
}