{
  "experiment": "Exp-3",
  "epoch": 1,
  "step": 7700,
  "expert_load": [
    817344.0,
    820577.0,
    820028.0,
    812451.0
  ],
  "cv": 0.0039317913018093635,
  "max_mean_ratio": 1.0036411448140776,
  "aux_loss": 0.4006305202841759,
  "aux_loss_alpha": 0.05
}