{
  "experiment": "Exp-3",
  "epoch": 0,
  "step": 11800,
  "expert_load": [
    818611.0,
    824970.0,
    819933.0,
    806886.0
  ],
  "cv": 0.008103196354994702,
  "max_mean_ratio": 1.0090141878669152,
  "aux_loss": 0.40219380259513854,
  "aux_loss_alpha": 0.05
}