{
  "experiment": "Exp-3",
  "epoch": 0,
  "step": 100,
  "expert_load": [
    833032.0,
    816363.0,
    836221.0,
    784784.0
  ],
  "cv": 0.024941093310451017,
  "max_mean_ratio": 1.0227751956947038,
  "aux_loss": 0.4400240433216095,
  "aux_loss_alpha": 0.05
}