{
  "experiment": "Exp-3",
  "epoch": 1,
  "step": 3400,
  "expert_load": [
    812102.0,
    831518.0,
    818873.0,
    807907.0
  ],
  "cv": 0.010931348707344534,
  "max_mean_ratio": 1.017022994129146,
  "aux_loss": 0.4007725203037262,
  "aux_loss_alpha": 0.05
}