{
  "experiment": "Exp-3",
  "epoch": 1,
  "step": 35300,
  "expert_load": [
    816420.0,
    817297.0,
    819574.0,
    817109.0
  ],
  "cv": 0.001450017492365213,
  "max_mean_ratio": 1.0024143835616315,
  "aux_loss": 0.4001886984705925,
  "aux_loss_alpha": 0.05
}