{
  "experiment": "Exp-3",
  "epoch": 0,
  "step": 37100,
  "expert_load": [
    813566.0,
    821432.0,
    826725.0,
    808677.0
  ],
  "cv": 0.0085144013108105,
  "max_mean_ratio": 1.011160714285702,
  "aux_loss": 0.4010196033120155,
  "aux_loss_alpha": 0.05
}