{
  "experiment": "Exp-3",
  "epoch": 1,
  "step": 30800,
  "expert_load": [
    807416.0,
    835512.0,
    807034.0,
    820438.0
  ],
  "cv": 0.014266833997752394,
  "max_mean_ratio": 1.0219080234833535,
  "aux_loss": 0.40037602692842483,
  "aux_loss_alpha": 0.05
}