{
  "experiment": "Exp-3",
  "epoch": 0,
  "step": 2100,
  "expert_load": [
    813133.0,
    823164.0,
    817740.0,
    816363.0
  ],
  "cv": 0.004429465814579202,
  "max_mean_ratio": 1.0068052837573263,
  "aux_loss": 0.4038523650169373,
  "aux_loss_alpha": 0.05
}