{
  "experiment": "Exp-3",
  "epoch": 0,
  "step": 29800,
  "expert_load": [
    822593.0,
    815349.0,
    815475.0,
    816983.0
  ],
  "cv": 0.0036124388812339026,
  "max_mean_ratio": 1.0061068982387353,
  "aux_loss": 0.40146766424179076,
  "aux_loss_alpha": 0.05
}