{
  "experiment": "Exp-3",
  "epoch": 1,
  "step": 14500,
  "expert_load": [
    832307.0,
    807988.0,
    822090.0,
    808015.0
  ],
  "cv": 0.012543682538833017,
  "max_mean_ratio": 1.0179880136986177,
  "aux_loss": 0.4005566075444221,
  "aux_loss_alpha": 0.05
}