{
  "experiment": "Exp-3",
  "epoch": 1,
  "step": 4700,
  "expert_load": [
    818240.0,
    810331.0,
    828053.0,
    813776.0
  ],
  "cv": 0.008139218444226905,
  "max_mean_ratio": 1.012784980430516,
  "aux_loss": 0.4008894193172455,
  "aux_loss_alpha": 0.05
}