{
  "experiment": "Exp-3",
  "epoch": 0,
  "step": 12600,
  "expert_load": [
    808243.0,
    826325.0,
    819310.0,
    816522.0
  ],
  "cv": 0.007921002233098301,
  "max_mean_ratio": 1.0106714774950953,
  "aux_loss": 0.4019154953956604,
  "aux_loss_alpha": 0.05
}