{
  "experiment": "Exp-3",
  "epoch": 0,
  "step": 10400,
  "expert_load": [
    826903.0,
    812748.0,
    813906.0,
    816843.0
  ],
  "cv": 0.006818295831549574,
  "max_mean_ratio": 1.011378424657522,
  "aux_loss": 0.40241787970066073,
  "aux_loss_alpha": 0.05
}