{
  "experiment": "Exp-3",
  "epoch": 1,
  "step": 19500,
  "expert_load": [
    816175.0,
    825395.0,
    817024.0,
    811806.0
  ],
  "cv": 0.0060135484908190925,
  "max_mean_ratio": 1.0095340019569348,
  "aux_loss": 0.4007090902328491,
  "aux_loss_alpha": 0.05
}