{
  "experiment": "Exp-3",
  "epoch": 0,
  "step": 4100,
  "expert_load": [
    817780.0,
    825543.0,
    810597.0,
    816480.0
  ],
  "cv": 0.006512894901044135,
  "max_mean_ratio": 1.0097150195694593,
  "aux_loss": 0.40306527554988864,
  "aux_loss_alpha": 0.05
}