{
  "experiment": "Exp-3",
  "epoch": 1,
  "step": 7100,
  "expert_load": [
    813695.0,
    813362.0,
    822478.0,
    820865.0
  ],
  "cv": 0.005030491897971135,
  "max_mean_ratio": 1.0059662426614357,
  "aux_loss": 0.4006835329532623,
  "aux_loss_alpha": 0.05
}