{
  "experiment": "Exp-3",
  "epoch": 1,
  "step": 23700,
  "expert_load": [
    822306.0,
    814902.0,
    816371.0,
    816821.0
  ],
  "cv": 0.0034346309893284804,
  "max_mean_ratio": 1.0057558708414749,
  "aux_loss": 0.4003459021449089,
  "aux_loss_alpha": 0.05
}