{
  "experiment": "Exp-3",
  "epoch": 1,
  "step": 25400,
  "expert_load": [
    812064.0,
    832102.0,
    816509.0,
    809725.0
  ],
  "cv": 0.01066549581090985,
  "max_mean_ratio": 1.0177372798434319,
  "aux_loss": 0.40050755769014357,
  "aux_loss_alpha": 0.05
}