{
  "experiment": "Exp-3",
  "epoch": 0,
  "step": 5200,
  "expert_load": [
    804577.0,
    824573.0,
    812190.0,
    829060.0
  ],
  "cv": 0.0119027166497216,
  "max_mean_ratio": 1.0140166340508683,
  "aux_loss": 0.4029483500123024,
  "aux_loss_alpha": 0.05
}