{
  "experiment": "Exp-3",
  "epoch": 0,
  "step": 26800,
  "expert_load": [
    807962.0,
    827481.0,
    812086.0,
    822871.0
  ],
  "cv": 0.009644466631566357,
  "max_mean_ratio": 1.0120853718199485,
  "aux_loss": 0.40130031675100325,
  "aux_loss_alpha": 0.05
}