{
  "experiment": "Exp-3",
  "epoch": 0,
  "step": 19400,
  "expert_load": [
    806861.0,
    820413.0,
    812625.0,
    830501.0
  ],
  "cv": 0.010843963324440303,
  "max_mean_ratio": 1.0157791095890287,
  "aux_loss": 0.401876295208931,
  "aux_loss_alpha": 0.05
}