{
  "experiment": "Exp-3",
  "epoch": 0,
  "step": 36300,
  "expert_load": [
    806585.0,
    813191.0,
    822732.0,
    827892.0
  ],
  "cv": 0.010104993607433218,
  "max_mean_ratio": 1.0125880626222967,
  "aux_loss": 0.40105913400650023,
  "aux_loss_alpha": 0.05
}