{
  "experiment": "Exp-3",
  "epoch": 1,
  "step": 34800,
  "expert_load": [
    823365.0,
    813527.0,
    818758.0,
    814750.0
  ],
  "cv": 0.004708825277488934,
  "max_mean_ratio": 1.0070511252446062,
  "aux_loss": 0.4004788812994957,
  "aux_loss_alpha": 0.05
}