{
  "experiment": "Exp-3",
  "epoch": 0,
  "step": 23000,
  "expert_load": [
    815392.0,
    816912.0,
    826394.0,
    811702.0
  ],
  "cv": 0.006628138473122473,
  "max_mean_ratio": 1.010755870841475,
  "aux_loss": 0.40155254751443864,
  "aux_loss_alpha": 0.05
}