{
  "experiment": "Exp-3",
  "epoch": 0,
  "step": 27600,
  "expert_load": [
    821985.0,
    806090.0,
    813847.0,
    828478.0
  ],
  "cv": 0.010308209622676,
  "max_mean_ratio": 1.0133047945205356,
  "aux_loss": 0.40121121108531954,
  "aux_loss_alpha": 0.05
}