{
  "experiment": "Exp-3",
  "epoch": 1,
  "step": 43700,
  "expert_load": [
    818969.0,
    822202.0,
    816001.0,
    813228.0
  ],
  "cv": 0.0040897636637528545,
  "max_mean_ratio": 1.0056286692759173,
  "aux_loss": 0.40027935832738876,
  "aux_loss_alpha": 0.05
}