{
  "experiment": "Exp-3",
  "epoch": 0,
  "step": 13700,
  "expert_load": [
    819635.0,
    831123.0,
    812065.0,
    807577.0
  ],
  "cv": 0.010907304916829612,
  "max_mean_ratio": 1.016539872798422,
  "aux_loss": 0.40190353244543076,
  "aux_loss_alpha": 0.05
}