{
  "experiment": "Exp-3",
  "epoch": 0,
  "step": 3100,
  "expert_load": [
    816132.0,
    822155.0,
    806104.0,
    826009.0
  ],
  "cv": 0.009188920411111677,
  "max_mean_ratio": 1.010284980430516,
  "aux_loss": 0.4035608074069023,
  "aux_loss_alpha": 0.05
}