{
  "experiment": "Exp-3",
  "epoch": 0,
  "step": 23700,
  "expert_load": [
    811998.0,
    826194.0,
    806812.0,
    825396.0
  ],
  "cv": 0.010276844002262595,
  "max_mean_ratio": 1.0105112524461717,
  "aux_loss": 0.40159888863563536,
  "aux_loss_alpha": 0.05
}