{
  "experiment": "Exp-3",
  "epoch": 1,
  "step": 35700,
  "expert_load": [
    811707.0,
    822150.0,
    812515.0,
    824028.0
  ],
  "cv": 0.006771511369022055,
  "max_mean_ratio": 1.0078620352250365,
  "aux_loss": 0.40029118925333024,
  "aux_loss_alpha": 0.05
}