{
  "experiment": "Exp-3",
  "epoch": 1,
  "step": 34300,
  "expert_load": [
    819288.0,
    819099.0,
    822571.0,
    809442.0
  ],
  "cv": 0.00600313130656793,
  "max_mean_ratio": 1.006079990215252,
  "aux_loss": 0.4004275706410408,
  "aux_loss_alpha": 0.05
}