{
  "experiment": "Exp-3",
  "epoch": 1,
  "step": 35400,
  "expert_load": [
    820335.0,
    816184.0,
    817327.0,
    816554.0
  ],
  "cv": 0.001996107605338772,
  "max_mean_ratio": 1.0033451565557607,
  "aux_loss": 0.4002730292081833,
  "aux_loss_alpha": 0.05
}