{
  "experiment": "Exp-3",
  "epoch": 1,
  "step": 23200,
  "expert_load": [
    806664.0,
    825107.0,
    816953.0,
    821676.0
  ],
  "cv": 0.008495505495313924,
  "max_mean_ratio": 1.009181751467698,
  "aux_loss": 0.4004403436183929,
  "aux_loss_alpha": 0.05
}