{
  "experiment": "Exp-3",
  "epoch": 0,
  "step": 13900,
  "expert_load": [
    820414.0,
    826657.0,
    813012.0,
    810317.0
  ],
  "cv": 0.007832557394546443,
  "max_mean_ratio": 1.0110775440312987,
  "aux_loss": 0.40203530371189117,
  "aux_loss_alpha": 0.05
}