{
  "experiment": "Exp-3",
  "epoch": 0,
  "step": 43600,
  "expert_load": [
    819021.0,
    816442.0,
    813516.0,
    821421.0
  ],
  "cv": 0.003599263767906787,
  "max_mean_ratio": 1.0046734344422577,
  "aux_loss": 0.40106167167425155,
  "aux_loss_alpha": 0.05
}