{
  "experiment": "Exp-3",
  "epoch": 1,
  "step": 40200,
  "expert_load": [
    813563.0,
    823467.0,
    818819.0,
    814551.0
  ],
  "cv": 0.004795917130263059,
  "max_mean_ratio": 1.0071758806262108,
  "aux_loss": 0.40032881379127505,
  "aux_loss_alpha": 0.05
}