{
  "experiment": "Exp-3",
  "epoch": 1,
  "step": 31900,
  "expert_load": [
    819990.0,
    815307.0,
    828563.0,
    806540.0
  ],
  "cv": 0.009736475039368154,
  "max_mean_ratio": 1.0134087573385395,
  "aux_loss": 0.40024967908859255,
  "aux_loss_alpha": 0.05
}