{
  "experiment": "Exp-3",
  "epoch": 0,
  "step": 9400,
  "expert_load": [
    811433.0,
    816757.0,
    822847.0,
    819363.0
  ],
  "cv": 0.00509391411409913,
  "max_mean_ratio": 1.0064175636007704,
  "aux_loss": 0.40228694915771485,
  "aux_loss_alpha": 0.05
}