{
  "experiment": "Exp-3",
  "epoch": 1,
  "step": 38600,
  "expert_load": [
    818123.0,
    818083.0,
    810241.0,
    823953.0
  ],
  "cv": 0.0059613126691306145,
  "max_mean_ratio": 1.0077703033267977,
  "aux_loss": 0.400265066921711,
  "aux_loss_alpha": 0.05
}