{
  "experiment": "Exp-3",
  "epoch": 0,
  "step": 33300,
  "expert_load": [
    818704.0,
    821000.0,
    817518.0,
    813178.0
  ],
  "cv": 0.003477736023307504,
  "max_mean_ratio": 1.0041585127201442,
  "aux_loss": 0.40108087509870527,
  "aux_loss_alpha": 0.05
}