{
  "experiment": "Exp-3",
  "epoch": 1,
  "step": 32400,
  "expert_load": [
    819076.0,
    826166.0,
    819172.0,
    805986.0
  ],
  "cv": 0.008923357162923386,
  "max_mean_ratio": 1.010477005870829,
  "aux_loss": 0.40032996028661727,
  "aux_loss_alpha": 0.05
}