{
  "experiment": "Exp-3",
  "epoch": 1,
  "step": 12400,
  "expert_load": [
    824661.0,
    812393.0,
    818061.0,
    815285.0
  ],
  "cv": 0.00555606670342306,
  "max_mean_ratio": 1.0086362524461716,
  "aux_loss": 0.40048921227455136,
  "aux_loss_alpha": 0.05
}