{
  "experiment": "Exp-3",
  "epoch": 0,
  "step": 24800,
  "expert_load": [
    807427.0,
    818573.0,
    816399.0,
    828001.0
  ],
  "cv": 0.008947397370161033,
  "max_mean_ratio": 1.012721379647737,
  "aux_loss": 0.4014978563785553,
  "aux_loss_alpha": 0.05
}