{
  "experiment": "Exp-3",
  "epoch": 1,
  "step": 17500,
  "expert_load": [
    818359.0,
    818772.0,
    816309.0,
    816960.0
  ],
  "cv": 0.0012270523937247587,
  "max_mean_ratio": 1.0014334637964653,
  "aux_loss": 0.4004990828037262,
  "aux_loss_alpha": 0.05
}