{
  "experiment": "Exp-3",
  "epoch": 0,
  "step": 33900,
  "expert_load": [
    809146.0,
    831848.0,
    815363.0,
    814043.0
  ],
  "cv": 0.010452465199210977,
  "max_mean_ratio": 1.0174266144813966,
  "aux_loss": 0.40130393028259276,
  "aux_loss_alpha": 0.05
}