{
  "experiment": "Exp-3",
  "epoch": 1,
  "step": 22100,
  "expert_load": [
    803942.0,
    827083.0,
    820356.0,
    819019.0
  ],
  "cv": 0.010343580152657041,
  "max_mean_ratio": 1.0115985812132948,
  "aux_loss": 0.4004814004898071,
  "aux_loss_alpha": 0.05
}