{
  "experiment": "Exp-3",
  "epoch": 1,
  "step": 14200,
  "expert_load": [
    819036.0,
    815279.0,
    817779.0,
    818306.0
  ],
  "cv": 0.0017275079775696187,
  "max_mean_ratio": 1.0017563600782655,
  "aux_loss": 0.4004132384061813,
  "aux_loss_alpha": 0.05
}