{
  "experiment": "Exp-3",
  "epoch": 1,
  "step": 12900,
  "expert_load": [
    817477.0,
    817680.0,
    813522.0,
    821721.0
  ],
  "cv": 0.0035466636463620223,
  "max_mean_ratio": 1.0050403620352126,
  "aux_loss": 0.40081061094999315,
  "aux_loss_alpha": 0.05
}