{
  "experiment": "Exp-3",
  "epoch": 0,
  "step": 44100,
  "expert_load": [
    825215.0,
    812791.0,
    821289.0,
    811105.0
  ],
  "cv": 0.0071555700134157026,
  "max_mean_ratio": 1.0093138454011619,
  "aux_loss": 0.40091811031103136,
  "aux_loss_alpha": 0.05
}