{
  "experiment": "Exp-3",
  "epoch": 1,
  "step": 14400,
  "expert_load": [
    817182.0,
    825654.0,
    808633.0,
    818931.0
  ],
  "cv": 0.007420155026907933,
  "max_mean_ratio": 1.0098507827788525,
  "aux_loss": 0.4004189521074295,
  "aux_loss_alpha": 0.05
}