{
  "experiment": "Exp-3",
  "epoch": 1,
  "step": 6500,
  "expert_load": [
    811613.0,
    835258.0,
    808438.0,
    815091.0
  ],
  "cv": 0.012797050102816013,
  "max_mean_ratio": 1.0215973581213182,
  "aux_loss": 0.40069531291723254,
  "aux_loss_alpha": 0.05
}