{
  "experiment": "Exp-3",
  "epoch": 1,
  "step": 42900,
  "expert_load": [
    815744.0,
    820504.0,
    817024.0,
    817128.0
  ],
  "cv": 0.0021562969707929194,
  "max_mean_ratio": 1.003551859099792,
  "aux_loss": 0.4002820062637329,
  "aux_loss_alpha": 0.05
}