{
  "experiment": "Exp-3",
  "epoch": 1,
  "step": 31000,
  "expert_load": [
    815313.0,
    818977.0,
    823167.0,
    812943.0
  ],
  "cv": 0.0047293359566107545,
  "max_mean_ratio": 1.0068089530332558,
  "aux_loss": 0.4003783199191093,
  "aux_loss_alpha": 0.05
}