{
  "experiment": "Exp-3",
  "epoch": 0,
  "step": 14300,
  "expert_load": [
    814447.0,
    815739.0,
    824271.0,
    815943.0
  ],
  "cv": 0.0047627073164788125,
  "max_mean_ratio": 1.0081592465753302,
  "aux_loss": 0.4019916158914566,
  "aux_loss_alpha": 0.05
}