{
  "experiment": "Exp-3",
  "epoch": 0,
  "step": 17800,
  "expert_load": [
    816549.0,
    807932.0,
    824162.0,
    821757.0
  ],
  "cv": 0.00761160654564417,
  "max_mean_ratio": 1.00802592954989,
  "aux_loss": 0.4016644549369812,
  "aux_loss_alpha": 0.05
}