{
  "experiment": "Exp-3",
  "epoch": 1,
  "step": 39800,
  "expert_load": [
    818119.0,
    818159.0,
    827743.0,
    806379.0
  ],
  "cv": 0.009261906394286519,
  "max_mean_ratio": 1.0124058219177958,
  "aux_loss": 0.4002886417508125,
  "aux_loss_alpha": 0.05
}