{
  "experiment": "Exp-3",
  "epoch": 1,
  "step": 42800,
  "expert_load": [
    805675.0,
    829225.0,
    819377.0,
    816123.0
  ],
  "cv": 0.01028207797593554,
  "max_mean_ratio": 1.0142184442269935,
  "aux_loss": 0.4003410539031029,
  "aux_loss_alpha": 0.05
}