{
  "experiment": "Exp-3",
  "epoch": 1,
  "step": 15600,
  "expert_load": [
    810877.0,
    816647.0,
    819764.0,
    823112.0
  ],
  "cv": 0.005509753441857198,
  "max_mean_ratio": 1.0067416829745475,
  "aux_loss": 0.400600703060627,
  "aux_loss_alpha": 0.05
}