{
  "experiment": "Exp-3",
  "epoch": 0,
  "step": 37600,
  "expert_load": [
    814939.0,
    822193.0,
    817369.0,
    815899.0
  ],
  "cv": 0.0034117102576328166,
  "max_mean_ratio": 1.0056176614481287,
  "aux_loss": 0.4010853323340416,
  "aux_loss_alpha": 0.05
}