{
  "experiment": "Exp-3",
  "epoch": 1,
  "step": 25500,
  "expert_load": [
    809454.0,
    827975.0,
    818461.0,
    814510.0
  ],
  "cv": 0.008301888482677858,
  "max_mean_ratio": 1.0126895792563477,
  "aux_loss": 0.40047279715538026,
  "aux_loss_alpha": 0.05
}