{
  "experiment": "Exp-3",
  "epoch": 1,
  "step": 44100,
  "expert_load": [
    820256.0,
    810966.0,
    822820.0,
    816358.0
  ],
  "cv": 0.005464883046607381,
  "max_mean_ratio": 1.0063845401174045,
  "aux_loss": 0.40023056536912915,
  "aux_loss_alpha": 0.05
}