{
  "experiment": "Exp-3",
  "epoch": 1,
  "step": 33300,
  "expert_load": [
    815012.0,
    820707.0,
    816196.0,
    818485.0
  ],
  "cv": 0.002673066917464192,
  "max_mean_ratio": 1.003800146771025,
  "aux_loss": 0.40030315846204756,
  "aux_loss_alpha": 0.05
}