{
  "experiment": "Exp-3",
  "epoch": 0,
  "step": 23800,
  "expert_load": [
    825212.0,
    815422.0,
    822893.0,
    806873.0
  ],
  "cv": 0.008772448037701703,
  "max_mean_ratio": 1.0093101761252323,
  "aux_loss": 0.4016802448034287,
  "aux_loss_alpha": 0.05
}