{
  "experiment": "Exp-3",
  "epoch": 0,
  "step": 34000,
  "expert_load": [
    809696.0,
    817600.0,
    809585.0,
    833519.0
  ],
  "cv": 0.011923233300972213,
  "max_mean_ratio": 1.0194704011741558,
  "aux_loss": 0.4013626858592033,
  "aux_loss_alpha": 0.05
}