{
  "experiment": "Exp-3",
  "epoch": 1,
  "step": 3200,
  "expert_load": [
    820097.0,
    819098.0,
    820982.0,
    810223.0
  ],
  "cv": 0.005272685011772196,
  "max_mean_ratio": 1.004136497064567,
  "aux_loss": 0.40079241037368774,
  "aux_loss_alpha": 0.05
}