{
  "experiment": "Exp-3",
  "epoch": 1,
  "step": 30000,
  "expert_load": [
    809054.0,
    826370.0,
    809388.0,
    825588.0
  ],
  "cv": 0.010254882095844419,
  "max_mean_ratio": 1.0107265166340385,
  "aux_loss": 0.4002531898021698,
  "aux_loss_alpha": 0.05
}