{
  "experiment": "Exp-3",
  "epoch": 1,
  "step": 32600,
  "expert_load": [
    815768.0,
    819479.0,
    813654.0,
    821499.0
  ],
  "cv": 0.003752918877946841,
  "max_mean_ratio": 1.0047688356164262,
  "aux_loss": 0.4004231408238411,
  "aux_loss_alpha": 0.05
}