{
  "experiment": "Exp-3",
  "epoch": 0,
  "step": 20100,
  "expert_load": [
    826061.0,
    818295.0,
    820288.0,
    805756.0
  ],
  "cv": 0.009061972661027592,
  "max_mean_ratio": 1.0103485812132948,
  "aux_loss": 0.4016983413696289,
  "aux_loss_alpha": 0.05
}