{
  "experiment": "Exp-3",
  "epoch": 0,
  "step": 6600,
  "expert_load": [
    805953.0,
    830310.0,
    817097.0,
    817040.0
  ],
  "cv": 0.010552727686215624,
  "max_mean_ratio": 1.015545499021514,
  "aux_loss": 0.4026407131552696,
  "aux_loss_alpha": 0.05
}