{
  "experiment": "Exp-3",
  "epoch": 1,
  "step": 12000,
  "expert_load": [
    824119.0,
    820710.0,
    814370.0,
    811201.0
  ],
  "cv": 0.006223049574402137,
  "max_mean_ratio": 1.0079733365948995,
  "aux_loss": 0.4006611555814743,
  "aux_loss_alpha": 0.05
}