{
  "experiment": "Exp-3",
  "epoch": 1,
  "step": 10500,
  "expert_load": [
    817686.0,
    814719.0,
    824043.0,
    813952.0
  ],
  "cv": 0.004858913235001775,
  "max_mean_ratio": 1.0078803816046844,
  "aux_loss": 0.4007875367999077,
  "aux_loss_alpha": 0.05
}