{
  "experiment": "Exp-3",
  "epoch": 1,
  "step": 9000,
  "expert_load": [
    817056.0,
    819612.0,
    811384.0,
    822348.0
  ],
  "cv": 0.004950359665484284,
  "max_mean_ratio": 1.0058072407044887,
  "aux_loss": 0.40072309255599975,
  "aux_loss_alpha": 0.05
}