{
  "experiment": "Exp-3",
  "epoch": 0,
  "step": 25600,
  "expert_load": [
    823527.0,
    812565.0,
    816022.0,
    818286.0
  ],
  "cv": 0.004870964095083875,
  "max_mean_ratio": 1.0072492661448018,
  "aux_loss": 0.40143505841493604,
  "aux_loss_alpha": 0.05
}