{
  "experiment": "Exp-3",
  "epoch": 1,
  "step": 14900,
  "expert_load": [
    811319.0,
    816911.0,
    808205.0,
    833965.0
  ],
  "cv": 0.01216968752866607,
  "max_mean_ratio": 1.0200159001956823,
  "aux_loss": 0.4005986198782921,
  "aux_loss_alpha": 0.05
}