{
  "experiment": "Exp-3",
  "epoch": 1,
  "step": 14700,
  "expert_load": [
    816642.0,
    820507.0,
    815589.0,
    817662.0
  ],
  "cv": 0.002239993519045808,
  "max_mean_ratio": 1.0035555283757216,
  "aux_loss": 0.4004832065105438,
  "aux_loss_alpha": 0.05
}