{
  "experiment": "Exp-3",
  "epoch": 1,
  "step": 31300,
  "expert_load": [
    811588.0,
    827156.0,
    821809.0,
    809847.0
  ],
  "cv": 0.008762110879976349,
  "max_mean_ratio": 1.0116878669275806,
  "aux_loss": 0.4003943738341331,
  "aux_loss_alpha": 0.05
}