{
  "experiment": "Exp-3",
  "epoch": 0,
  "step": 1600,
  "expert_load": [
    802564.0,
    825935.0,
    811686.0,
    830215.0
  ],
  "cv": 0.013532548818569428,
  "max_mean_ratio": 1.0154293052837449,
  "aux_loss": 0.4048364877700806,
  "aux_loss_alpha": 0.05
}