{
  "experiment": "Exp-3",
  "epoch": 1,
  "step": 24800,
  "expert_load": [
    811923.0,
    828734.0,
    810775.0,
    818968.0
  ],
  "cv": 0.008748449635365597,
  "max_mean_ratio": 1.0136179060665238,
  "aux_loss": 0.4004965165257454,
  "aux_loss_alpha": 0.05
}