{
  "experiment": "Exp-3",
  "epoch": 1,
  "step": 15000,
  "expert_load": [
    824902.0,
    809028.0,
    824756.0,
    811714.0
  ],
  "cv": 0.008917919539658647,
  "max_mean_ratio": 1.0089310176125121,
  "aux_loss": 0.4005392834544182,
  "aux_loss_alpha": 0.05
}