{
  "experiment": "Exp-3",
  "epoch": 1,
  "step": 20300,
  "expert_load": [
    817368.0,
    819092.0,
    819935.0,
    814005.0
  ],
  "cv": 0.002779416795346101,
  "max_mean_ratio": 1.002855919765154,
  "aux_loss": 0.4005325064063072,
  "aux_loss_alpha": 0.05
}