{
  "experiment": "Exp-3",
  "epoch": 0,
  "step": 41500,
  "expert_load": [
    817664.0,
    816296.0,
    825581.0,
    810859.0
  ],
  "cv": 0.006438448135166874,
  "max_mean_ratio": 1.009761497064567,
  "aux_loss": 0.4009912759065628,
  "aux_loss_alpha": 0.05
}