{
  "experiment": "Exp-3",
  "epoch": 1,
  "step": 37900,
  "expert_load": [
    807731.0,
    821919.0,
    815986.0,
    824764.0
  ],
  "cv": 0.007973087557141231,
  "max_mean_ratio": 1.0087622309197528,
  "aux_loss": 0.40050248146057127,
  "aux_loss_alpha": 0.05
}