{
  "experiment": "Exp-3",
  "epoch": 1,
  "step": 14000,
  "expert_load": [
    815655.0,
    820540.0,
    814404.0,
    819801.0
  ],
  "cv": 0.0032061250988984135,
  "max_mean_ratio": 1.0035958904109465,
  "aux_loss": 0.400589734017849,
  "aux_loss_alpha": 0.05
}