{
  "experiment": "Exp-3",
  "epoch": 0,
  "step": 24400,
  "expert_load": [
    811098.0,
    817061.0,
    816876.0,
    825365.0
  ],
  "cv": 0.006218130331916509,
  "max_mean_ratio": 1.0094973091976394,
  "aux_loss": 0.4013816106319428,
  "aux_loss_alpha": 0.05
}