{
  "experiment": "Exp-3",
  "epoch": 1,
  "step": 21300,
  "expert_load": [
    809504.0,
    822614.0,
    821790.0,
    816492.0
  ],
  "cv": 0.006398453385862507,
  "max_mean_ratio": 1.0061325831702421,
  "aux_loss": 0.4003282696008682,
  "aux_loss_alpha": 0.05
}