{
  "experiment": "Exp-3",
  "epoch": 0,
  "step": 38600,
  "expert_load": [
    829826.0,
    813724.0,
    817411.0,
    809439.0
  ],
  "cv": 0.009297432199616141,
  "max_mean_ratio": 1.01495352250488,
  "aux_loss": 0.4010248625278473,
  "aux_loss_alpha": 0.05
}