{
  "experiment": "Exp-3",
  "epoch": 1,
  "step": 12800,
  "expert_load": [
    812753.0,
    824957.0,
    813875.0,
    818815.0
  ],
  "cv": 0.005896607042525307,
  "max_mean_ratio": 1.0089982876712205,
  "aux_loss": 0.4006129142642021,
  "aux_loss_alpha": 0.05
}