{
  "experiment": "Exp-3",
  "epoch": 1,
  "step": 8000,
  "expert_load": [
    818015.0,
    825419.0,
    820183.0,
    806783.0
  ],
  "cv": 0.008317662666455072,
  "max_mean_ratio": 1.009563356164371,
  "aux_loss": 0.40088924765586853,
  "aux_loss_alpha": 0.05
}