{
  "experiment": "Exp-3",
  "epoch": 0,
  "step": 26200,
  "expert_load": [
    808816.0,
    824629.0,
    812030.0,
    824925.0
  ],
  "cv": 0.008888395723764568,
  "max_mean_ratio": 1.008959148727972,
  "aux_loss": 0.40118166238069536,
  "aux_loss_alpha": 0.05
}