{
  "experiment": "Exp-3",
  "epoch": 1,
  "step": 39900,
  "expert_load": [
    812287.0,
    824579.0,
    810363.0,
    823171.0
  ],
  "cv": 0.00774383903249593,
  "max_mean_ratio": 1.0085359589040972,
  "aux_loss": 0.40016506135463714,
  "aux_loss_alpha": 0.05
}