{
  "experiment": "Exp-3",
  "epoch": 0,
  "step": 32700,
  "expert_load": [
    812848.0,
    818993.0,
    818722.0,
    819837.0
  ],
  "cv": 0.0033931160346402163,
  "max_mean_ratio": 1.0027360567514554,
  "aux_loss": 0.4011746832728386,
  "aux_loss_alpha": 0.05
}