{
  "experiment": "Exp-3",
  "epoch": 1,
  "step": 22700,
  "expert_load": [
    807165.0,
    827510.0,
    814157.0,
    821568.0
  ],
  "cv": 0.009368768680818745,
  "max_mean_ratio": 1.0121208414872676,
  "aux_loss": 0.40047163724899293,
  "aux_loss_alpha": 0.05
}