{
  "experiment": "Exp-3",
  "epoch": 1,
  "step": 26400,
  "expert_load": [
    813317.0,
    819216.0,
    821666.0,
    816201.0
  ],
  "cv": 0.0038408348844942044,
  "max_mean_ratio": 1.0049730919765043,
  "aux_loss": 0.40028922230005265,
  "aux_loss_alpha": 0.05
}