{
  "experiment": "Exp-3",
  "epoch": 1,
  "step": 38900,
  "expert_load": [
    817703.0,
    823759.0,
    811789.0,
    817149.0
  ],
  "cv": 0.005186076005610871,
  "max_mean_ratio": 1.0075330234833537,
  "aux_loss": 0.4002359601855278,
  "aux_loss_alpha": 0.05
}