{
  "experiment": "Exp-3",
  "epoch": 0,
  "step": 27100,
  "expert_load": [
    822144.0,
    820817.0,
    813874.0,
    813565.0
  ],
  "cv": 0.0047826386991078485,
  "max_mean_ratio": 1.0055577299412792,
  "aux_loss": 0.4015870577096939,
  "aux_loss_alpha": 0.05
}