{
  "experiment": "Exp-3",
  "epoch": 0,
  "step": 3000,
  "expert_load": [
    808775.0,
    834698.0,
    823011.0,
    803916.0
  ],
  "cv": 0.014813468918174965,
  "max_mean_ratio": 1.020912426614469,
  "aux_loss": 0.4038533282279968,
  "aux_loss_alpha": 0.05
}