{
  "experiment": "Exp-3",
  "epoch": 0,
  "step": 41300,
  "expert_load": [
    824542.0,
    818868.0,
    817145.0,
    809845.0
  ],
  "cv": 0.006418210382330829,
  "max_mean_ratio": 1.0084907045009661,
  "aux_loss": 0.4008504042029381,
  "aux_loss_alpha": 0.05
}