{
  "experiment": "Exp-3",
  "epoch": 1,
  "step": 36700,
  "expert_load": [
    824506.0,
    812792.0,
    816467.0,
    816635.0
  ],
  "cv": 0.005225931604314393,
  "max_mean_ratio": 1.0084466731898116,
  "aux_loss": 0.40025303333997725,
  "aux_loss_alpha": 0.05
}