{
  "experiment": "Exp-3",
  "epoch": 0,
  "step": 800,
  "expert_load": [
    816865.0,
    824775.0,
    811090.0,
    817670.0
  ],
  "cv": 0.005941943861033746,
  "max_mean_ratio": 1.0087756849314944,
  "aux_loss": 0.405875683426857,
  "aux_loss_alpha": 0.05
}