{
  "experiment": "Exp-3",
  "epoch": 0,
  "step": 28300,
  "expert_load": [
    816648.0,
    817001.0,
    817661.0,
    819090.0
  ],
  "cv": 0.001142286386508517,
  "max_mean_ratio": 1.0018224070449975,
  "aux_loss": 0.40139547526836394,
  "aux_loss_alpha": 0.05
}