{
  "experiment": "Exp-3",
  "epoch": 1,
  "step": 27800,
  "expert_load": [
    818634.0,
    814880.0,
    820587.0,
    816299.0
  ],
  "cv": 0.00267143592909121,
  "max_mean_ratio": 1.0036533757338428,
  "aux_loss": 0.40039370715618133,
  "aux_loss_alpha": 0.05
}