{
  "experiment": "Exp-3",
  "epoch": 0,
  "step": 11900,
  "expert_load": [
    818745.0,
    820128.0,
    807563.0,
    823964.0
  ],
  "cv": 0.007463458932775716,
  "max_mean_ratio": 1.0077837573385395,
  "aux_loss": 0.4019264554977417,
  "aux_loss_alpha": 0.05
}