{
  "experiment": "Exp-3",
  "epoch": 1,
  "step": 23000,
  "expert_load": [
    822196.0,
    821635.0,
    806720.0,
    819849.0
  ],
  "cv": 0.007755715805023755,
  "max_mean_ratio": 1.0056213307240582,
  "aux_loss": 0.4004326558113098,
  "aux_loss_alpha": 0.05
}