{
  "experiment": "Exp-3",
  "epoch": 1,
  "step": 8900,
  "expert_load": [
    816164.0,
    820760.0,
    816998.0,
    816478.0
  ],
  "cv": 0.0022609827149870534,
  "max_mean_ratio": 1.0038649706457803,
  "aux_loss": 0.40060138821601865,
  "aux_loss_alpha": 0.05
}