{
  "experiment": "Exp-3",
  "epoch": 1,
  "step": 19000,
  "expert_load": [
    813148.0,
    823392.0,
    824769.0,
    809091.0
  ],
  "cv": 0.008139886725438684,
  "max_mean_ratio": 1.0087683463796353,
  "aux_loss": 0.400584964454174,
  "aux_loss_alpha": 0.05
}