{
  "experiment": "Exp-3",
  "epoch": 0,
  "step": 32800,
  "expert_load": [
    815569.0,
    812932.0,
    819024.0,
    822875.0
  ],
  "cv": 0.004566925407155796,
  "max_mean_ratio": 1.0064518101761128,
  "aux_loss": 0.40095154076814654,
  "aux_loss_alpha": 0.05
}