{
  "experiment": "Exp-3",
  "epoch": 1,
  "step": 1800,
  "expert_load": [
    811939.0,
    820220.0,
    815402.0,
    822839.0
  ],
  "cv": 0.005159855374151417,
  "max_mean_ratio": 1.0064077788649584,
  "aux_loss": 0.4009227955341339,
  "aux_loss_alpha": 0.05
}