{
  "experiment": "Exp-3",
  "epoch": 0,
  "step": 31200,
  "expert_load": [
    824592.0,
    800765.0,
    827979.0,
    817064.0
  ],
  "cv": 0.012832505437025894,
  "max_mean_ratio": 1.0126944716242536,
  "aux_loss": 0.4012989017367363,
  "aux_loss_alpha": 0.05
}