{
  "experiment": "Exp-3",
  "epoch": 1,
  "step": 41500,
  "expert_load": [
    811942.0,
    817855.0,
    819701.0,
    820902.0
  ],
  "cv": 0.004210146252656351,
  "max_mean_ratio": 1.0040386497064457,
  "aux_loss": 0.40028591006994246,
  "aux_loss_alpha": 0.05
}