{
  "experiment": "Exp-3",
  "epoch": 0,
  "step": 24900,
  "expert_load": [
    818021.0,
    816470.0,
    827083.0,
    808826.0
  ],
  "cv": 0.007935136470309346,
  "max_mean_ratio": 1.0115985812132948,
  "aux_loss": 0.40141558945178984,
  "aux_loss_alpha": 0.05
}