{
  "experiment": "Exp-3",
  "epoch": 0,
  "step": 7900,
  "expert_load": [
    803265.0,
    832023.0,
    812083.0,
    823029.0
  ],
  "cv": 0.013306240970141105,
  "max_mean_ratio": 1.017640655577287,
  "aux_loss": 0.40257621645927427,
  "aux_loss_alpha": 0.05
}