{
  "experiment": "Exp-3",
  "epoch": 1,
  "step": 19400,
  "expert_load": [
    817335.0,
    824208.0,
    813840.0,
    815017.0
  ],
  "cv": 0.004913168830647567,
  "max_mean_ratio": 1.0080821917808096,
  "aux_loss": 0.40056580990552904,
  "aux_loss_alpha": 0.05
}