{
  "experiment": "Exp-3",
  "epoch": 0,
  "step": 41700,
  "expert_load": [
    816851.0,
    819624.0,
    818344.0,
    815581.0
  ],
  "cv": 0.0018637081974872875,
  "max_mean_ratio": 1.0024755381604573,
  "aux_loss": 0.40103792130947113,
  "aux_loss_alpha": 0.05
}