{
  "experiment": "Exp-3",
  "epoch": 0,
  "step": 9900,
  "expert_load": [
    828494.0,
    808314.0,
    812767.0,
    820825.0
  ],
  "cv": 0.009447693348863938,
  "max_mean_ratio": 1.0133243639921599,
  "aux_loss": 0.4025962939858437,
  "aux_loss_alpha": 0.05
}