{
  "experiment": "Exp-3",
  "epoch": 0,
  "step": 6200,
  "expert_load": [
    816731.0,
    816407.0,
    817715.0,
    819547.0
  ],
  "cv": 0.0014957825125080082,
  "max_mean_ratio": 1.0023813600782656,
  "aux_loss": 0.4029309704899788,
  "aux_loss_alpha": 0.05
}