{
  "experiment": "Exp-3",
  "epoch": 0,
  "step": 18100,
  "expert_load": [
    820073.0,
    819043.0,
    825657.0,
    805627.0
  ],
  "cv": 0.008997542946772456,
  "max_mean_ratio": 1.009854452054782,
  "aux_loss": 0.40195955723524096,
  "aux_loss_alpha": 0.05
}