{
  "experiment": "Exp-3",
  "epoch": 1,
  "step": 37300,
  "expert_load": [
    822886.0,
    824897.0,
    810181.0,
    812436.0
  ],
  "cv": 0.007805216391725687,
  "max_mean_ratio": 1.0089249021526294,
  "aux_loss": 0.40034729838371275,
  "aux_loss_alpha": 0.05
}