{
  "experiment": "Exp-3",
  "epoch": 0,
  "step": 18900,
  "expert_load": [
    825948.0,
    811070.0,
    815847.0,
    817535.0
  ],
  "cv": 0.006569701192896813,
  "max_mean_ratio": 1.0102103718199484,
  "aux_loss": 0.40196431875228883,
  "aux_loss_alpha": 0.05
}