{
  "experiment": "Exp-3",
  "epoch": 0,
  "step": 18400,
  "expert_load": [
    811332.0,
    820372.0,
    821593.0,
    817103.0
  ],
  "cv": 0.00486026592217307,
  "max_mean_ratio": 1.0048838062622185,
  "aux_loss": 0.40175635635852813,
  "aux_loss_alpha": 0.05
}