{
  "experiment": "Exp-3",
  "epoch": 1,
  "step": 31800,
  "expert_load": [
    823571.0,
    819206.0,
    820868.0,
    806755.0
  ],
  "cv": 0.007891690427776323,
  "max_mean_ratio": 1.0073030821917686,
  "aux_loss": 0.40029721915721894,
  "aux_loss_alpha": 0.05
}