{
  "experiment": "Exp-3",
  "epoch": 0,
  "step": 26900,
  "expert_load": [
    825877.0,
    816025.0,
    824821.0,
    803677.0
  ],
  "cv": 0.01088795999724791,
  "max_mean_ratio": 1.0101235322896158,
  "aux_loss": 0.4015254133939743,
  "aux_loss_alpha": 0.05
}