{
  "experiment": "Exp-3",
  "epoch": 1,
  "step": 42000,
  "expert_load": [
    808713.0,
    816492.0,
    826207.0,
    818988.0
  ],
  "cv": 0.00764343022833589,
  "max_mean_ratio": 1.0105271526418662,
  "aux_loss": 0.4001350444555283,
  "aux_loss_alpha": 0.05
}