{
  "experiment": "Exp-3",
  "epoch": 1,
  "step": 43200,
  "expert_load": [
    809918.0,
    827438.0,
    818690.0,
    814354.0
  ],
  "cv": 0.00791530422501825,
  "max_mean_ratio": 1.0120327788649583,
  "aux_loss": 0.40028321474790574,
  "aux_loss_alpha": 0.05
}