{
  "experiment": "Exp-3",
  "epoch": 1,
  "step": 19200,
  "expert_load": [
    811886.0,
    828881.0,
    813686.0,
    815947.0
  ],
  "cv": 0.008158182939204584,
  "max_mean_ratio": 1.0137977005870717,
  "aux_loss": 0.4004482090473175,
  "aux_loss_alpha": 0.05
}