{
  "experiment": "Exp-3",
  "epoch": 1,
  "step": 37200,
  "expert_load": [
    821869.0,
    814055.0,
    808624.0,
    825852.0
  ],
  "cv": 0.008192330377209109,
  "max_mean_ratio": 1.010092954990203,
  "aux_loss": 0.4003918132185936,
  "aux_loss_alpha": 0.05
}