{
  "experiment": "Exp-3",
  "epoch": 0,
  "step": 13500,
  "expert_load": [
    825690.0,
    821012.0,
    805581.0,
    818117.0
  ],
  "cv": 0.009108001649262976,
  "max_mean_ratio": 1.0098948140900073,
  "aux_loss": 0.40193759262561796,
  "aux_loss_alpha": 0.05
}