{
  "experiment": "Exp-3",
  "epoch": 0,
  "step": 7500,
  "expert_load": [
    813034.0,
    821846.0,
    813140.0,
    822380.0
  ],
  "cv": 0.005524832469843071,
  "max_mean_ratio": 1.0058463796477373,
  "aux_loss": 0.4025332361459732,
  "aux_loss_alpha": 0.05
}