{
  "experiment": "Exp-3",
  "epoch": 1,
  "step": 21100,
  "expert_load": [
    800678.0,
    830558.0,
    814516.0,
    824648.0
  ],
  "cv": 0.013857276155057316,
  "max_mean_ratio": 1.01584882583169,
  "aux_loss": 0.4003502061963081,
  "aux_loss_alpha": 0.05
}