{
  "experiment": "Exp-3",
  "epoch": 0,
  "step": 41900,
  "expert_load": [
    811793.0,
    816563.0,
    809064.0,
    832980.0
  ],
  "cv": 0.011345856250382078,
  "max_mean_ratio": 1.0188111545988134,
  "aux_loss": 0.4011062556505203,
  "aux_loss_alpha": 0.05
}