{
  "experiment": "Exp-3",
  "epoch": 1,
  "step": 18400,
  "expert_load": [
    818012.0,
    812918.0,
    823929.0,
    815541.0
  ],
  "cv": 0.004982752193443402,
  "max_mean_ratio": 1.0077409491193614,
  "aux_loss": 0.4004720425605774,
  "aux_loss_alpha": 0.05
}