{
  "experiment": "Exp-3",
  "epoch": 0,
  "step": 43300,
  "expert_load": [
    806871.0,
    829848.0,
    814153.0,
    819528.0
  ],
  "cv": 0.010246341951672453,
  "max_mean_ratio": 1.0149804305283634,
  "aux_loss": 0.4008820840716362,
  "aux_loss_alpha": 0.05
}