{
  "experiment": "Exp-3",
  "epoch": 0,
  "step": 40900,
  "expert_load": [
    814965.0,
    819224.0,
    814683.0,
    821528.0
  ],
  "cv": 0.0035405646098336163,
  "max_mean_ratio": 1.004804305283745,
  "aux_loss": 0.40076962441205977,
  "aux_loss_alpha": 0.05
}