{
  "experiment": "Exp-3",
  "epoch": 1,
  "step": 15700,
  "expert_load": [
    813694.0,
    828316.0,
    816798.0,
    811592.0
  ],
  "cv": 0.007898862954455016,
  "max_mean_ratio": 1.01310665362034,
  "aux_loss": 0.4004985505342484,
  "aux_loss_alpha": 0.05
}