{
  "experiment": "Exp-3",
  "epoch": 0,
  "step": 3600,
  "expert_load": [
    819123.0,
    806908.0,
    826853.0,
    817516.0
  ],
  "cv": 0.008697367628959654,
  "max_mean_ratio": 1.011317270058696,
  "aux_loss": 0.4031844437122345,
  "aux_loss_alpha": 0.05
}