{
  "experiment": "Exp-3",
  "epoch": 1,
  "step": 10900,
  "expert_load": [
    813541.0,
    822213.0,
    824265.0,
    810381.0
  ],
  "cv": 0.007086850519049571,
  "max_mean_ratio": 1.008151908023471,
  "aux_loss": 0.4009396204352379,
  "aux_loss_alpha": 0.05
}