{
  "experiment": "Exp-3",
  "epoch": 1,
  "step": 33900,
  "expert_load": [
    805812.0,
    827222.0,
    815853.0,
    821513.0
  ],
  "cv": 0.009667523229192029,
  "max_mean_ratio": 1.0117685909980307,
  "aux_loss": 0.400333468914032,
  "aux_loss_alpha": 0.05
}