{
  "experiment": "Exp-3",
  "epoch": 1,
  "step": 39200,
  "expert_load": [
    814217.0,
    824931.0,
    812561.0,
    818691.0
  ],
  "cv": 0.00585840811234857,
  "max_mean_ratio": 1.0089664872798312,
  "aux_loss": 0.40024045586586,
  "aux_loss_alpha": 0.05
}