{
  "experiment": "Exp-3",
  "epoch": 0,
  "step": 24200,
  "expert_load": [
    826155.0,
    813457.0,
    813004.0,
    817784.0
  ],
  "cv": 0.006457807985070554,
  "max_mean_ratio": 1.0104635518590874,
  "aux_loss": 0.4016289097070694,
  "aux_loss_alpha": 0.05
}