{
  "experiment": "Exp-3",
  "epoch": 0,
  "step": 38000,
  "expert_load": [
    807467.0,
    829713.0,
    816140.0,
    817080.0
  ],
  "cv": 0.009704224349467836,
  "max_mean_ratio": 1.0148153131115336,
  "aux_loss": 0.40102373987436296,
  "aux_loss_alpha": 0.05
}