{
  "experiment": "Exp-3",
  "epoch": 0,
  "step": 32200,
  "expert_load": [
    822218.0,
    822523.0,
    815213.0,
    810446.0
  ],
  "cv": 0.00618959908382759,
  "max_mean_ratio": 1.006021281800379,
  "aux_loss": 0.4011486279964447,
  "aux_loss_alpha": 0.05
}