{
  "experiment": "Exp-3",
  "epoch": 0,
  "step": 900,
  "expert_load": [
    812271.0,
    826058.0,
    815815.0,
    816256.0
  ],
  "cv": 0.006264349233847465,
  "max_mean_ratio": 1.0103449119373653,
  "aux_loss": 0.4052607455849648,
  "aux_loss_alpha": 0.05
}