{
  "experiment": "Exp-3",
  "epoch": 1,
  "step": 23400,
  "expert_load": [
    816411.0,
    823903.0,
    806682.0,
    823404.0
  ],
  "cv": 0.008518523274102453,
  "max_mean_ratio": 1.007709148727972,
  "aux_loss": 0.4003717881441116,
  "aux_loss_alpha": 0.05
}