{
  "experiment": "Exp-3",
  "epoch": 0,
  "step": 43500,
  "expert_load": [
    815194.0,
    819134.0,
    816730.0,
    819342.0
  ],
  "cv": 0.0021125754638193846,
  "max_mean_ratio": 1.0021306262230798,
  "aux_loss": 0.40092312037944794,
  "aux_loss_alpha": 0.05
}