{
  "experiment": "Exp-3",
  "epoch": 1,
  "step": 26700,
  "expert_load": [
    822129.0,
    814756.0,
    823017.0,
    810498.0
  ],
  "cv": 0.006366615370061688,
  "max_mean_ratio": 1.0066254892367783,
  "aux_loss": 0.40026850551366805,
  "aux_loss_alpha": 0.05
}