{
  "experiment": "Exp-3",
  "epoch": 0,
  "step": 43400,
  "expert_load": [
    821791.0,
    827989.0,
    808877.0,
    811743.0
  ],
  "cv": 0.009392577169459279,
  "max_mean_ratio": 1.0127067025440188,
  "aux_loss": 0.40096297562122346,
  "aux_loss_alpha": 0.05
}