{
  "experiment": "Exp-3",
  "epoch": 1,
  "step": 13400,
  "expert_load": [
    820302.0,
    814208.0,
    823248.0,
    812642.0
  ],
  "cv": 0.0053063074996559404,
  "max_mean_ratio": 1.0069080234833536,
  "aux_loss": 0.4007830527424812,
  "aux_loss_alpha": 0.05
}