{
  "experiment": "Exp-3",
  "epoch": 1,
  "step": 24400,
  "expert_load": [
    827363.0,
    809945.0,
    827996.0,
    805096.0
  ],
  "cv": 0.012508200927256451,
  "max_mean_ratio": 1.0127152641878545,
  "aux_loss": 0.40040733516216276,
  "aux_loss_alpha": 0.05
}