{
  "experiment": "Exp-3",
  "epoch": 1,
  "step": 40400,
  "expert_load": [
    812272.0,
    824566.0,
    818098.0,
    815464.0
  ],
  "cv": 0.005528430677440001,
  "max_mean_ratio": 1.0085200587084024,
  "aux_loss": 0.4003283366560936,
  "aux_loss_alpha": 0.05
}