{
  "experiment": "Exp-3",
  "epoch": 1,
  "step": 1400,
  "expert_load": [
    800517.0,
    828950.0,
    816350.0,
    824583.0
  ],
  "cv": 0.013271762676201525,
  "max_mean_ratio": 1.0138820939334514,
  "aux_loss": 0.40061343103647234,
  "aux_loss_alpha": 0.05
}