{
  "experiment": "Exp-3",
  "epoch": 1,
  "step": 24000,
  "expert_load": [
    815627.0,
    818257.0,
    808565.0,
    827951.0
  ],
  "cv": 0.008498042455624591,
  "max_mean_ratio": 1.0126602250489112,
  "aux_loss": 0.40033851385116576,
  "aux_loss_alpha": 0.05
}