{
  "experiment": "Exp-3",
  "epoch": 0,
  "step": 1500,
  "expert_load": [
    816745.0,
    825319.0,
    822075.0,
    806261.0
  ],
  "cv": 0.008839167466135533,
  "max_mean_ratio": 1.0094410469667194,
  "aux_loss": 0.4047598972916603,
  "aux_loss_alpha": 0.05
}