{
  "experiment": "Exp-3",
  "epoch": 1,
  "step": 26100,
  "expert_load": [
    818505.0,
    820344.0,
    820303.0,
    811248.0
  ],
  "cv": 0.0045765002226409056,
  "max_mean_ratio": 1.0033561643835494,
  "aux_loss": 0.4002523753046989,
  "aux_loss_alpha": 0.05
}