{
  "experiment": "Exp-3",
  "epoch": 0,
  "step": 18200,
  "expert_load": [
    810923.0,
    824712.0,
    807387.0,
    827378.0
  ],
  "cv": 0.010505027099131476,
  "max_mean_ratio": 1.0119593933463673,
  "aux_loss": 0.4017436084151268,
  "aux_loss_alpha": 0.05
}