{
  "experiment": "Exp-3",
  "epoch": 1,
  "step": 16300,
  "expert_load": [
    828181.0,
    815811.0,
    817141.0,
    809267.0
  ],
  "cv": 0.008313599230025278,
  "max_mean_ratio": 1.0129415362035101,
  "aux_loss": 0.4005016204714775,
  "aux_loss_alpha": 0.05
}