{
  "experiment": "Exp-3",
  "epoch": 1,
  "step": 2600,
  "expert_load": [
    815597.0,
    822715.0,
    809957.0,
    822131.0
  ],
  "cv": 0.006388259559228151,
  "max_mean_ratio": 1.0062561154598704,
  "aux_loss": 0.40092910021543504,
  "aux_loss_alpha": 0.05
}