{
  "experiment": "Exp-3",
  "epoch": 1,
  "step": 31200,
  "expert_load": [
    810720.0,
    825815.0,
    826058.0,
    807807.0
  ],
  "cv": 0.010274359596685295,
  "max_mean_ratio": 1.0103449119373653,
  "aux_loss": 0.4002339977025986,
  "aux_loss_alpha": 0.05
}