{
  "experiment": "Exp-3",
  "epoch": 0,
  "step": 25000,
  "expert_load": [
    817092.0,
    809685.0,
    822164.0,
    821459.0
  ],
  "cv": 0.006073340249854684,
  "max_mean_ratio": 1.0055821917808097,
  "aux_loss": 0.40141383320093155,
  "aux_loss_alpha": 0.05
}