{
  "experiment": "Exp-3",
  "epoch": 1,
  "step": 9100,
  "expert_load": [
    819640.0,
    813916.0,
    824331.0,
    812513.0
  ],
  "cv": 0.005766635006421162,
  "max_mean_ratio": 1.0082326320939212,
  "aux_loss": 0.4005405232310295,
  "aux_loss_alpha": 0.05
}