{
  "experiment": "Exp-3",
  "epoch": 0,
  "step": 31600,
  "expert_load": [
    814303.0,
    820259.0,
    815069.0,
    820769.0
  ],
  "cv": 0.0035862367633737024,
  "max_mean_ratio": 1.003875978473569,
  "aux_loss": 0.40114485174417497,
  "aux_loss_alpha": 0.05
}