{
  "experiment": "Exp-3",
  "epoch": 1,
  "step": 5600,
  "expert_load": [
    804719.0,
    829414.0,
    816091.0,
    820176.0
  ],
  "cv": 0.010843584691474915,
  "max_mean_ratio": 1.014449608610555,
  "aux_loss": 0.4009477707743645,
  "aux_loss_alpha": 0.05
}