{
  "experiment": "Exp-3",
  "epoch": 0,
  "step": 9600,
  "expert_load": [
    811073.0,
    824126.0,
    815837.0,
    819364.0
  ],
  "cv": 0.005846912361637649,
  "max_mean_ratio": 1.0079818982387352,
  "aux_loss": 0.4021338978409767,
  "aux_loss_alpha": 0.05
}