{
  "experiment": "Exp-3",
  "epoch": 0,
  "step": 27500,
  "expert_load": [
    813367.0,
    829809.0,
    818029.0,
    809195.0
  ],
  "cv": 0.009430626796416226,
  "max_mean_ratio": 1.0149327299412791,
  "aux_loss": 0.4011537975072861,
  "aux_loss_alpha": 0.05
}