{
  "experiment": "Exp-3",
  "epoch": 0,
  "step": 16900,
  "expert_load": [
    815016.0,
    819890.0,
    823696.0,
    811798.0
  ],
  "cv": 0.005562903596463667,
  "max_mean_ratio": 1.0074559686888331,
  "aux_loss": 0.40162937372922897,
  "aux_loss_alpha": 0.05
}