{
  "experiment": "Exp-3",
  "epoch": 0,
  "step": 42400,
  "expert_load": [
    813140.0,
    820906.0,
    813193.0,
    823161.0
  ],
  "cv": 0.005509605333063166,
  "max_mean_ratio": 1.0068016144813967,
  "aux_loss": 0.40094988703727724,
  "aux_loss_alpha": 0.05
}