{
  "experiment": "Exp-3",
  "epoch": 0,
  "step": 34100,
  "expert_load": [
    820335.0,
    819472.0,
    809506.0,
    821087.0
  ],
  "cv": 0.005758173097136365,
  "max_mean_ratio": 1.0042649217221011,
  "aux_loss": 0.40145357340574267,
  "aux_loss_alpha": 0.05
}