{
  "experiment": "Exp-3",
  "epoch": 1,
  "step": 10000,
  "expert_load": [
    818765.0,
    820445.0,
    813810.0,
    817380.0
  ],
  "cv": 0.0029874349993501957,
  "max_mean_ratio": 1.0034796966731776,
  "aux_loss": 0.40076025784015656,
  "aux_loss_alpha": 0.05
}