{
  "experiment": "Exp-3",
  "epoch": 0,
  "step": 30800,
  "expert_load": [
    815465.0,
    824781.0,
    809494.0,
    820660.0
  ],
  "cv": 0.007004693137689494,
  "max_mean_ratio": 1.0087830234833537,
  "aux_loss": 0.40125221014022827,
  "aux_loss_alpha": 0.05
}