{
  "experiment": "Exp-3",
  "epoch": 0,
  "step": 4900,
  "expert_load": [
    808217.0,
    819042.0,
    814011.0,
    829130.0
  ],
  "cv": 0.00939359063971521,
  "max_mean_ratio": 1.0141022504892243,
  "aux_loss": 0.40311996906995773,
  "aux_loss_alpha": 0.05
}