{
  "experiment": "Exp-3",
  "epoch": 1,
  "step": 32900,
  "expert_load": [
    813857.0,
    815956.0,
    812178.0,
    828409.0
  ],
  "cv": 0.007806387526181717,
  "max_mean_ratio": 1.013220401174156,
  "aux_loss": 0.40029137015342714,
  "aux_loss_alpha": 0.05
}