{
  "experiment": "Exp-3",
  "epoch": 1,
  "step": 41700,
  "expert_load": [
    815774.0,
    815844.0,
    821924.0,
    816858.0
  ],
  "cv": 0.0030981519964109515,
  "max_mean_ratio": 1.0052886497064457,
  "aux_loss": 0.4002606755495071,
  "aux_loss_alpha": 0.05
}