{
  "experiment": "Exp-3",
  "epoch": 0,
  "step": 38400,
  "expert_load": [
    813076.0,
    809500.0,
    824066.0,
    823758.0
  ],
  "cv": 0.0078746298474574,
  "max_mean_ratio": 1.0079085127201441,
  "aux_loss": 0.4009098121523857,
  "aux_loss_alpha": 0.05
}