{
  "experiment": "Exp-3",
  "epoch": 0,
  "step": 8300,
  "expert_load": [
    819674.0,
    820332.0,
    821174.0,
    809220.0
  ],
  "cv": 0.005953178629716476,
  "max_mean_ratio": 1.004371330724058,
  "aux_loss": 0.4024691680073738,
  "aux_loss_alpha": 0.05
}