{
  "experiment": "Exp-3",
  "epoch": 1,
  "step": 2400,
  "expert_load": [
    809676.0,
    820295.0,
    807701.0,
    832728.0
  ],
  "cv": 0.012183423424886715,
  "max_mean_ratio": 1.0185029354207311,
  "aux_loss": 0.4007870921492577,
  "aux_loss_alpha": 0.05
}