{
  "experiment": "Exp-3",
  "epoch": 1,
  "step": 29100,
  "expert_load": [
    804019.0,
    817858.0,
    821717.0,
    826806.0
  ],
  "cv": 0.010345982142857016,
  "max_mean_ratio": 1.0112597847357998,
  "aux_loss": 0.4003534400463104,
  "aux_loss_alpha": 0.05
}