{
  "experiment": "Exp-3",
  "epoch": 0,
  "step": 2800,
  "expert_load": [
    814310.0,
    827742.0,
    823017.0,
    805331.0
  ],
  "cv": 0.010477917217694956,
  "max_mean_ratio": 1.0124045988258192,
  "aux_loss": 0.40348805725574494,
  "aux_loss_alpha": 0.05
}