{
  "experiment": "Exp-3",
  "epoch": 1,
  "step": 38000,
  "expert_load": [
    810889.0,
    821229.0,
    823098.0,
    815184.0
  ],
  "cv": 0.005937737690725833,
  "max_mean_ratio": 1.0067245596868761,
  "aux_loss": 0.40018323868513106,
  "aux_loss_alpha": 0.05
}