{
  "experiment": "Exp-3",
  "epoch": 1,
  "step": 13100,
  "expert_load": [
    818494.0,
    824087.0,
    818148.0,
    809671.0
  ],
  "cv": 0.006297728656089392,
  "max_mean_ratio": 1.0079341976516512,
  "aux_loss": 0.4005647528171539,
  "aux_loss_alpha": 0.05
}