{
  "experiment": "Exp-3",
  "epoch": 1,
  "step": 41100,
  "expert_load": [
    814572.0,
    815073.0,
    820733.0,
    820022.0
  ],
  "cv": 0.0034178958900287007,
  "max_mean_ratio": 1.0038319471624144,
  "aux_loss": 0.4003338786959648,
  "aux_loss_alpha": 0.05
}