{
  "experiment": "Exp-3",
  "epoch": 0,
  "step": 27200,
  "expert_load": [
    804130.0,
    827546.0,
    823956.0,
    814768.0
  ],
  "cv": 0.011088777605567991,
  "max_mean_ratio": 1.012164872798422,
  "aux_loss": 0.40148907393217087,
  "aux_loss_alpha": 0.05
}