{
  "experiment": "Exp-3",
  "epoch": 1,
  "step": 9600,
  "expert_load": [
    816813.0,
    823365.0,
    812340.0,
    817882.0
  ],
  "cv": 0.00479982648577003,
  "max_mean_ratio": 1.0070511252446062,
  "aux_loss": 0.40077450037002565,
  "aux_loss_alpha": 0.05
}