{
  "experiment": "Exp-3",
  "epoch": 1,
  "step": 29600,
  "expert_load": [
    816555.0,
    818113.0,
    819315.0,
    816417.0
  ],
  "cv": 0.0014595218367305807,
  "max_mean_ratio": 1.0020976027397137,
  "aux_loss": 0.4003262996673584,
  "aux_loss_alpha": 0.05
}