{
  "experiment": "Exp-3",
  "epoch": 1,
  "step": 9800,
  "expert_load": [
    823261.0,
    813928.0,
    816319.0,
    816892.0
  ],
  "cv": 0.0042224461505090604,
  "max_mean_ratio": 1.0069239236790484,
  "aux_loss": 0.40067945927381515,
  "aux_loss_alpha": 0.05
}