{
  "experiment": "Exp-3",
  "epoch": 1,
  "step": 8600,
  "expert_load": [
    816567.0,
    814518.0,
    811989.0,
    827326.0
  ],
  "cv": 0.007148661454829597,
  "max_mean_ratio": 1.0118957925635883,
  "aux_loss": 0.40070389419794084,
  "aux_loss_alpha": 0.05
}