{
  "experiment": "Exp-3",
  "epoch": 1,
  "step": 30500,
  "expert_load": [
    827146.0,
    818180.0,
    812002.0,
    813072.0
  ],
  "cv": 0.007320767456771253,
  "max_mean_ratio": 1.0116756360078154,
  "aux_loss": 0.4004033210873604,
  "aux_loss_alpha": 0.05
}