{
  "experiment": "Exp-3",
  "epoch": 1,
  "step": 37800,
  "expert_load": [
    809762.0,
    819000.0,
    819237.0,
    822401.0
  ],
  "cv": 0.005773318415751825,
  "max_mean_ratio": 1.005872064579244,
  "aux_loss": 0.40035056561231613,
  "aux_loss_alpha": 0.05
}