{
  "experiment": "Exp-3",
  "epoch": 1,
  "step": 38700,
  "expert_load": [
    822300.0,
    822563.0,
    808510.0,
    817027.0
  ],
  "cv": 0.00696405100962412,
  "max_mean_ratio": 1.0060702054794397,
  "aux_loss": 0.40023587018251416,
  "aux_loss_alpha": 0.05
}