{
  "experiment": "Exp-3",
  "epoch": 0,
  "step": 20600,
  "expert_load": [
    804451.0,
    828120.0,
    821014.0,
    816815.0
  ],
  "cv": 0.010518558748547449,
  "max_mean_ratio": 1.0128669275929425,
  "aux_loss": 0.401563281416893,
  "aux_loss_alpha": 0.05
}