{
  "experiment": "Exp-3",
  "epoch": 1,
  "step": 31700,
  "expert_load": [
    818646.0,
    822514.0,
    818224.0,
    811016.0
  ],
  "cv": 0.005079144442384662,
  "max_mean_ratio": 1.0060102739725905,
  "aux_loss": 0.4002846321463585,
  "aux_loss_alpha": 0.05
}