{
  "experiment": "Exp-3",
  "epoch": 1,
  "step": 30400,
  "expert_load": [
    821115.0,
    819650.0,
    815021.0,
    814614.0
  ],
  "cv": 0.003466185329011699,
  "max_mean_ratio": 1.0042991682974436,
  "aux_loss": 0.4004362633824348,
  "aux_loss_alpha": 0.05
}