{
  "experiment": "Exp-3",
  "epoch": 0,
  "step": 25500,
  "expert_load": [
    819983.0,
    814715.0,
    822436.0,
    813266.0
  ],
  "cv": 0.004583428489252023,
  "max_mean_ratio": 1.0059148727984222,
  "aux_loss": 0.4015162926912308,
  "aux_loss_alpha": 0.05
}