{
  "experiment": "Exp-3",
  "epoch": 1,
  "step": 37500,
  "expert_load": [
    810714.0,
    823807.0,
    817703.0,
    818176.0
  ],
  "cv": 0.005680673976233725,
  "max_mean_ratio": 1.0075917318982264,
  "aux_loss": 0.4003714010119438,
  "aux_loss_alpha": 0.05
}