{
  "experiment": "Exp-3",
  "epoch": 0,
  "step": 28500,
  "expert_load": [
    818894.0,
    815381.0,
    816431.0,
    819694.0
  ],
  "cv": 0.002149111604037324,
  "max_mean_ratio": 1.0025611545988136,
  "aux_loss": 0.4013882449269295,
  "aux_loss_alpha": 0.05
}