{
  "experiment": "Exp-3",
  "epoch": 1,
  "step": 22800,
  "expert_load": [
    817839.0,
    823063.0,
    821795.0,
    807703.0
  ],
  "cv": 0.007375409449149861,
  "max_mean_ratio": 1.006681751467698,
  "aux_loss": 0.4005092224478722,
  "aux_loss_alpha": 0.05
}