{
  "experiment": "Exp-3",
  "epoch": 0,
  "step": 29300,
  "expert_load": [
    806659.0,
    834805.0,
    818436.0,
    810500.0
  ],
  "cv": 0.013213164148498492,
  "max_mean_ratio": 1.0210432974559562,
  "aux_loss": 0.40129557758569717,
  "aux_loss_alpha": 0.05
}