{
  "experiment": "Exp-3",
  "epoch": 0,
  "step": 23400,
  "expert_load": [
    819586.0,
    814798.0,
    818433.0,
    817583.0
  ],
  "cv": 0.0021612401017937146,
  "max_mean_ratio": 1.0024290606653499,
  "aux_loss": 0.401278632581234,
  "aux_loss_alpha": 0.05
}