{
  "experiment": "Exp-3",
  "epoch": 0,
  "step": 13800,
  "expert_load": [
    812448.0,
    819800.0,
    820412.0,
    817740.0
  ],
  "cv": 0.003834254195778757,
  "max_mean_ratio": 1.0034393346379524,
  "aux_loss": 0.4021934300661087,
  "aux_loss_alpha": 0.05
}