{
  "experiment": "Exp-3",
  "epoch": 0,
  "step": 31900,
  "expert_load": [
    809002.0,
    825474.0,
    807166.0,
    828758.0
  ],
  "cv": 0.011752106728152375,
  "max_mean_ratio": 1.0136472602739601,
  "aux_loss": 0.4010293412208557,
  "aux_loss_alpha": 0.05
}