{
  "experiment": "Exp-3",
  "epoch": 1,
  "step": 18900,
  "expert_load": [
    816264.0,
    826130.0,
    817203.0,
    810803.0
  ],
  "cv": 0.0067242981076473,
  "max_mean_ratio": 1.0104329745596745,
  "aux_loss": 0.40040524750947953,
  "aux_loss_alpha": 0.05
}