{
  "experiment": "Exp-3",
  "epoch": 0,
  "step": 21400,
  "expert_load": [
    810854.0,
    814304.0,
    821873.0,
    823369.0
  ],
  "cv": 0.006352783322567498,
  "max_mean_ratio": 1.007056017612512,
  "aux_loss": 0.4015022200345993,
  "aux_loss_alpha": 0.05
}