{
  "experiment": "Exp-3",
  "epoch": 1,
  "step": 11000,
  "expert_load": [
    828171.0,
    817445.0,
    804429.0,
    820355.0
  ],
  "cv": 0.01046503891916878,
  "max_mean_ratio": 1.012929305283745,
  "aux_loss": 0.4009018388390541,
  "aux_loss_alpha": 0.05
}