{
  "experiment": "Exp-3",
  "epoch": 0,
  "step": 34300,
  "expert_load": [
    814883.0,
    826095.0,
    804454.0,
    824968.0
  ],
  "cv": 0.010709073240276288,
  "max_mean_ratio": 1.0103901663404964,
  "aux_loss": 0.4013418346643448,
  "aux_loss_alpha": 0.05
}