{
  "experiment": "Exp-3",
  "epoch": 1,
  "step": 24100,
  "expert_load": [
    814733.0,
    820030.0,
    810196.0,
    825441.0
  ],
  "cv": 0.006984088098932767,
  "max_mean_ratio": 1.0095902641878545,
  "aux_loss": 0.4003532439470291,
  "aux_loss_alpha": 0.05
}