{
  "experiment": "Exp-3",
  "epoch": 1,
  "step": 15900,
  "expert_load": [
    817748.0,
    821580.0,
    816022.0,
    815050.0
  ],
  "cv": 0.00304884281643679,
  "max_mean_ratio": 1.004867906066524,
  "aux_loss": 0.400567941069603,
  "aux_loss_alpha": 0.05
}