{
  "experiment": "Exp-3",
  "epoch": 0,
  "step": 34600,
  "expert_load": [
    821744.0,
    814473.0,
    817088.0,
    817095.0
  ],
  "cv": 0.0032051095383974046,
  "max_mean_ratio": 1.0050684931506726,
  "aux_loss": 0.4011535048484802,
  "aux_loss_alpha": 0.05
}