{
  "experiment": "Exp-3",
  "epoch": 1,
  "step": 6700,
  "expert_load": [
    809882.0,
    829902.0,
    820796.0,
    809820.0
  ],
  "cv": 0.01026322038206323,
  "max_mean_ratio": 1.0150464774950951,
  "aux_loss": 0.40082639306783674,
  "aux_loss_alpha": 0.05
}