{
  "experiment": "Exp-3",
  "epoch": 1,
  "step": 14800,
  "expert_load": [
    812563.0,
    816000.0,
    823987.0,
    817850.0
  ],
  "cv": 0.005072059108786325,
  "max_mean_ratio": 1.0078118884539995,
  "aux_loss": 0.4006282642483711,
  "aux_loss_alpha": 0.05
}