{
  "experiment": "Exp-3",
  "epoch": 1,
  "step": 6900,
  "expert_load": [
    822238.0,
    813017.0,
    818417.0,
    816728.0
  ],
  "cv": 0.0040538998359336284,
  "max_mean_ratio": 1.0056727005870718,
  "aux_loss": 0.40077256262302396,
  "aux_loss_alpha": 0.05
}