{
  "experiment": "Exp-3",
  "epoch": 0,
  "step": 10700,
  "expert_load": [
    827384.0,
    816803.0,
    814783.0,
    811430.0
  ],
  "cv": 0.007296803692782139,
  "max_mean_ratio": 1.0119667318982264,
  "aux_loss": 0.402219275534153,
  "aux_loss_alpha": 0.05
}