{
  "experiment": "Exp-3",
  "epoch": 1,
  "step": 10800,
  "expert_load": [
    819976.0,
    813298.0,
    820594.0,
    816532.0
  ],
  "cv": 0.003579359259857313,
  "max_mean_ratio": 1.0036619373776785,
  "aux_loss": 0.4007013466954231,
  "aux_loss_alpha": 0.05
}