{
  "experiment": "Exp-3",
  "epoch": 1,
  "step": 28700,
  "expert_load": [
    819449.0,
    818760.0,
    817239.0,
    814952.0
  ],
  "cv": 0.0021101993030764325,
  "max_mean_ratio": 1.002261497064567,
  "aux_loss": 0.400369431078434,
  "aux_loss_alpha": 0.05
}