{
  "experiment": "Exp-3",
  "epoch": 1,
  "step": 28200,
  "expert_load": [
    810107.0,
    823386.0,
    811994.0,
    824913.0
  ],
  "cv": 0.008079123301048702,
  "max_mean_ratio": 1.0089444716242537,
  "aux_loss": 0.400307169854641,
  "aux_loss_alpha": 0.05
}