{
  "experiment": "Exp-3",
  "epoch": 1,
  "step": 38100,
  "expert_load": [
    822246.0,
    817679.0,
    814078.0,
    816397.0
  ],
  "cv": 0.003640792159884832,
  "max_mean_ratio": 1.005682485322884,
  "aux_loss": 0.40041345089673996,
  "aux_loss_alpha": 0.05
}