{
  "experiment": "Exp-3",
  "epoch": 0,
  "step": 10500,
  "expert_load": [
    811749.0,
    823004.0,
    819536.0,
    816111.0
  ],
  "cv": 0.005094682129861728,
  "max_mean_ratio": 1.0066095890410836,
  "aux_loss": 0.4022590208053589,
  "aux_loss_alpha": 0.05
}