{
  "experiment": "Exp-3",
  "epoch": 0,
  "step": 11100,
  "expert_load": [
    806820.0,
    828719.0,
    823537.0,
    811324.0
  ],
  "cv": 0.01084484481064994,
  "max_mean_ratio": 1.013599559686876,
  "aux_loss": 0.4022789362072945,
  "aux_loss_alpha": 0.05
}