{
  "experiment": "Exp-3",
  "epoch": 1,
  "step": 27000,
  "expert_load": [
    817413.0,
    824800.0,
    814233.0,
    813954.0
  ],
  "cv": 0.005349016581496082,
  "max_mean_ratio": 1.0088062622309073,
  "aux_loss": 0.4003758278489113,
  "aux_loss_alpha": 0.05
}