{
  "experiment": "Exp-3",
  "epoch": 0,
  "step": 38100,
  "expert_load": [
    822416.0,
    817178.0,
    816176.0,
    814630.0
  ],
  "cv": 0.0035774454911860496,
  "max_mean_ratio": 1.0058904109588918,
  "aux_loss": 0.4010912737250328,
  "aux_loss_alpha": 0.05
}