{
  "experiment": "Exp-3",
  "epoch": 0,
  "step": 39500,
  "expert_load": [
    820548.0,
    822567.0,
    825429.0,
    801856.0
  ],
  "cv": 0.01131820409965128,
  "max_mean_ratio": 1.0095755870841363,
  "aux_loss": 0.40113945603370665,
  "aux_loss_alpha": 0.05
}