{
  "experiment": "Exp-3",
  "epoch": 0,
  "step": 29200,
  "expert_load": [
    817217.0,
    812919.0,
    819468.0,
    820796.0
  ],
  "cv": 0.0036571414596646753,
  "max_mean_ratio": 1.0039090019569348,
  "aux_loss": 0.40114773154258726,
  "aux_loss_alpha": 0.05
}