{
  "experiment": "Exp-3",
  "epoch": 1,
  "step": 22400,
  "expert_load": [
    814794.0,
    819477.0,
    814920.0,
    821209.0
  ],
  "cv": 0.0034379571664589536,
  "max_mean_ratio": 1.0044141389432362,
  "aux_loss": 0.4004934242367744,
  "aux_loss_alpha": 0.05
}