{
  "experiment": "Exp-3",
  "epoch": 0,
  "step": 31300,
  "expert_load": [
    817639.0,
    833106.0,
    803664.0,
    815991.0
  ],
  "cv": 0.012787579500978316,
  "max_mean_ratio": 1.0189652641878544,
  "aux_loss": 0.40118007838726044,
  "aux_loss_alpha": 0.05
}