{
  "experiment": "Exp-3",
  "epoch": 0,
  "step": 30000,
  "expert_load": [
    813089.0,
    809903.0,
    826940.0,
    820468.0
  ],
  "cv": 0.00809124015315395,
  "max_mean_ratio": 1.011423679060653,
  "aux_loss": 0.40116829991340636,
  "aux_loss_alpha": 0.05
}