{
  "experiment": "Exp-3",
  "epoch": 1,
  "step": 12300,
  "expert_load": [
    813373.0,
    824295.0,
    822753.0,
    809979.0
  ],
  "cv": 0.007422757680635305,
  "max_mean_ratio": 1.0081886007827665,
  "aux_loss": 0.40078105658292773,
  "aux_loss_alpha": 0.05
}