{
  "experiment": "Exp-3",
  "epoch": 0,
  "step": 24100,
  "expert_load": [
    809320.0,
    818117.0,
    823620.0,
    819343.0
  ],
  "cv": 0.006358435345255854,
  "max_mean_ratio": 1.0073630136986178,
  "aux_loss": 0.40169885009527206,
  "aux_loss_alpha": 0.05
}