{
  "experiment": "Exp-3",
  "epoch": 0,
  "step": 43700,
  "expert_load": [
    820938.0,
    823346.0,
    815757.0,
    810359.0
  ],
  "cv": 0.006115077069127554,
  "max_mean_ratio": 1.0070278864970523,
  "aux_loss": 0.4008710789680481,
  "aux_loss_alpha": 0.05
}