{
  "experiment": "Exp-3",
  "epoch": 1,
  "step": 4000,
  "expert_load": [
    802378.0,
    833640.0,
    806994.0,
    827388.0
  ],
  "cv": 0.01614855503149442,
  "max_mean_ratio": 1.0196183953033142,
  "aux_loss": 0.4008092617988586,
  "aux_loss_alpha": 0.05
}