{
  "experiment": "Exp-3",
  "epoch": 0,
  "step": 38700,
  "expert_load": [
    817358.0,
    822421.0,
    819125.0,
    811496.0
  ],
  "cv": 0.0048495653604107465,
  "max_mean_ratio": 1.0058965264187745,
  "aux_loss": 0.4010630762577057,
  "aux_loss_alpha": 0.05
}