{
  "experiment": "Exp-3",
  "epoch": 1,
  "step": 33500,
  "expert_load": [
    816098.0,
    820191.0,
    819166.0,
    814945.0
  ],
  "cv": 0.0026282726668564686,
  "max_mean_ratio": 1.0031690313111423,
  "aux_loss": 0.40032960325479505,
  "aux_loss_alpha": 0.05
}