{
  "experiment": "Exp-3",
  "epoch": 1,
  "step": 37100,
  "expert_load": [
    818366.0,
    824781.0,
    809478.0,
    817775.0
  ],
  "cv": 0.006647339464400298,
  "max_mean_ratio": 1.0087830234833537,
  "aux_loss": 0.40040486603975295,
  "aux_loss_alpha": 0.05
}