{
  "experiment": "Exp-3",
  "epoch": 1,
  "step": 37400,
  "expert_load": [
    815216.0,
    817417.0,
    823598.0,
    814169.0
  ],
  "cv": 0.004471597690171637,
  "max_mean_ratio": 1.0073361056751344,
  "aux_loss": 0.4004120108485222,
  "aux_loss_alpha": 0.05
}