{
  "experiment": "Exp-3",
  "epoch": 1,
  "step": 18500,
  "expert_load": [
    830838.0,
    817527.0,
    807715.0,
    814320.0
  ],
  "cv": 0.010300903320312374,
  "max_mean_ratio": 1.0161912915851148,
  "aux_loss": 0.40055433213710784,
  "aux_loss_alpha": 0.05
}