{
  "experiment": "Exp-3",
  "epoch": 0,
  "step": 25400,
  "expert_load": [
    816008.0,
    822469.0,
    810414.0,
    821509.0
  ],
  "cv": 0.00590262276785707,
  "max_mean_ratio": 1.0059552348336471,
  "aux_loss": 0.4013700905442238,
  "aux_loss_alpha": 0.05
}