{
  "experiment": "Exp-3",
  "epoch": 1,
  "step": 34100,
  "expert_load": [
    812062.0,
    816421.0,
    819809.0,
    822108.0
  ],
  "cv": 0.004627638665663929,
  "max_mean_ratio": 1.0055136986301247,
  "aux_loss": 0.40026296585798266,
  "aux_loss_alpha": 0.05
}