{
  "experiment": "Exp-3",
  "epoch": 1,
  "step": 24900,
  "expert_load": [
    830679.0,
    812923.0,
    820650.0,
    806148.0
  ],
  "cv": 0.011166122645547808,
  "max_mean_ratio": 1.0159968199608487,
  "aux_loss": 0.40060353368520735,
  "aux_loss_alpha": 0.05
}