{
  "experiment": "Exp-3",
  "epoch": 0,
  "step": 24700,
  "expert_load": [
    813520.0,
    823277.0,
    824162.0,
    809441.0
  ],
  "cv": 0.007699260674344023,
  "max_mean_ratio": 1.00802592954989,
  "aux_loss": 0.40128195881843565,
  "aux_loss_alpha": 0.05
}