{
  "experiment": "Exp-3",
  "epoch": 0,
  "step": 12800,
  "expert_load": [
    811373.0,
    813630.0,
    831545.0,
    813852.0
  ],
  "cv": 0.009918494775103842,
  "max_mean_ratio": 1.017056017612512,
  "aux_loss": 0.4020736816525459,
  "aux_loss_alpha": 0.05
}