{
  "experiment": "Exp-3",
  "epoch": 0,
  "step": 37500,
  "expert_load": [
    808581.0,
    831663.0,
    810937.0,
    819219.0
  ],
  "cv": 0.011043901835402261,
  "max_mean_ratio": 1.017200342465741,
  "aux_loss": 0.401055311858654,
  "aux_loss_alpha": 0.05
}