{
  "experiment": "Exp-3",
  "epoch": 0,
  "step": 24500,
  "expert_load": [
    814757.0,
    818433.0,
    820877.0,
    816333.0
  ],
  "cv": 0.00281048828841652,
  "max_mean_ratio": 1.0040080724070328,
  "aux_loss": 0.40121349930763245,
  "aux_loss_alpha": 0.05
}