{
  "experiment": "Exp-3",
  "epoch": 0,
  "step": 35000,
  "expert_load": [
    805895.0,
    828828.0,
    830077.0,
    805600.0
  ],
  "cv": 0.014507316096654666,
  "max_mean_ratio": 1.0152605185909855,
  "aux_loss": 0.40123152405023577,
  "aux_loss_alpha": 0.05
}