{
  "experiment": "Exp-3",
  "epoch": 0,
  "step": 23500,
  "expert_load": [
    814088.0,
    818706.0,
    811040.0,
    826566.0
  ],
  "cv": 0.007157442873004744,
  "max_mean_ratio": 1.0109662426614359,
  "aux_loss": 0.4012184914946556,
  "aux_loss_alpha": 0.05
}