{
  "experiment": "Exp-3",
  "epoch": 0,
  "step": 20800,
  "expert_load": [
    821427.0,
    820350.0,
    808043.0,
    820580.0
  ],
  "cv": 0.006766503141817432,
  "max_mean_ratio": 1.004680772994117,
  "aux_loss": 0.40173314064741134,
  "aux_loss_alpha": 0.05
}