{
  "experiment": "Exp-3",
  "epoch": 1,
  "step": 900,
  "expert_load": [
    815441.0,
    806214.0,
    832951.0,
    815794.0
  ],
  "cv": 0.01181435183769555,
  "max_mean_ratio": 1.0187756849314944,
  "aux_loss": 0.4009668791294098,
  "aux_loss_alpha": 0.05
}