{
  "experiment": "Exp-3",
  "epoch": 0,
  "step": 22700,
  "expert_load": [
    825001.0,
    817543.0,
    821556.0,
    806300.0
  ],
  "cv": 0.008607778530531329,
  "max_mean_ratio": 1.0090521037181872,
  "aux_loss": 0.4016526684165001,
  "aux_loss_alpha": 0.05
}