{
  "experiment": "Exp-3",
  "epoch": 0,
  "step": 19900,
  "expert_load": [
    815012.0,
    812263.0,
    827454.0,
    815671.0
  ],
  "cv": 0.007131886342266914,
  "max_mean_ratio": 1.0120523483365824,
  "aux_loss": 0.4018169292807579,
  "aux_loss_alpha": 0.05
}