{
  "experiment": "Exp-3",
  "epoch": 1,
  "step": 10400,
  "expert_load": [
    813360.0,
    829759.0,
    809329.0,
    817952.0
  ],
  "cv": 0.009361892968940994,
  "max_mean_ratio": 1.0148715753424533,
  "aux_loss": 0.4007632121443748,
  "aux_loss_alpha": 0.05
}