{
  "experiment": "Exp-3",
  "epoch": 1,
  "step": 19300,
  "expert_load": [
    806307.0,
    823683.0,
    816473.0,
    823937.0
  ],
  "cv": 0.008776535959859543,
  "max_mean_ratio": 1.0077507338551737,
  "aux_loss": 0.4004542776942253,
  "aux_loss_alpha": 0.05
}