{
  "experiment": "Exp-3",
  "epoch": 1,
  "step": 23500,
  "expert_load": [
    809501.0,
    826305.0,
    810299.0,
    824295.0
  ],
  "cv": 0.009464125064021105,
  "max_mean_ratio": 1.010647015655565,
  "aux_loss": 0.4004427844285965,
  "aux_loss_alpha": 0.05
}