{
  "experiment": "Exp-3",
  "epoch": 0,
  "step": 30900,
  "expert_load": [
    823887.0,
    802112.0,
    830649.0,
    813752.0
  ],
  "cv": 0.01318002958353702,
  "max_mean_ratio": 1.015960127201553,
  "aux_loss": 0.40124895483255385,
  "aux_loss_alpha": 0.05
}