{
  "experiment": "Exp-3",
  "epoch": 0,
  "step": 42600,
  "expert_load": [
    806733.0,
    823983.0,
    807916.0,
    831768.0
  ],
  "cv": 0.013020996571520144,
  "max_mean_ratio": 1.0173287671232751,
  "aux_loss": 0.40092018246650696,
  "aux_loss_alpha": 0.05
}