{
  "experiment": "Exp-3",
  "epoch": 1,
  "step": 43500,
  "expert_load": [
    816038.0,
    817515.0,
    820213.0,
    816634.0
  ],
  "cv": 0.001953886446420903,
  "max_mean_ratio": 1.0031959393346257,
  "aux_loss": 0.4002410000562668,
  "aux_loss_alpha": 0.05
}