{
  "experiment": "Exp-3",
  "epoch": 0,
  "step": 14000,
  "expert_load": [
    814115.0,
    821973.0,
    819933.0,
    814379.0
  ],
  "cv": 0.004196385572101221,
  "max_mean_ratio": 1.005348581213295,
  "aux_loss": 0.40199566513299945,
  "aux_loss_alpha": 0.05
}