{
  "experiment": "Exp-3",
  "epoch": 0,
  "step": 20300,
  "expert_load": [
    814640.0,
    812691.0,
    819461.0,
    823608.0
  ],
  "cv": 0.005204226499434256,
  "max_mean_ratio": 1.0073483365948996,
  "aux_loss": 0.4017973980307579,
  "aux_loss_alpha": 0.05
}