{
  "experiment": "Exp-3",
  "epoch": 1,
  "step": 20800,
  "expert_load": [
    805419.0,
    826324.0,
    808860.0,
    829797.0
  ],
  "cv": 0.01296764993387643,
  "max_mean_ratio": 1.014918052837561,
  "aux_loss": 0.4004968267679214,
  "aux_loss_alpha": 0.05
}