{
  "experiment": "Exp-3",
  "epoch": 1,
  "step": 11200,
  "expert_load": [
    819761.0,
    813842.0,
    817373.0,
    819424.0
  ],
  "cv": 0.0028795302777373973,
  "max_mean_ratio": 1.0026431017612403,
  "aux_loss": 0.40077921450138093,
  "aux_loss_alpha": 0.05
}