{
  "experiment": "Exp-3",
  "epoch": 1,
  "step": 18600,
  "expert_load": [
    810812.0,
    827096.0,
    817446.0,
    815046.0
  ],
  "cv": 0.0073078485477692965,
  "max_mean_ratio": 1.0116144814089896,
  "aux_loss": 0.4005367484688759,
  "aux_loss_alpha": 0.05
}