{
  "experiment": "Exp-3",
  "epoch": 0,
  "step": 27000,
  "expert_load": [
    809953.0,
    819266.0,
    816678.0,
    824503.0
  ],
  "cv": 0.006406762408650239,
  "max_mean_ratio": 1.008443003913882,
  "aux_loss": 0.40151881068944933,
  "aux_loss_alpha": 0.05
}