{
  "experiment": "Exp-3",
  "epoch": 1,
  "step": 40900,
  "expert_load": [
    808538.0,
    818891.0,
    824220.0,
    818751.0
  ],
  "cv": 0.006944096335692797,
  "max_mean_ratio": 1.0080968688845278,
  "aux_loss": 0.40016082853078844,
  "aux_loss_alpha": 0.05
}