{
  "experiment": "Exp-3",
  "epoch": 0,
  "step": 4400,
  "expert_load": [
    823756.0,
    819771.0,
    820969.0,
    805904.0
  ],
  "cv": 0.008446336958972804,
  "max_mean_ratio": 1.007529354207424,
  "aux_loss": 0.40320705324411393,
  "aux_loss_alpha": 0.05
}