{
  "experiment": "Exp-3",
  "epoch": 0,
  "step": 27800,
  "expert_load": [
    818869.0,
    823001.0,
    814125.0,
    814405.0
  ],
  "cv": 0.004454843181453285,
  "max_mean_ratio": 1.006605919765154,
  "aux_loss": 0.4014490294456482,
  "aux_loss_alpha": 0.05
}