{
  "experiment": "Exp-3",
  "epoch": 0,
  "step": 300,
  "expert_load": [
    804177.0,
    811279.0,
    826149.0,
    828795.0
  ],
  "cv": 0.012511241935237127,
  "max_mean_ratio": 1.0136925146770912,
  "aux_loss": 0.408663415312767,
  "aux_loss_alpha": 0.05
}