{
  "experiment": "Exp-3",
  "epoch": 0,
  "step": 11300,
  "expert_load": [
    821444.0,
    824665.0,
    811976.0,
    812315.0
  ],
  "cv": 0.006816781299688028,
  "max_mean_ratio": 1.0086411448140777,
  "aux_loss": 0.40222546428442,
  "aux_loss_alpha": 0.05
}