{
  "experiment": "Exp-3",
  "epoch": 0,
  "step": 200,
  "expert_load": [
    819841.0,
    825419.0,
    813732.0,
    811408.0
  ],
  "cv": 0.0066840919449837125,
  "max_mean_ratio": 1.009563356164371,
  "aux_loss": 0.4152601209282875,
  "aux_loss_alpha": 0.05
}