{
  "experiment": "Exp-3",
  "epoch": 0,
  "step": 34500,
  "expert_load": [
    809226.0,
    811379.0,
    819788.0,
    830007.0
  ],
  "cv": 0.01000295023162292,
  "max_mean_ratio": 1.0151749021526295,
  "aux_loss": 0.401260173022747,
  "aux_loss_alpha": 0.05
}