{
  "experiment": "Exp-3",
  "epoch": 1,
  "step": 27600,
  "expert_load": [
    817204.0,
    813217.0,
    816278.0,
    823701.0
  ],
  "cv": 0.004670921967687381,
  "max_mean_ratio": 1.0074620841487156,
  "aux_loss": 0.40031132608652115,
  "aux_loss_alpha": 0.05
}