{
  "experiment": "Exp-3",
  "epoch": 0,
  "step": 20700,
  "expert_load": [
    823111.0,
    820695.0,
    814268.0,
    812326.0
  ],
  "cv": 0.0054309774798189155,
  "max_mean_ratio": 1.0067404598825709,
  "aux_loss": 0.4015259230136871,
  "aux_loss_alpha": 0.05
}