{
  "experiment": "Exp-3",
  "epoch": 0,
  "step": 21900,
  "expert_load": [
    810721.0,
    822381.0,
    811064.0,
    826234.0
  ],
  "cv": 0.008372683889011944,
  "max_mean_ratio": 1.0105601761252323,
  "aux_loss": 0.40171574383974074,
  "aux_loss_alpha": 0.05
}