{
  "experiment": "Exp-3",
  "epoch": 1,
  "step": 17000,
  "expert_load": [
    807286.0,
    827117.0,
    806720.0,
    829277.0
  ],
  "cv": 0.012997022057699205,
  "max_mean_ratio": 1.0142820450097723,
  "aux_loss": 0.4007274749875069,
  "aux_loss_alpha": 0.05
}