{
  "experiment": "Exp-3",
  "epoch": 0,
  "step": 40600,
  "expert_load": [
    818450.0,
    819840.0,
    814048.0,
    818062.0
  ],
  "cv": 0.002635348146442299,
  "max_mean_ratio": 1.002739726027385,
  "aux_loss": 0.40102178901433944,
  "aux_loss_alpha": 0.05
}