{
  "experiment": "Exp-3",
  "epoch": 1,
  "step": 30200,
  "expert_load": [
    818003.0,
    828920.0,
    809280.0,
    814197.0
  ],
  "cv": 0.00884329360991764,
  "max_mean_ratio": 1.0138454011741558,
  "aux_loss": 0.40036956131458284,
  "aux_loss_alpha": 0.05
}