{
  "experiment": "Exp-3",
  "epoch": 0,
  "step": 38800,
  "expert_load": [
    810413.0,
    823615.0,
    807030.0,
    829342.0
  ],
  "cv": 0.011233696088398835,
  "max_mean_ratio": 1.0143615459882458,
  "aux_loss": 0.40108345985412597,
  "aux_loss_alpha": 0.05
}