{
  "experiment": "Exp-3",
  "epoch": 1,
  "step": 27200,
  "expert_load": [
    822759.0,
    817876.0,
    818091.0,
    811674.0
  ],
  "cv": 0.004817259726925547,
  "max_mean_ratio": 1.006309931506837,
  "aux_loss": 0.4002107620239258,
  "aux_loss_alpha": 0.05
}