{
  "experiment": "Exp-3",
  "epoch": 1,
  "step": 26200,
  "expert_load": [
    816946.0,
    819804.0,
    823056.0,
    810594.0
  ],
  "cv": 0.005609490381528185,
  "max_mean_ratio": 1.0066731898238623,
  "aux_loss": 0.40037744760513305,
  "aux_loss_alpha": 0.05
}