{
  "experiment": "Exp-3",
  "epoch": 1,
  "step": 41300,
  "expert_load": [
    812087.0,
    814456.0,
    819817.0,
    824040.0
  ],
  "cv": 0.005693180808349062,
  "max_mean_ratio": 1.0078767123287549,
  "aux_loss": 0.400186140537262,
  "aux_loss_alpha": 0.05
}