{
  "experiment": "Exp-3",
  "epoch": 0,
  "step": 19300,
  "expert_load": [
    809826.0,
    824217.0,
    822925.0,
    813432.0
  ],
  "cv": 0.0074885699427056935,
  "max_mean_ratio": 1.0080931996085982,
  "aux_loss": 0.4020425444841385,
  "aux_loss_alpha": 0.05
}