{
  "experiment": "Exp-3",
  "epoch": 1,
  "step": 6400,
  "expert_load": [
    816226.0,
    824249.0,
    820046.0,
    809879.0
  ],
  "cv": 0.006463142290507198,
  "max_mean_ratio": 1.0081323385518468,
  "aux_loss": 0.4007199403643608,
  "aux_loss_alpha": 0.05
}