{
  "experiment": "Exp-3",
  "epoch": 0,
  "step": 40400,
  "expert_load": [
    814621.0,
    826149.0,
    819205.0,
    810425.0
  ],
  "cv": 0.00713222257311788,
  "max_mean_ratio": 1.0104562133072283,
  "aux_loss": 0.40102831155061724,
  "aux_loss_alpha": 0.05
}