{
  "experiment": "Exp-3",
  "epoch": 0,
  "step": 40800,
  "expert_load": [
    807269.0,
    829828.0,
    824226.0,
    809077.0
  ],
  "cv": 0.011807731135717198,
  "max_mean_ratio": 1.014955968688833,
  "aux_loss": 0.4010884088277817,
  "aux_loss_alpha": 0.05
}