{
  "experiment": "Exp-3",
  "epoch": 1,
  "step": 5000,
  "expert_load": [
    813360.0,
    829738.0,
    807061.0,
    820241.0
  ],
  "cv": 0.010294228869174898,
  "max_mean_ratio": 1.0148458904109465,
  "aux_loss": 0.40082580983638766,
  "aux_loss_alpha": 0.05
}