{
  "experiment": "Exp-3",
  "epoch": 1,
  "step": 39600,
  "expert_load": [
    806283.0,
    824552.0,
    815194.0,
    824371.0
  ],
  "cv": 0.009234952982624337,
  "max_mean_ratio": 1.0085029354207313,
  "aux_loss": 0.400342170894146,
  "aux_loss_alpha": 0.05
}