{
  "experiment": "Exp-3",
  "epoch": 1,
  "step": 4900,
  "expert_load": [
    810534.0,
    830809.0,
    818909.0,
    810148.0
  ],
  "cv": 0.010263262186964772,
  "max_mean_ratio": 1.0161558219177957,
  "aux_loss": 0.40073169887065885,
  "aux_loss_alpha": 0.05
}