{
  "experiment": "Exp-3",
  "epoch": 0,
  "step": 42100,
  "expert_load": [
    816662.0,
    815355.0,
    814478.0,
    823905.0
  ],
  "cv": 0.004552620964274192,
  "max_mean_ratio": 1.007711594911925,
  "aux_loss": 0.4009571847319603,
  "aux_loss_alpha": 0.05
}