{
  "experiment": "Exp-3",
  "epoch": 0,
  "step": 11000,
  "expert_load": [
    818829.0,
    817968.0,
    814078.0,
    819525.0
  ],
  "cv": 0.0025769225118677827,
  "max_mean_ratio": 1.0023544520547822,
  "aux_loss": 0.4024232992529869,
  "aux_loss_alpha": 0.05
}