{
  "experiment": "Exp-3",
  "epoch": 1,
  "step": 8200,
  "expert_load": [
    813850.0,
    827474.0,
    809631.0,
    819445.0
  ],
  "cv": 0.008169745577757972,
  "max_mean_ratio": 1.0120768101761128,
  "aux_loss": 0.4008235514163971,
  "aux_loss_alpha": 0.05
}