{
  "experiment": "Exp-3",
  "epoch": 0,
  "step": 9700,
  "expert_load": [
    812795.0,
    833945.0,
    815722.0,
    807938.0
  ],
  "cv": 0.012032517285729427,
  "max_mean_ratio": 1.019991438356152,
  "aux_loss": 0.4021720713376999,
  "aux_loss_alpha": 0.05
}