{
  "experiment": "Exp-3",
  "epoch": 1,
  "step": 5300,
  "expert_load": [
    821635.0,
    814420.0,
    814572.0,
    819773.0
  ],
  "cv": 0.0038814788041982157,
  "max_mean_ratio": 1.0049351761252323,
  "aux_loss": 0.40078242361545563,
  "aux_loss_alpha": 0.05
}