{
  "experiment": "Exp-3",
  "epoch": 0,
  "step": 40300,
  "expert_load": [
    809711.0,
    816898.0,
    816013.0,
    827778.0
  ],
  "cv": 0.00794631868425871,
  "max_mean_ratio": 1.012448630136974,
  "aux_loss": 0.4010388517379761,
  "aux_loss_alpha": 0.05
}