{
  "experiment": "Exp-3",
  "epoch": 0,
  "step": 34700,
  "expert_load": [
    800549.0,
    826116.0,
    823156.0,
    820579.0
  ],
  "cv": 0.012276736742829473,
  "max_mean_ratio": 1.0104158512720032,
  "aux_loss": 0.40107475727796554,
  "aux_loss_alpha": 0.05
}