{
  "experiment": "Exp-3",
  "epoch": 0,
  "step": 36100,
  "expert_load": [
    807284.0,
    825303.0,
    817240.0,
    820573.0
  ],
  "cv": 0.008083620314028766,
  "max_mean_ratio": 1.0094214774950954,
  "aux_loss": 0.4010885319113731,
  "aux_loss_alpha": 0.05
}