{
  "experiment": "Exp-3",
  "epoch": 1,
  "step": 38400,
  "expert_load": [
    819538.0,
    814997.0,
    812684.0,
    823181.0
  ],
  "cv": 0.004962426053101242,
  "max_mean_ratio": 1.006826076320927,
  "aux_loss": 0.40024167209863665,
  "aux_loss_alpha": 0.05
}