{
  "experiment": "Exp-3",
  "epoch": 1,
  "step": 3300,
  "expert_load": [
    820097.0,
    816715.0,
    820993.0,
    812595.0
  ],
  "cv": 0.004037162646388772,
  "max_mean_ratio": 1.0041499510763086,
  "aux_loss": 0.4007078170776367,
  "aux_loss_alpha": 0.05
}