{
  "experiment": "Exp-3",
  "epoch": 0,
  "step": 2300,
  "expert_load": [
    802120.0,
    839743.0,
    814741.0,
    813796.0
  ],
  "cv": 0.016776738176140327,
  "max_mean_ratio": 1.0270829256359952,
  "aux_loss": 0.4038989397883415,
  "aux_loss_alpha": 0.05
}