{
  "experiment": "Exp-3",
  "epoch": 1,
  "step": 3100,
  "expert_load": [
    811929.0,
    822122.0,
    814680.0,
    821669.0
  ],
  "cv": 0.005390349684862642,
  "max_mean_ratio": 1.0055308219177959,
  "aux_loss": 0.40062872886657713,
  "aux_loss_alpha": 0.05
}