{
  "experiment": "Exp-3",
  "epoch": 0,
  "step": 19200,
  "expert_load": [
    819997.0,
    815725.0,
    820005.0,
    814673.0
  ],
  "cv": 0.002971672162617686,
  "max_mean_ratio": 1.0029415362035101,
  "aux_loss": 0.4016469147801399,
  "aux_loss_alpha": 0.05
}