{
  "experiment": "Exp-3",
  "epoch": 0,
  "step": 1000,
  "expert_load": [
    811474.0,
    815400.0,
    815261.0,
    828265.0
  ],
  "cv": 0.007773637566314423,
  "max_mean_ratio": 1.0130442759295375,
  "aux_loss": 0.40554413586854937,
  "aux_loss_alpha": 0.05
}