{
  "experiment": "Exp-3",
  "epoch": 1,
  "step": 34000,
  "expert_load": [
    820835.0,
    824660.0,
    816353.0,
    808552.0
  ],
  "cv": 0.007331672563944688,
  "max_mean_ratio": 1.008635029354195,
  "aux_loss": 0.40024992942810056,
  "aux_loss_alpha": 0.05
}