{
  "experiment": "Exp-3",
  "epoch": 0,
  "step": 6800,
  "expert_load": [
    808949.0,
    818827.0,
    816790.0,
    825834.0
  ],
  "cv": 0.0073589132350017445,
  "max_mean_ratio": 1.0100709393346257,
  "aux_loss": 0.4025853788852692,
  "aux_loss_alpha": 0.05
}