{
  "experiment": "Exp-3",
  "epoch": 1,
  "step": 1600,
  "expert_load": [
    818971.0,
    815472.0,
    815969.0,
    819988.0
  ],
  "cv": 0.0023503368101474302,
  "max_mean_ratio": 1.0029207436399095,
  "aux_loss": 0.4008352679014206,
  "aux_loss_alpha": 0.05
}