{
  "experiment": "Exp-3",
  "epoch": 1,
  "step": 14600,
  "expert_load": [
    812985.0,
    820913.0,
    818602.0,
    817900.0
  ],
  "cv": 0.003532608241251027,
  "max_mean_ratio": 1.0040521037181873,
  "aux_loss": 0.40055575370788576,
  "aux_loss_alpha": 0.05
}