{
  "experiment": "Exp-3",
  "epoch": 1,
  "step": 37700,
  "expert_load": [
    815267.0,
    825919.0,
    811838.0,
    817376.0
  ],
  "cv": 0.006352413647795299,
  "max_mean_ratio": 1.0101749021526296,
  "aux_loss": 0.4001940104365349,
  "aux_loss_alpha": 0.05
}