{
  "experiment": "Exp-3",
  "epoch": 0,
  "step": 35300,
  "expert_load": [
    819869.0,
    821601.0,
    813948.0,
    814982.0
  ],
  "cv": 0.003932358952651004,
  "max_mean_ratio": 1.0048935909980308,
  "aux_loss": 0.4009392648935318,
  "aux_loss_alpha": 0.05
}