{
  "experiment": "Exp-3",
  "epoch": 0,
  "step": 37800,
  "expert_load": [
    820312.0,
    813848.0,
    815558.0,
    820682.0
  ],
  "cv": 0.003623168109214425,
  "max_mean_ratio": 1.003769569471612,
  "aux_loss": 0.4010491767525673,
  "aux_loss_alpha": 0.05
}