{
  "experiment": "Exp-3",
  "epoch": 0,
  "step": 5700,
  "expert_load": [
    810672.0,
    824303.0,
    815911.0,
    819514.0
  ],
  "cv": 0.006098420204714945,
  "max_mean_ratio": 1.0081983855185785,
  "aux_loss": 0.40293356716632844,
  "aux_loss_alpha": 0.05
}