{
  "experiment": "Exp-3",
  "epoch": 1,
  "step": 4400,
  "expert_load": [
    821100.0,
    815459.0,
    814597.0,
    819244.0
  ],
  "cv": 0.0032678894520738653,
  "max_mean_ratio": 1.0042808219177959,
  "aux_loss": 0.4008400556445122,
  "aux_loss_alpha": 0.05
}