{
  "experiment": "Exp-3",
  "epoch": 0,
  "step": 20000,
  "expert_load": [
    811487.0,
    816829.0,
    819171.0,
    822913.0
  ],
  "cv": 0.005067322613441718,
  "max_mean_ratio": 1.0064982876712205,
  "aux_loss": 0.40178868919610977,
  "aux_loss_alpha": 0.05
}