{
  "experiment": "Exp-3",
  "epoch": 0,
  "step": 8700,
  "expert_load": [
    814791.0,
    821807.0,
    813730.0,
    820072.0
  ],
  "cv": 0.0041781174273406415,
  "max_mean_ratio": 1.0051455479451932,
  "aux_loss": 0.40220759093761443,
  "aux_loss_alpha": 0.05
}