{
  "experiment": "Exp-3",
  "epoch": 1,
  "step": 21500,
  "expert_load": [
    819021.0,
    822014.0,
    816026.0,
    813339.0
  ],
  "cv": 0.003969693417185158,
  "max_mean_ratio": 1.0053987279843322,
  "aux_loss": 0.4004009687900543,
  "aux_loss_alpha": 0.05
}