{
  "experiment": "Exp-3",
  "epoch": 1,
  "step": 21400,
  "expert_load": [
    817477.0,
    818842.0,
    823226.0,
    810855.0
  ],
  "cv": 0.005425367262032101,
  "max_mean_ratio": 1.0068811154598702,
  "aux_loss": 0.4004308262467384,
  "aux_loss_alpha": 0.05
}