{
  "experiment": "Exp-3",
  "epoch": 0,
  "step": 4200,
  "expert_load": [
    811315.0,
    823117.0,
    820022.0,
    815946.0
  ],
  "cv": 0.005419702100660403,
  "max_mean_ratio": 1.00674779843443,
  "aux_loss": 0.40286136269569395,
  "aux_loss_alpha": 0.05
}