{
  "experiment": "Exp-3",
  "epoch": 0,
  "step": 30700,
  "expert_load": [
    811295.0,
    824343.0,
    811155.0,
    823607.0
  ],
  "cv": 0.007803938953377167,
  "max_mean_ratio": 1.0082473091976394,
  "aux_loss": 0.40120807200670244,
  "aux_loss_alpha": 0.05
}