{
  "experiment": "Exp-3",
  "epoch": 0,
  "step": 28200,
  "expert_load": [
    817292.0,
    827155.0,
    811893.0,
    814060.0
  ],
  "cv": 0.0071447401550650425,
  "max_mean_ratio": 1.011686643835604,
  "aux_loss": 0.40155564069747923,
  "aux_loss_alpha": 0.05
}