{
  "experiment": "Exp-3",
  "epoch": 0,
  "step": 8000,
  "expert_load": [
    811192.0,
    819500.0,
    819547.0,
    820161.0
  ],
  "cv": 0.004536253150895095,
  "max_mean_ratio": 1.003132338551847,
  "aux_loss": 0.4024877467751503,
  "aux_loss_alpha": 0.05
}