{
  "experiment": "Exp-3",
  "epoch": 0,
  "step": 6500,
  "expert_load": [
    820677.0,
    820062.0,
    808914.0,
    820747.0
  ],
  "cv": 0.006142296240520962,
  "max_mean_ratio": 1.0038490704500855,
  "aux_loss": 0.4026151260733604,
  "aux_loss_alpha": 0.05
}