{
  "experiment": "Exp-3",
  "epoch": 0,
  "step": 32000,
  "expert_load": [
    826772.0,
    809212.0,
    828896.0,
    805520.0
  ],
  "cv": 0.012651911845645637,
  "max_mean_ratio": 1.0138160469667195,
  "aux_loss": 0.40135697424411776,
  "aux_loss_alpha": 0.05
}