{
  "experiment": "Exp-3",
  "epoch": 1,
  "step": 30900,
  "expert_load": [
    820229.0,
    824762.0,
    813626.0,
    811783.0
  ],
  "cv": 0.00635054676033505,
  "max_mean_ratio": 1.0087597847357999,
  "aux_loss": 0.400526821911335,
  "aux_loss_alpha": 0.05
}