{
  "experiment": "Exp-3",
  "epoch": 1,
  "step": 34500,
  "expert_load": [
    812902.0,
    818754.0,
    821812.0,
    816932.0
  ],
  "cv": 0.003943883070973686,
  "max_mean_ratio": 1.0051516634050757,
  "aux_loss": 0.4001496556401253,
  "aux_loss_alpha": 0.05
}