{
  "experiment": "Exp-3",
  "epoch": 0,
  "step": 13300,
  "expert_load": [
    817308.0,
    815783.0,
    813427.0,
    823882.0
  ],
  "cv": 0.004747432999881455,
  "max_mean_ratio": 1.0076834637964651,
  "aux_loss": 0.40225806027650834,
  "aux_loss_alpha": 0.05
}