{
  "experiment": "Exp-3",
  "epoch": 0,
  "step": 18000,
  "expert_load": [
    817596.0,
    816800.0,
    814434.0,
    821570.0
  ],
  "cv": 0.0031436363265005423,
  "max_mean_ratio": 1.0048556751467588,
  "aux_loss": 0.40167270302772523,
  "aux_loss_alpha": 0.05
}