{
  "experiment": "Exp-3",
  "epoch": 1,
  "step": 36200,
  "expert_load": [
    819834.0,
    814324.0,
    821387.0,
    814855.0
  ],
  "cv": 0.003749895189139662,
  "max_mean_ratio": 1.0046318493150561,
  "aux_loss": 0.40033340960741043,
  "aux_loss_alpha": 0.05
}