{
  "experiment": "Exp-3",
  "epoch": 0,
  "step": 6000,
  "expert_load": [
    827014.0,
    811922.0,
    814226.0,
    817238.0
  ],
  "cv": 0.007036181186743126,
  "max_mean_ratio": 1.0115141878669152,
  "aux_loss": 0.4028475770354271,
  "aux_loss_alpha": 0.05
}