{
  "experiment": "Exp-3",
  "epoch": 0,
  "step": 39900,
  "expert_load": [
    820984.0,
    812148.0,
    818317.0,
    818951.0
  ],
  "cv": 0.004034120443982338,
  "max_mean_ratio": 1.00413894324852,
  "aux_loss": 0.40097475945949557,
  "aux_loss_alpha": 0.05
}