{
  "experiment": "Exp-3",
  "epoch": 0,
  "step": 35100,
  "expert_load": [
    829326.0,
    812537.0,
    815524.0,
    813013.0
  ],
  "cv": 0.008395869484619515,
  "max_mean_ratio": 1.0143419765166217,
  "aux_loss": 0.40112736731767656,
  "aux_loss_alpha": 0.05
}