{
  "experiment": "Exp-3",
  "epoch": 0,
  "step": 1100,
  "expert_load": [
    811665.0,
    832644.0,
    809629.0,
    816462.0
  ],
  "cv": 0.011048150407824595,
  "max_mean_ratio": 1.0184001956947037,
  "aux_loss": 0.40464850068092345,
  "aux_loss_alpha": 0.05
}