{
  "experiment": "Exp-3",
  "epoch": 0,
  "step": 36900,
  "expert_load": [
    822496.0,
    822005.0,
    811597.0,
    814302.0
  ],
  "cv": 0.005810898633385753,
  "max_mean_ratio": 1.0059882583170132,
  "aux_loss": 0.400856713950634,
  "aux_loss_alpha": 0.05
}