{
  "experiment": "Exp-3",
  "epoch": 0,
  "step": 39700,
  "expert_load": [
    813896.0,
    828984.0,
    820665.0,
    806855.0
  ],
  "cv": 0.010014508092473276,
  "max_mean_ratio": 1.013923679060653,
  "aux_loss": 0.4009398913383484,
  "aux_loss_alpha": 0.05
}