{
  "experiment": "Exp-3",
  "epoch": 1,
  "step": 29700,
  "expert_load": [
    818957.0,
    822109.0,
    812705.0,
    816629.0
  ],
  "cv": 0.004195953787189589,
  "max_mean_ratio": 1.005514921722101,
  "aux_loss": 0.400324684381485,
  "aux_loss_alpha": 0.05
}