{
  "experiment": "Exp-3",
  "epoch": 1,
  "step": 1300,
  "expert_load": [
    817184.0,
    822033.0,
    804612.0,
    826571.0
  ],
  "cv": 0.010029941864909369,
  "max_mean_ratio": 1.0109723581213184,
  "aux_loss": 0.40095560044050216,
  "aux_loss_alpha": 0.05
}