{
  "experiment": "Exp-3",
  "epoch": 0,
  "step": 42200,
  "expert_load": [
    815150.0,
    814764.0,
    815321.0,
    825165.0
  ],
  "cv": 0.00534774033757332,
  "max_mean_ratio": 1.009252690802336,
  "aux_loss": 0.40087539166212083,
  "aux_loss_alpha": 0.05
}