{
  "experiment": "Exp-3",
  "epoch": 0,
  "step": 7000,
  "expert_load": [
    810645.0,
    826531.0,
    815921.0,
    817303.0
  ],
  "cv": 0.0070005867019324,
  "max_mean_ratio": 1.0109234344422577,
  "aux_loss": 0.4024805718660355,
  "aux_loss_alpha": 0.05
}