{
  "experiment": "Exp-3",
  "epoch": 1,
  "step": 23800,
  "expert_load": [
    821032.0,
    809122.0,
    822255.0,
    817991.0
  ],
  "cv": 0.0062806997280530664,
  "max_mean_ratio": 1.0056934931506727,
  "aux_loss": 0.40045161098241805,
  "aux_loss_alpha": 0.05
}