{
  "experiment": "Exp-3",
  "epoch": 0,
  "step": 4800,
  "expert_load": [
    817142.0,
    823253.0,
    815646.0,
    814359.0
  ],
  "cv": 0.004169665969281229,
  "max_mean_ratio": 1.0069141389432361,
  "aux_loss": 0.4031028378009796,
  "aux_loss_alpha": 0.05
}