{
  "experiment": "Exp-3",
  "epoch": 0,
  "step": 18700,
  "expert_load": [
    826885.0,
    811012.0,
    812172.0,
    820331.0
  ],
  "cv": 0.007891894674580995,
  "max_mean_ratio": 1.0113564090019445,
  "aux_loss": 0.40171086609363554,
  "aux_loss_alpha": 0.05
}