{
  "experiment": "Exp-3",
  "epoch": 0,
  "step": 3700,
  "expert_load": [
    817333.0,
    839468.0,
    809578.0,
    804021.0
  ],
  "cv": 0.016489330672471054,
  "max_mean_ratio": 1.0267465753424532,
  "aux_loss": 0.4030500355362892,
  "aux_loss_alpha": 0.05
}