{
  "experiment": "Exp-3",
  "epoch": 1,
  "step": 34400,
  "expert_load": [
    813267.0,
    827121.0,
    811999.0,
    818013.0
  ],
  "cv": 0.007260832963857543,
  "max_mean_ratio": 1.0116450587084025,
  "aux_loss": 0.40034081041812897,
  "aux_loss_alpha": 0.05
}