{
  "experiment": "Exp-3",
  "epoch": 0,
  "step": 42800,
  "expert_load": [
    810206.0,
    829820.0,
    819051.0,
    811323.0
  ],
  "cv": 0.009582083565848097,
  "max_mean_ratio": 1.014946183953021,
  "aux_loss": 0.4009724435210228,
  "aux_loss_alpha": 0.05
}