{
  "experiment": "Exp-3",
  "epoch": 1,
  "step": 6200,
  "expert_load": [
    812746.0,
    826856.0,
    824817.0,
    805981.0
  ],
  "cv": 0.010527139503195199,
  "max_mean_ratio": 1.0113209393346256,
  "aux_loss": 0.40084218949079514,
  "aux_loss_alpha": 0.05
}