{
  "experiment": "Exp-3",
  "epoch": 1,
  "step": 30600,
  "expert_load": [
    827112.0,
    808902.0,
    823083.0,
    811303.0
  ],
  "cv": 0.00939173868257694,
  "max_mean_ratio": 1.0116340508806139,
  "aux_loss": 0.4003521913290024,
  "aux_loss_alpha": 0.05
}