{
  "experiment": "Exp-3",
  "epoch": 1,
  "step": 23900,
  "expert_load": [
    813381.0,
    821334.0,
    817702.0,
    817983.0
  ],
  "cv": 0.0034540066653734594,
  "max_mean_ratio": 1.0045670254403007,
  "aux_loss": 0.40056867331266405,
  "aux_loss_alpha": 0.05
}