{
  "experiment": "Exp-3",
  "epoch": 1,
  "step": 12600,
  "expert_load": [
    808451.0,
    829850.0,
    813751.0,
    818348.0
  ],
  "cv": 0.009652764904522264,
  "max_mean_ratio": 1.0149828767123164,
  "aux_loss": 0.40065200567245485,
  "aux_loss_alpha": 0.05
}