{
  "experiment": "Exp-3",
  "epoch": 0,
  "step": 29500,
  "expert_load": [
    806128.0,
    815411.0,
    822280.0,
    826581.0
  ],
  "cv": 0.009453466008553884,
  "max_mean_ratio": 1.0109845890410836,
  "aux_loss": 0.40130229145288465,
  "aux_loss_alpha": 0.05
}