{
  "experiment": "Exp-3",
  "epoch": 1,
  "step": 30700,
  "expert_load": [
    819138.0,
    824265.0,
    814731.0,
    812266.0
  ],
  "cv": 0.005587214341135572,
  "max_mean_ratio": 1.008151908023471,
  "aux_loss": 0.4004810813069344,
  "aux_loss_alpha": 0.05
}