{
  "experiment": "Exp-3",
  "epoch": 0,
  "step": 33100,
  "expert_load": [
    820785.0,
    822920.0,
    811198.0,
    815497.0
  ],
  "cv": 0.005600066362295064,
  "max_mean_ratio": 1.0065068493150562,
  "aux_loss": 0.4011759343743324,
  "aux_loss_alpha": 0.05
}