{
  "experiment": "Exp-3",
  "epoch": 1,
  "step": 29800,
  "expert_load": [
    805629.0,
    820960.0,
    814944.0,
    828867.0
  ],
  "cv": 0.010388977886879154,
  "max_mean_ratio": 1.0137805772994004,
  "aux_loss": 0.4002503973245621,
  "aux_loss_alpha": 0.05
}