{
  "experiment": "Exp-3",
  "epoch": 1,
  "step": 600,
  "expert_load": [
    811779.0,
    826467.0,
    815684.0,
    816470.0
  ],
  "cv": 0.00662775028475102,
  "max_mean_ratio": 1.0108451565557606,
  "aux_loss": 0.4008606317639351,
  "aux_loss_alpha": 0.05
}