{
  "experiment": "Exp-3",
  "epoch": 0,
  "step": 11500,
  "expert_load": [
    821328.0,
    816526.0,
    814929.0,
    817617.0
  ],
  "cv": 0.0028805040333368653,
  "max_mean_ratio": 1.0045596868884417,
  "aux_loss": 0.40221583515405657,
  "aux_loss_alpha": 0.05
}