{
  "experiment": "Exp-3",
  "epoch": 1,
  "step": 4600,
  "expert_load": [
    822246.0,
    815630.0,
    820604.0,
    811920.0
  ],
  "cv": 0.004996470471884112,
  "max_mean_ratio": 1.005682485322884,
  "aux_loss": 0.40089452296495437,
  "aux_loss_alpha": 0.05
}