{
  "experiment": "Exp-3",
  "epoch": 0,
  "step": 32600,
  "expert_load": [
    814378.0,
    813679.0,
    815157.0,
    827186.0
  ],
  "cv": 0.0067993122257597625,
  "max_mean_ratio": 1.011724559686876,
  "aux_loss": 0.4010682141780853,
  "aux_loss_alpha": 0.05
}