{
  "experiment": "Exp-3",
  "epoch": 0,
  "step": 23100,
  "expert_load": [
    819396.0,
    818147.0,
    809333.0,
    823524.0
  ],
  "cv": 0.006324754330509952,
  "max_mean_ratio": 1.0072455968688723,
  "aux_loss": 0.4015435501933098,
  "aux_loss_alpha": 0.05
}