{
  "experiment": "Exp-3",
  "epoch": 1,
  "step": 34700,
  "expert_load": [
    811459.0,
    827934.0,
    816720.0,
    814287.0
  ],
  "cv": 0.007644417421225139,
  "max_mean_ratio": 1.0126394324853105,
  "aux_loss": 0.4003917106986046,
  "aux_loss_alpha": 0.05
}