{
  "experiment": "Exp-3",
  "epoch": 0,
  "step": 2400,
  "expert_load": [
    806104.0,
    810163.0,
    833189.0,
    820944.0
  ],
  "cv": 0.012852163296156276,
  "max_mean_ratio": 1.0190667808219054,
  "aux_loss": 0.40331224888563155,
  "aux_loss_alpha": 0.05
}