{
  "experiment": "Exp-3",
  "epoch": 1,
  "step": 16400,
  "expert_load": [
    813663.0,
    831310.0,
    806574.0,
    818853.0
  ],
  "cv": 0.011052021541707301,
  "max_mean_ratio": 1.0167685909980306,
  "aux_loss": 0.40059184432029726,
  "aux_loss_alpha": 0.05
}