{
  "experiment": "Exp-3",
  "epoch": 0,
  "step": 36500,
  "expert_load": [
    819568.0,
    825630.0,
    806933.0,
    818269.0
  ],
  "cv": 0.008263486500122208,
  "max_mean_ratio": 1.0098214285714162,
  "aux_loss": 0.4013257676362991,
  "aux_loss_alpha": 0.05
}