{
  "experiment": "Exp-3",
  "epoch": 1,
  "step": 27100,
  "expert_load": [
    818847.0,
    819228.0,
    820835.0,
    811490.0
  ],
  "cv": 0.004410036090768659,
  "max_mean_ratio": 1.003956702544019,
  "aux_loss": 0.40053176283836367,
  "aux_loss_alpha": 0.05
}