{
  "experiment": "Exp-3",
  "epoch": 1,
  "step": 43300,
  "expert_load": [
    820801.0,
    814704.0,
    819743.0,
    815152.0
  ],
  "cv": 0.003305651819635937,
  "max_mean_ratio": 1.0039151174168175,
  "aux_loss": 0.4002522414922714,
  "aux_loss_alpha": 0.05
}