{
  "experiment": "Exp-3",
  "epoch": 0,
  "step": 5300,
  "expert_load": [
    812975.0,
    817831.0,
    827229.0,
    812365.0
  ],
  "cv": 0.007276288235957286,
  "max_mean_ratio": 1.0117771526418662,
  "aux_loss": 0.40281553149223326,
  "aux_loss_alpha": 0.05
}