{
  "experiment": "Exp-3",
  "epoch": 1,
  "step": 5900,
  "expert_load": [
    823174.0,
    816374.0,
    818915.0,
    811937.0
  ],
  "cv": 0.004982180063505167,
  "max_mean_ratio": 1.0068175146770915,
  "aux_loss": 0.4009170073270798,
  "aux_loss_alpha": 0.05
}