{
  "experiment": "Exp-3",
  "epoch": 1,
  "step": 13900,
  "expert_load": [
    822431.0,
    821423.0,
    810158.0,
    816388.0
  ],
  "cv": 0.0059545295252491325,
  "max_mean_ratio": 1.0059087573385395,
  "aux_loss": 0.40059452801942824,
  "aux_loss_alpha": 0.05
}