{
  "experiment": "Exp-3",
  "epoch": 0,
  "step": 34400,
  "expert_load": [
    820882.0,
    817439.0,
    818486.0,
    813593.0
  ],
  "cv": 0.0032150390983327333,
  "max_mean_ratio": 1.0040141878669153,
  "aux_loss": 0.4012231916189194,
  "aux_loss_alpha": 0.05
}