{
  "experiment": "Exp-3",
  "epoch": 0,
  "step": 40700,
  "expert_load": [
    813571.0,
    822363.0,
    820423.0,
    814043.0
  ],
  "cv": 0.004718844419356137,
  "max_mean_ratio": 1.0058255870841364,
  "aux_loss": 0.40093024015426637,
  "aux_loss_alpha": 0.05
}