{
  "experiment": "Exp-3",
  "epoch": 0,
  "step": 7100,
  "expert_load": [
    800031.0,
    827963.0,
    831331.0,
    811075.0
  ],
  "cv": 0.015557536444318548,
  "max_mean_ratio": 1.0167942759295374,
  "aux_loss": 0.40253072530031203,
  "aux_loss_alpha": 0.05
}