{
  "experiment": "Exp-3",
  "epoch": 0,
  "step": 10300,
  "expert_load": [
    825934.0,
    816533.0,
    817289.0,
    810644.0
  ],
  "cv": 0.006673328377262639,
  "max_mean_ratio": 1.0101932485322773,
  "aux_loss": 0.40213001310825347,
  "aux_loss_alpha": 0.05
}