{
  "experiment": "Exp-3",
  "epoch": 0,
  "step": 1700,
  "expert_load": [
    809439.0,
    828347.0,
    816424.0,
    816190.0
  ],
  "cv": 0.008328506857914832,
  "max_mean_ratio": 1.013144569471612,
  "aux_loss": 0.40501819521188737,
  "aux_loss_alpha": 0.05
}