{
  "experiment": "Exp-3",
  "epoch": 0,
  "step": 18800,
  "expert_load": [
    811212.0,
    827622.0,
    812601.0,
    818965.0
  ],
  "cv": 0.007928906942766843,
  "max_mean_ratio": 1.0122578277886374,
  "aux_loss": 0.40168112456798555,
  "aux_loss_alpha": 0.05
}