{
  "experiment": "Exp-3",
  "epoch": 1,
  "step": 1000,
  "expert_load": [
    812277.0,
    827520.0,
    811971.0,
    818632.0
  ],
  "cv": 0.0077232083135853995,
  "max_mean_ratio": 1.0121330724070325,
  "aux_loss": 0.40089199602603914,
  "aux_loss_alpha": 0.05
}