{
  "experiment": "Exp-3",
  "epoch": 0,
  "step": 11700,
  "expert_load": [
    809401.0,
    822788.0,
    822455.0,
    815756.0
  ],
  "cv": 0.006730071364550125,
  "max_mean_ratio": 1.006345401174156,
  "aux_loss": 0.4021243292093277,
  "aux_loss_alpha": 0.05
}