{
  "experiment": "Exp-3",
  "epoch": 1,
  "step": 15500,
  "expert_load": [
    812810.0,
    822842.0,
    814764.0,
    819984.0
  ],
  "cv": 0.004898060240624175,
  "max_mean_ratio": 1.006411448140888,
  "aux_loss": 0.40061993807554247,
  "aux_loss_alpha": 0.05
}