{
  "experiment": "Exp-3",
  "epoch": 0,
  "step": 9300,
  "expert_load": [
    809018.0,
    817825.0,
    826609.0,
    816948.0
  ],
  "cv": 0.00762076898563622,
  "max_mean_ratio": 1.011018835616426,
  "aux_loss": 0.40228800624608996,
  "aux_loss_alpha": 0.05
}