{
  "experiment": "Exp-3",
  "epoch": 0,
  "step": 15700,
  "expert_load": [
    813632.0,
    818611.0,
    824053.0,
    814104.0
  ],
  "cv": 0.0051395471501956315,
  "max_mean_ratio": 1.0078926125244494,
  "aux_loss": 0.4022793027758598,
  "aux_loss_alpha": 0.05
}