{
  "experiment": "Exp-3",
  "epoch": 0,
  "step": 1800,
  "expert_load": [
    820496.0,
    828584.0,
    814578.0,
    806742.0
  ],
  "cv": 0.009785953529193557,
  "max_mean_ratio": 1.0134344422700463,
  "aux_loss": 0.4042162847518921,
  "aux_loss_alpha": 0.05
}