{
  "experiment": "Exp-3",
  "epoch": 0,
  "step": 41100,
  "expert_load": [
    820196.0,
    815329.0,
    818260.0,
    816615.0
  ],
  "cv": 0.0022304652861652734,
  "max_mean_ratio": 1.0031751467710248,
  "aux_loss": 0.4009167128801346,
  "aux_loss_alpha": 0.05
}