{
  "experiment": "Exp-3",
  "epoch": 1,
  "step": 22500,
  "expert_load": [
    820407.0,
    819999.0,
    814201.0,
    815793.0
  ],
  "cv": 0.0032620633418312347,
  "max_mean_ratio": 1.00343321917807,
  "aux_loss": 0.40040294706821444,
  "aux_loss_alpha": 0.05
}