{
  "experiment": "Exp-3",
  "epoch": 0,
  "step": 33500,
  "expert_load": [
    806881.0,
    830345.0,
    803730.0,
    829444.0
  ],
  "cv": 0.015103937735062804,
  "max_mean_ratio": 1.0155883072406922,
  "aux_loss": 0.4013771066069603,
  "aux_loss_alpha": 0.05
}