{
  "experiment": "Exp-3",
  "epoch": 0,
  "step": 12400,
  "expert_load": [
    829632.0,
    820354.0,
    813205.0,
    807209.0
  ],
  "cv": 0.01022658614962989,
  "max_mean_ratio": 1.0147162426614358,
  "aux_loss": 0.40215048372745515,
  "aux_loss_alpha": 0.05
}