{
  "experiment": "Exp-3",
  "epoch": 1,
  "step": 43100,
  "expert_load": [
    817333.0,
    822448.0,
    820059.0,
    810560.0
  ],
  "cv": 0.005441820476852917,
  "max_mean_ratio": 1.0059295499021403,
  "aux_loss": 0.4002786010503769,
  "aux_loss_alpha": 0.05
}