{
  "experiment": "Exp-3",
  "epoch": 1,
  "step": 43800,
  "expert_load": [
    824698.0,
    813754.0,
    829240.0,
    802708.0
  ],
  "cv": 0.012569234889080693,
  "max_mean_ratio": 1.0142367906066412,
  "aux_loss": 0.4003006938099861,
  "aux_loss_alpha": 0.05
}