{
  "experiment": "Exp-3",
  "epoch": 1,
  "step": 38800,
  "expert_load": [
    817061.0,
    822020.0,
    819940.0,
    811379.0
  ],
  "cv": 0.004892496306835495,
  "max_mean_ratio": 1.0054060665361912,
  "aux_loss": 0.40019640922546384,
  "aux_loss_alpha": 0.05
}