{
  "experiment": "Exp-3",
  "epoch": 0,
  "step": 3800,
  "expert_load": [
    805406.0,
    818302.0,
    821894.0,
    824798.0
  ],
  "cv": 0.009059059456603057,
  "max_mean_ratio": 1.0088038160469543,
  "aux_loss": 0.40332919627428054,
  "aux_loss_alpha": 0.05
}