{
  "experiment": "Exp-3",
  "epoch": 1,
  "step": 7600,
  "expert_load": [
    819400.0,
    820965.0,
    806982.0,
    823053.0
  ],
  "cv": 0.007663633940037822,
  "max_mean_ratio": 1.0066695205479328,
  "aux_loss": 0.4006562051177025,
  "aux_loss_alpha": 0.05
}