{
  "experiment": "Exp-3",
  "epoch": 1,
  "step": 13600,
  "expert_load": [
    819072.0,
    825364.0,
    816713.0,
    809251.0
  ],
  "cv": 0.0070510762731622175,
  "max_mean_ratio": 1.0094960861056628,
  "aux_loss": 0.400589379966259,
  "aux_loss_alpha": 0.05
}