{
  "experiment": "Exp-3",
  "epoch": 0,
  "step": 6300,
  "expert_load": [
    816032.0,
    823234.0,
    814401.0,
    816733.0
  ],
  "cv": 0.004110838709045479,
  "max_mean_ratio": 1.0068909001956823,
  "aux_loss": 0.4030280950665474,
  "aux_loss_alpha": 0.05
}