{
  "experiment": "Exp-3",
  "epoch": 1,
  "step": 28800,
  "expert_load": [
    820518.0,
    827743.0,
    815204.0,
    806935.0
  ],
  "cv": 0.009292243614122012,
  "max_mean_ratio": 1.0124058219177958,
  "aux_loss": 0.40024378716945647,
  "aux_loss_alpha": 0.05
}