{
  "experiment": "Exp-3",
  "epoch": 0,
  "step": 15400,
  "expert_load": [
    817121.0,
    814845.0,
    825255.0,
    813179.0
  ],
  "cv": 0.005670048364687736,
  "max_mean_ratio": 1.0093627690802225,
  "aux_loss": 0.40170881927013397,
  "aux_loss_alpha": 0.05
}