{
  "experiment": "Exp-3",
  "epoch": 0,
  "step": 25700,
  "expert_load": [
    820569.0,
    819836.0,
    812134.0,
    817861.0
  ],
  "cv": 0.004045455544428767,
  "max_mean_ratio": 1.0036313600782656,
  "aux_loss": 0.40128970503807065,
  "aux_loss_alpha": 0.05
}