{
  "experiment": "Exp-3",
  "epoch": 1,
  "step": 13700,
  "expert_load": [
    822045.0,
    825818.0,
    808366.0,
    814171.0
  ],
  "cv": 0.008302586027320716,
  "max_mean_ratio": 1.0100513698630014,
  "aux_loss": 0.4006094071269035,
  "aux_loss_alpha": 0.05
}