{
  "experiment": "Exp-3",
  "epoch": 1,
  "step": 3000,
  "expert_load": [
    813861.0,
    812457.0,
    829506.0,
    814576.0
  ],
  "cv": 0.008458987122179141,
  "max_mean_ratio": 1.0145621330723946,
  "aux_loss": 0.4007598373293877,
  "aux_loss_alpha": 0.05
}