{
  "experiment": "Exp-3",
  "epoch": 1,
  "step": 27300,
  "expert_load": [
    819093.0,
    818105.0,
    815447.0,
    817755.0
  ],
  "cv": 0.0016344998354081105,
  "max_mean_ratio": 1.001826076320927,
  "aux_loss": 0.40042771577835085,
  "aux_loss_alpha": 0.05
}