{
  "experiment": "Exp-3",
  "epoch": 1,
  "step": 1700,
  "expert_load": [
    817825.0,
    820555.0,
    824416.0,
    807604.0
  ],
  "cv": 0.007617627645891846,
  "max_mean_ratio": 1.008336594911925,
  "aux_loss": 0.40080625385046004,
  "aux_loss_alpha": 0.05
}