{
  "experiment": "Exp-3",
  "epoch": 1,
  "step": 16600,
  "expert_load": [
    817860.0,
    819193.0,
    824490.0,
    808857.0
  ],
  "cv": 0.00687866628986507,
  "max_mean_ratio": 1.0084271037181873,
  "aux_loss": 0.40067860126495364,
  "aux_loss_alpha": 0.05
}