{
  "experiment": "Exp-3",
  "epoch": 1,
  "step": 27900,
  "expert_load": [
    810222.0,
    823350.0,
    809910.0,
    826918.0
  ],
  "cv": 0.009344026748448088,
  "max_mean_ratio": 1.0113967710371696,
  "aux_loss": 0.4003526508808136,
  "aux_loss_alpha": 0.05
}