{
  "experiment": "Exp-3",
  "epoch": 1,
  "step": 28100,
  "expert_load": [
    819908.0,
    817127.0,
    818960.0,
    814405.0
  ],
  "cv": 0.0025661783535652818,
  "max_mean_ratio": 1.002822896281788,
  "aux_loss": 0.4005060276389122,
  "aux_loss_alpha": 0.05
}