{
  "experiment": "Exp-3",
  "epoch": 0,
  "step": 33700,
  "expert_load": [
    829968.0,
    807165.0,
    819308.0,
    813959.0
  ],
  "cv": 0.010197074277993393,
  "max_mean_ratio": 1.0151272015655453,
  "aux_loss": 0.4012805303931236,
  "aux_loss_alpha": 0.05
}