{
  "experiment": "Exp-3",
  "epoch": 1,
  "step": 20600,
  "expert_load": [
    816887.0,
    821932.0,
    813626.0,
    817955.0
  ],
  "cv": 0.003627931479138593,
  "max_mean_ratio": 1.0052984344422577,
  "aux_loss": 0.4004132258892059,
  "aux_loss_alpha": 0.05
}