{
  "experiment": "Exp-3",
  "epoch": 1,
  "step": 36800,
  "expert_load": [
    810849.0,
    826084.0,
    815201.0,
    818266.0
  ],
  "cv": 0.006803102138690903,
  "max_mean_ratio": 1.0103767123287548,
  "aux_loss": 0.40030328184366226,
  "aux_loss_alpha": 0.05
}