{
  "experiment": "Exp-3",
  "epoch": 1,
  "step": 16900,
  "expert_load": [
    822366.0,
    815802.0,
    820026.0,
    812206.0
  ],
  "cv": 0.0047735177654109,
  "max_mean_ratio": 1.005829256360066,
  "aux_loss": 0.40068326324224474,
  "aux_loss_alpha": 0.05
}