{
  "experiment": "Exp-3",
  "epoch": 0,
  "step": 12500,
  "expert_load": [
    807778.0,
    815340.0,
    820875.0,
    826407.0
  ],
  "cv": 0.008426654614114378,
  "max_mean_ratio": 1.0107717710371695,
  "aux_loss": 0.402142873108387,
  "aux_loss_alpha": 0.05
}