{
  "experiment": "Exp-3",
  "epoch": 1,
  "step": 21000,
  "expert_load": [
    827932.0,
    814447.0,
    810993.0,
    817028.0
  ],
  "cv": 0.007751722839713701,
  "max_mean_ratio": 1.0126369863013576,
  "aux_loss": 0.4004683366417885,
  "aux_loss_alpha": 0.05
}