{
  "experiment": "Exp-3",
  "epoch": 0,
  "step": 7400,
  "expert_load": [
    802040.0,
    829204.0,
    818290.0,
    820866.0
  ],
  "cv": 0.012044650262582411,
  "max_mean_ratio": 1.0141927592954867,
  "aux_loss": 0.40266693890094757,
  "aux_loss_alpha": 0.05
}