{
  "experiment": "Exp-3",
  "epoch": 1,
  "step": 36100,
  "expert_load": [
    821922.0,
    809843.0,
    825850.0,
    812785.0
  ],
  "cv": 0.007975869374732351,
  "max_mean_ratio": 1.01009050880625,
  "aux_loss": 0.4003461709618568,
  "aux_loss_alpha": 0.05
}