{
  "experiment": "Exp-3",
  "epoch": 0,
  "step": 14800,
  "expert_load": [
    819988.0,
    818707.0,
    810066.0,
    821639.0
  ],
  "cv": 0.005469924717733238,
  "max_mean_ratio": 1.0049400684931384,
  "aux_loss": 0.4021165439486504,
  "aux_loss_alpha": 0.05
}