{
  "experiment": "Exp-3",
  "epoch": 0,
  "step": 12100,
  "expert_load": [
    809750.0,
    821938.0,
    821324.0,
    817388.0
  ],
  "cv": 0.005940308094957731,
  "max_mean_ratio": 1.0053057729941168,
  "aux_loss": 0.40197335690259933,
  "aux_loss_alpha": 0.05
}