{
  "experiment": "Exp-3",
  "epoch": 1,
  "step": 14100,
  "expert_load": [
    819516.0,
    811430.0,
    823974.0,
    815480.0
  ],
  "cv": 0.005699603235651532,
  "max_mean_ratio": 1.0077959882583047,
  "aux_loss": 0.4005903884768486,
  "aux_loss_alpha": 0.05
}