{
  "experiment": "Exp-3",
  "epoch": 1,
  "step": 24500,
  "expert_load": [
    811255.0,
    826225.0,
    806427.0,
    826493.0
  ],
  "cv": 0.01091521320977543,
  "max_mean_ratio": 1.01087695694715,
  "aux_loss": 0.4004800176620483,
  "aux_loss_alpha": 0.05
}