{
  "experiment": "Exp-3",
  "epoch": 1,
  "step": 7300,
  "expert_load": [
    799912.0,
    836232.0,
    821131.0,
    813125.0
  ],
  "cv": 0.016093194592022186,
  "max_mean_ratio": 1.0227886497064453,
  "aux_loss": 0.40063572824001314,
  "aux_loss_alpha": 0.05
}