{
  "experiment": "Exp-3",
  "epoch": 0,
  "step": 27700,
  "expert_load": [
    813398.0,
    822347.0,
    812911.0,
    821744.0
  ],
  "cv": 0.005447576414582247,
  "max_mean_ratio": 1.005806017612512,
  "aux_loss": 0.40144972652196886,
  "aux_loss_alpha": 0.05
}