{
  "experiment": "Exp-3",
  "epoch": 1,
  "step": 16700,
  "expert_load": [
    816080.0,
    819384.0,
    809915.0,
    825021.0
  ],
  "cv": 0.006688633748929713,
  "max_mean_ratio": 1.0090765655577176,
  "aux_loss": 0.4004640308022499,
  "aux_loss_alpha": 0.05
}