{
  "experiment": "Exp-3",
  "epoch": 0,
  "step": 19700,
  "expert_load": [
    822441.0,
    814254.0,
    815004.0,
    818701.0
  ],
  "cv": 0.003990655589243622,
  "max_mean_ratio": 1.0059209882583047,
  "aux_loss": 0.4017917138338089,
  "aux_loss_alpha": 0.05
}