{
  "experiment": "Exp-3",
  "epoch": 1,
  "step": 16100,
  "expert_load": [
    807159.0,
    829761.0,
    814720.0,
    818760.0
  ],
  "cv": 0.00998421446917796,
  "max_mean_ratio": 1.0148740215264063,
  "aux_loss": 0.40053695917129517,
  "aux_loss_alpha": 0.05
}