{
  "experiment": "Exp-3",
  "epoch": 1,
  "step": 7000,
  "expert_load": [
    810990.0,
    820567.0,
    821644.0,
    817199.0
  ],
  "cv": 0.005080247494572467,
  "max_mean_ratio": 1.004946183953021,
  "aux_loss": 0.40075105100870134,
  "aux_loss_alpha": 0.05
}