{
  "experiment": "Exp-3",
  "epoch": 1,
  "step": 4800,
  "expert_load": [
    819651.0,
    821222.0,
    825977.0,
    803550.0
  ],
  "cv": 0.01032231101317869,
  "max_mean_ratio": 1.0102458414872675,
  "aux_loss": 0.4006097036600113,
  "aux_loss_alpha": 0.05
}