{
  "experiment": "Exp-3",
  "epoch": 0,
  "step": 22400,
  "expert_load": [
    826750.0,
    827044.0,
    809020.0,
    807586.0
  ],
  "cv": 0.011388690746926841,
  "max_mean_ratio": 1.0115508806262108,
  "aux_loss": 0.40150697112083433,
  "aux_loss_alpha": 0.05
}