{
  "experiment": "Exp-3",
  "epoch": 0,
  "step": 29900,
  "expert_load": [
    818314.0,
    821505.0,
    819689.0,
    810892.0
  ],
  "cv": 0.004934990690645579,
  "max_mean_ratio": 1.0047761741682852,
  "aux_loss": 0.40146985203027724,
  "aux_loss_alpha": 0.05
}