{
  "experiment": "Exp-3",
  "epoch": 1,
  "step": 17200,
  "expert_load": [
    812595.0,
    824671.0,
    810239.0,
    822895.0
  ],
  "cv": 0.007669245352250395,
  "max_mean_ratio": 1.0086484833659368,
  "aux_loss": 0.40052450090646746,
  "aux_loss_alpha": 0.05
}