{
  "experiment": "Exp-3",
  "epoch": 1,
  "step": 15300,
  "expert_load": [
    824354.0,
    818098.0,
    819753.0,
    808195.0
  ],
  "cv": 0.0072088264719146625,
  "max_mean_ratio": 1.008260763209381,
  "aux_loss": 0.40058709889650346,
  "aux_loss_alpha": 0.05
}