{
  "experiment": "Exp-3",
  "epoch": 0,
  "step": 39400,
  "expert_load": [
    827938.0,
    826784.0,
    802018.0,
    813660.0
  ],
  "cv": 0.012966251261313441,
  "max_mean_ratio": 1.0126443248532166,
  "aux_loss": 0.40117191106081007,
  "aux_loss_alpha": 0.05
}