{
  "experiment": "Exp-3",
  "epoch": 1,
  "step": 32700,
  "expert_load": [
    805745.0,
    822758.0,
    814927.0,
    826970.0
  ],
  "cv": 0.009900395044375185,
  "max_mean_ratio": 1.0114603718199484,
  "aux_loss": 0.4001910266280174,
  "aux_loss_alpha": 0.05
}