{
  "experiment": "Exp-3",
  "epoch": 1,
  "step": 40800,
  "expert_load": [
    811238.0,
    822984.0,
    819681.0,
    816497.0
  ],
  "cv": 0.005296484542219542,
  "max_mean_ratio": 1.0065851272015531,
  "aux_loss": 0.4002227929234505,
  "aux_loss_alpha": 0.05
}