{
  "experiment": "Exp-3",
  "epoch": 0,
  "step": 4600,
  "expert_load": [
    809775.0,
    827160.0,
    815465.0,
    818000.0
  ],
  "cv": 0.007671001755328001,
  "max_mean_ratio": 1.0116927592954867,
  "aux_loss": 0.4029046094417572,
  "aux_loss_alpha": 0.05
}