{
  "experiment": "Exp-3",
  "epoch": 0,
  "step": 15900,
  "expert_load": [
    813195.0,
    822621.0,
    809451.0,
    825133.0
  ],
  "cv": 0.007921037468658172,
  "max_mean_ratio": 1.0092135518590875,
  "aux_loss": 0.401900449693203,
  "aux_loss_alpha": 0.05
}