{
  "experiment": "Exp-3",
  "epoch": 1,
  "step": 42100,
  "expert_load": [
    809058.0,
    823130.0,
    822688.0,
    815524.0
  ],
  "cv": 0.007072395578522418,
  "max_mean_ratio": 1.0067636986301247,
  "aux_loss": 0.4002850940823555,
  "aux_loss_alpha": 0.05
}