{
  "experiment": "Exp-3",
  "epoch": 0,
  "step": 23300,
  "expert_load": [
    821183.0,
    816499.0,
    810027.0,
    822691.0
  ],
  "cv": 0.006032915507277323,
  "max_mean_ratio": 1.0062267612524338,
  "aux_loss": 0.4013282310962677,
  "aux_loss_alpha": 0.05
}