{
  "experiment": "Exp-3",
  "epoch": 1,
  "step": 32300,
  "expert_load": [
    821502.0,
    823385.0,
    815256.0,
    810257.0
  ],
  "cv": 0.006358484913924824,
  "max_mean_ratio": 1.0070755870841364,
  "aux_loss": 0.400413818359375,
  "aux_loss_alpha": 0.05
}