{
  "experiment": "Exp-3",
  "epoch": 0,
  "step": 23200,
  "expert_load": [
    814342.0,
    816795.0,
    824438.0,
    814825.0
  ],
  "cv": 0.004957728077987341,
  "max_mean_ratio": 1.0083635029354083,
  "aux_loss": 0.4014673441648483,
  "aux_loss_alpha": 0.05
}