{
  "experiment": "Exp-3",
  "epoch": 0,
  "step": 28400,
  "expert_load": [
    813507.0,
    820939.0,
    812398.0,
    823556.0
  ],
  "cv": 0.005815680516909175,
  "max_mean_ratio": 1.0072847358121206,
  "aux_loss": 0.40137451559305193,
  "aux_loss_alpha": 0.05
}