{
  "experiment": "Exp-3",
  "epoch": 1,
  "step": 28600,
  "expert_load": [
    810812.0,
    824950.0,
    803837.0,
    830801.0
  ],
  "cv": 0.01317006568386114,
  "max_mean_ratio": 1.0161460371819837,
  "aux_loss": 0.40038641780614853,
  "aux_loss_alpha": 0.05
}