{
  "experiment": "Exp-3",
  "epoch": 0,
  "step": 18500,
  "expert_load": [
    817785.0,
    821312.0,
    815183.0,
    816120.0
  ],
  "cv": 0.002858312498566654,
  "max_mean_ratio": 1.0045401174168174,
  "aux_loss": 0.40177093386650087,
  "aux_loss_alpha": 0.05
}