{
  "experiment": "Exp-3",
  "epoch": 1,
  "step": 4100,
  "expert_load": [
    822819.0,
    815488.0,
    815518.0,
    816575.0
  ],
  "cv": 0.0037241018634952454,
  "max_mean_ratio": 1.006383317025428,
  "aux_loss": 0.4009550246596336,
  "aux_loss_alpha": 0.05
}