{
  "experiment": "Exp-3",
  "epoch": 0,
  "step": 4000,
  "expert_load": [
    813265.0,
    818961.0,
    822560.0,
    815614.0
  ],
  "cv": 0.004289128253137943,
  "max_mean_ratio": 1.0060665362035102,
  "aux_loss": 0.403286255300045,
  "aux_loss_alpha": 0.05
}