{
  "experiment": "Exp-3",
  "epoch": 0,
  "step": 22900,
  "expert_load": [
    806169.0,
    821419.0,
    817868.0,
    824944.0
  ],
  "cv": 0.008632523448966381,
  "max_mean_ratio": 1.0089823874755257,
  "aux_loss": 0.40137399166822435,
  "aux_loss_alpha": 0.05
}