{
  "experiment": "Exp-3",
  "epoch": 1,
  "step": 2500,
  "expert_load": [
    820268.0,
    822149.0,
    817783.0,
    810200.0
  ],
  "cv": 0.005558179642589523,
  "max_mean_ratio": 1.005563845401162,
  "aux_loss": 0.40086520463228226,
  "aux_loss_alpha": 0.05
}