{
  "experiment": "Exp-3",
  "epoch": 1,
  "step": 12500,
  "expert_load": [
    817512.0,
    814009.0,
    823487.0,
    815392.0
  ],
  "cv": 0.004428330214289482,
  "max_mean_ratio": 1.0072003424657412,
  "aux_loss": 0.40064751118421554,
  "aux_loss_alpha": 0.05
}