{
  "experiment": "Exp-3",
  "epoch": 0,
  "step": 5400,
  "expert_load": [
    808343.0,
    828125.0,
    816231.0,
    817701.0
  ],
  "cv": 0.008612861409345847,
  "max_mean_ratio": 1.0128730430528252,
  "aux_loss": 0.40273061871528626,
  "aux_loss_alpha": 0.05
}