{
  "experiment": "Exp-3",
  "epoch": 1,
  "step": 7200,
  "expert_load": [
    815674.0,
    813523.0,
    820869.0,
    820334.0
  ],
  "cv": 0.0037941743436391106,
  "max_mean_ratio": 1.0039982876712206,
  "aux_loss": 0.40063233494758604,
  "aux_loss_alpha": 0.05
}