{
  "experiment": "Exp-3",
  "epoch": 0,
  "step": 41000,
  "expert_load": [
    826068.0,
    812926.0,
    816867.0,
    814539.0
  ],
  "cv": 0.006220366894148958,
  "max_mean_ratio": 1.0103571428571305,
  "aux_loss": 0.40086676269769667,
  "aux_loss_alpha": 0.05
}