{
  "experiment": "Exp-3",
  "epoch": 0,
  "step": 30100,
  "expert_load": [
    819653.0,
    821532.0,
    812895.0,
    816320.0
  ],
  "cv": 0.004031143934992612,
  "max_mean_ratio": 1.004809197651651,
  "aux_loss": 0.4013074278831482,
  "aux_loss_alpha": 0.05
}