{
  "experiment": "Exp-3",
  "epoch": 1,
  "step": 26900,
  "expert_load": [
    818242.0,
    812252.0,
    824765.0,
    815141.0
  ],
  "cv": 0.00568432473856402,
  "max_mean_ratio": 1.0087634540117294,
  "aux_loss": 0.4003703585267067,
  "aux_loss_alpha": 0.05
}