{
  "experiment": "Exp-3",
  "epoch": 1,
  "step": 300,
  "expert_load": [
    818091.0,
    826393.0,
    811884.0,
    814032.0
  ],
  "cv": 0.006781303271388738,
  "max_mean_ratio": 1.0107546477494984,
  "aux_loss": 0.40081732362508776,
  "aux_loss_alpha": 0.05
}