{
  "experiment": "Exp-3",
  "epoch": 1,
  "step": 24300,
  "expert_load": [
    821996.0,
    810842.0,
    819574.0,
    817988.0
  ],
  "cv": 0.005081450281311092,
  "max_mean_ratio": 1.005376712328755,
  "aux_loss": 0.400411818921566,
  "aux_loss_alpha": 0.05
}