{
  "experiment": "Exp-3",
  "epoch": 0,
  "step": 15100,
  "expert_load": [
    815397.0,
    816880.0,
    810197.0,
    827926.0
  ],
  "cv": 0.007898236478144778,
  "max_mean_ratio": 1.0126296477494983,
  "aux_loss": 0.4018235981464386,
  "aux_loss_alpha": 0.05
}