{
  "experiment": "Exp-3",
  "epoch": 1,
  "step": 1200,
  "expert_load": [
    819643.0,
    803640.0,
    821818.0,
    825299.0
  ],
  "cv": 0.010162002354451931,
  "max_mean_ratio": 1.0094165851271892,
  "aux_loss": 0.40090376764535907,
  "aux_loss_alpha": 0.05
}