{
  "experiment": "Exp-3",
  "epoch": 1,
  "step": 40700,
  "expert_load": [
    820999.0,
    817616.0,
    819795.0,
    811990.0
  ],
  "cv": 0.0042300059697398884,
  "max_mean_ratio": 1.0041572896281676,
  "aux_loss": 0.40019296675920485,
  "aux_loss_alpha": 0.05
}