{
  "experiment": "Exp-3",
  "epoch": 1,
  "step": 33700,
  "expert_load": [
    811964.0,
    821840.0,
    818240.0,
    818356.0
  ],
  "cv": 0.004355445458697659,
  "max_mean_ratio": 1.0051859099804181,
  "aux_loss": 0.4002691701054573,
  "aux_loss_alpha": 0.05
}