{
  "experiment": "Exp-3",
  "epoch": 1,
  "step": 8300,
  "expert_load": [
    825166.0,
    806556.0,
    826038.0,
    812640.0
  ],
  "cv": 0.01014163381199535,
  "max_mean_ratio": 1.0103204500978349,
  "aux_loss": 0.4008735179901123,
  "aux_loss_alpha": 0.05
}