{
  "experiment": "Exp-3",
  "epoch": 0,
  "step": 39100,
  "expert_load": [
    811393.0,
    823787.0,
    813693.0,
    821527.0
  ],
  "cv": 0.006340401905156784,
  "max_mean_ratio": 1.0075672700586962,
  "aux_loss": 0.4011677616834641,
  "aux_loss_alpha": 0.05
}