{
  "experiment": "Exp-3",
  "epoch": 0,
  "step": 22800,
  "expert_load": [
    816327.0,
    819665.0,
    813108.0,
    821300.0
  ],
  "cv": 0.003855787303349696,
  "max_mean_ratio": 1.0045254403130992,
  "aux_loss": 0.40140421777963636,
  "aux_loss_alpha": 0.05
}