{
  "experiment": "Exp-3",
  "epoch": 0,
  "step": 39600,
  "expert_load": [
    818976.0,
    808889.0,
    806634.0,
    835901.0
  ],
  "cv": 0.014118034825632777,
  "max_mean_ratio": 1.0223838062622184,
  "aux_loss": 0.40099070221185684,
  "aux_loss_alpha": 0.05
}