{
  "experiment": "Exp-3",
  "epoch": 0,
  "step": 2600,
  "expert_load": [
    811695.0,
    829080.0,
    813682.0,
    815943.0
  ],
  "cv": 0.00831243287327228,
  "max_mean_ratio": 1.0140410958903985,
  "aux_loss": 0.4037126111984253,
  "aux_loss_alpha": 0.05
}