{
  "experiment": "Exp-3",
  "epoch": 0,
  "step": 39300,
  "expert_load": [
    813798.0,
    819783.0,
    821224.0,
    815595.0
  ],
  "cv": 0.003688291187622264,
  "max_mean_ratio": 1.0044324853228839,
  "aux_loss": 0.40101308792829515,
  "aux_loss_alpha": 0.05
}