{
  "experiment": "Exp-3",
  "epoch": 1,
  "step": 39700,
  "expert_load": [
    821041.0,
    820781.0,
    819153.0,
    809425.0
  ],
  "cv": 0.005840237910500173,
  "max_mean_ratio": 1.0042086594911814,
  "aux_loss": 0.4003591510653496,
  "aux_loss_alpha": 0.05
}