{
  "experiment": "Exp-3",
  "epoch": 1,
  "step": 41600,
  "expert_load": [
    821593.0,
    814633.0,
    816475.0,
    817699.0
  ],
  "cv": 0.0031196376255579975,
  "max_mean_ratio": 1.0048838062622185,
  "aux_loss": 0.40013678729534147,
  "aux_loss_alpha": 0.05
}