{
  "experiment": "Exp-3",
  "epoch": 0,
  "step": 26600,
  "expert_load": [
    812978.0,
    827908.0,
    810798.0,
    818716.0
  ],
  "cv": 0.0080930067088505,
  "max_mean_ratio": 1.012607632093921,
  "aux_loss": 0.4013776555657387,
  "aux_loss_alpha": 0.05
}