{
  "experiment": "Exp-3",
  "epoch": 1,
  "step": 35500,
  "expert_load": [
    815622.0,
    820427.0,
    815905.0,
    818446.0
  ],
  "cv": 0.0024071271265555905,
  "max_mean_ratio": 1.0034576810176001,
  "aux_loss": 0.4004108971357346,
  "aux_loss_alpha": 0.05
}