{
  "experiment": "Exp-3",
  "epoch": 0,
  "step": 27400,
  "expert_load": [
    808798.0,
    823024.0,
    815518.0,
    823060.0
  ],
  "cv": 0.007262769725224654,
  "max_mean_ratio": 1.0066780821917685,
  "aux_loss": 0.40130218356847763,
  "aux_loss_alpha": 0.05
}