{
  "experiment": "Exp-3",
  "epoch": 1,
  "step": 21200,
  "expert_load": [
    814458.0,
    821651.0,
    820794.0,
    813497.0
  ],
  "cv": 0.004465500743888308,
  "max_mean_ratio": 1.0049547455968566,
  "aux_loss": 0.4004956418275833,
  "aux_loss_alpha": 0.05
}