{
  "experiment": "Exp-3",
  "epoch": 0,
  "step": 42500,
  "expert_load": [
    823013.0,
    816529.0,
    826534.0,
    804324.0
  ],
  "cv": 0.01035150875084075,
  "max_mean_ratio": 1.0109271037181873,
  "aux_loss": 0.40102270036935805,
  "aux_loss_alpha": 0.05
}