{
  "experiment": "Exp-3",
  "epoch": 1,
  "step": 21600,
  "expert_load": [
    813119.0,
    822405.0,
    816381.0,
    818495.0
  ],
  "cv": 0.004123034094644335,
  "max_mean_ratio": 1.0058769569471502,
  "aux_loss": 0.40046324908733366,
  "aux_loss_alpha": 0.05
}