{
  "experiment": "Exp-3",
  "epoch": 0,
  "step": 25800,
  "expert_load": [
    804817.0,
    838304.0,
    817644.0,
    809635.0
  ],
  "cv": 0.015657294883653184,
  "max_mean_ratio": 1.0253228962817877,
  "aux_loss": 0.40154002487659457,
  "aux_loss_alpha": 0.05
}