{
  "experiment": "Exp-3",
  "epoch": 1,
  "step": 42300,
  "expert_load": [
    811066.0,
    821585.0,
    820829.0,
    816920.0
  ],
  "cv": 0.005096869123425207,
  "max_mean_ratio": 1.0048740215264065,
  "aux_loss": 0.40032964795827863,
  "aux_loss_alpha": 0.05
}