{
  "experiment": "Exp-3",
  "epoch": 0,
  "step": 16600,
  "expert_load": [
    813906.0,
    817109.0,
    821890.0,
    817495.0
  ],
  "cv": 0.0034757037078797276,
  "max_mean_ratio": 1.005247064579244,
  "aux_loss": 0.40185896784067154,
  "aux_loss_alpha": 0.05
}