{
  "experiment": "Exp-3",
  "epoch": 0,
  "step": 36800,
  "expert_load": [
    822737.0,
    821760.0,
    820792.0,
    805111.0
  ],
  "cv": 0.008859153792349451,
  "max_mean_ratio": 1.0062830234833535,
  "aux_loss": 0.40117899745702745,
  "aux_loss_alpha": 0.05
}