{
  "experiment": "Exp-3",
  "epoch": 1,
  "step": 38500,
  "expert_load": [
    824157.0,
    812337.0,
    821546.0,
    812360.0
  ],
  "cv": 0.006521556279430571,
  "max_mean_ratio": 1.0080198140900072,
  "aux_loss": 0.4003916683793068,
  "aux_loss_alpha": 0.05
}