{
  "experiment": "Exp-3",
  "epoch": 1,
  "step": 27700,
  "expert_load": [
    802339.0,
    826942.0,
    814115.0,
    827004.0
  ],
  "cv": 0.012544171058968169,
  "max_mean_ratio": 1.01150195694715,
  "aux_loss": 0.4003687310218811,
  "aux_loss_alpha": 0.05
}