{
  "experiment": "Exp-3",
  "epoch": 0,
  "step": 700,
  "expert_load": [
    804026.0,
    828308.0,
    827999.0,
    810067.0
  ],
  "cv": 0.013170265152962778,
  "max_mean_ratio": 1.0130968688845277,
  "aux_loss": 0.40575956255197526,
  "aux_loss_alpha": 0.05
}