{
  "experiment": "Exp-3",
  "epoch": 0,
  "step": 30400,
  "expert_load": [
    825461.0,
    814865.0,
    816010.0,
    814064.0
  ],
  "cv": 0.0056151424042165405,
  "max_mean_ratio": 1.009614726027385,
  "aux_loss": 0.40138146191835405,
  "aux_loss_alpha": 0.05
}