{
  "experiment": "Exp-3",
  "epoch": 1,
  "step": 4500,
  "expert_load": [
    806652.0,
    828821.0,
    811541.0,
    823386.0
  ],
  "cv": 0.010870370883530933,
  "max_mean_ratio": 1.0137243150684807,
  "aux_loss": 0.4009402829408646,
  "aux_loss_alpha": 0.05
}