{
  "experiment": "Exp-3",
  "epoch": 1,
  "step": 29900,
  "expert_load": [
    818627.0,
    815731.0,
    817084.0,
    818958.0
  ],
  "cv": 0.0015780149933876397,
  "max_mean_ratio": 1.0016609589040972,
  "aux_loss": 0.4003612211346626,
  "aux_loss_alpha": 0.05
}