{
  "experiment": "Exp-3",
  "epoch": 0,
  "step": 28800,
  "expert_load": [
    816494.0,
    824560.0,
    815904.0,
    813442.0
  ],
  "cv": 0.005110351801385089,
  "max_mean_ratio": 1.0085127201565434,
  "aux_loss": 0.40106585651636123,
  "aux_loss_alpha": 0.05
}