{
  "experiment": "Exp-3",
  "epoch": 0,
  "step": 29600,
  "expert_load": [
    829446.0,
    815640.0,
    817214.0,
    808100.0
  ],
  "cv": 0.009366207831992913,
  "max_mean_ratio": 1.0144887475538036,
  "aux_loss": 0.4014774563908577,
  "aux_loss_alpha": 0.05
}