{
  "experiment": "Exp-3",
  "epoch": 0,
  "step": 41600,
  "expert_load": [
    814554.0,
    826953.0,
    821533.0,
    807360.0
  ],
  "cv": 0.009010353760243285,
  "max_mean_ratio": 1.0114395792563478,
  "aux_loss": 0.4010407426953316,
  "aux_loss_alpha": 0.05
}