{
  "experiment": "Exp-3",
  "epoch": 0,
  "step": 40100,
  "expert_load": [
    813270.0,
    822557.0,
    821960.0,
    812613.0
  ],
  "cv": 0.00571069049275311,
  "max_mean_ratio": 1.0060628669275806,
  "aux_loss": 0.401017504632473,
  "aux_loss_alpha": 0.05
}