{
  "experiment": "Exp-3",
  "epoch": 0,
  "step": 11400,
  "expert_load": [
    814775.0,
    828280.0,
    820057.0,
    807288.0
  ],
  "cv": 0.009363190712527406,
  "max_mean_ratio": 1.0130626223091852,
  "aux_loss": 0.4019266843795776,
  "aux_loss_alpha": 0.05
}