{
  "experiment": "Exp-3",
  "epoch": 1,
  "step": 33600,
  "expert_load": [
    808184.0,
    821744.0,
    815798.0,
    824674.0
  ],
  "cv": 0.007714270425635913,
  "max_mean_ratio": 1.0086521526418664,
  "aux_loss": 0.40037009596824646,
  "aux_loss_alpha": 0.05
}