{
  "experiment": "Exp-3",
  "epoch": 0,
  "step": 15500,
  "expert_load": [
    805745.0,
    832033.0,
    813398.0,
    819224.0
  ],
  "cv": 0.011749750126131216,
  "max_mean_ratio": 1.0176528864970522,
  "aux_loss": 0.40202279716730116,
  "aux_loss_alpha": 0.05
}