{
  "experiment": "Exp-3",
  "epoch": 0,
  "step": 22600,
  "expert_load": [
    820165.0,
    823295.0,
    813533.0,
    813407.0
  ],
  "cv": 0.00522984394588576,
  "max_mean_ratio": 1.00696550880625,
  "aux_loss": 0.4015541335940361,
  "aux_loss_alpha": 0.05
}