{
  "experiment": "Exp-3",
  "epoch": 0,
  "step": 31100,
  "expert_load": [
    816880.0,
    825033.0,
    807394.0,
    821093.0
  ],
  "cv": 0.00802341289482928,
  "max_mean_ratio": 1.0090912426614358,
  "aux_loss": 0.40116853654384615,
  "aux_loss_alpha": 0.05
}