{
  "experiment": "Exp-3",
  "epoch": 1,
  "step": 36900,
  "expert_load": [
    821765.0,
    813159.0,
    821940.0,
    813536.0
  ],
  "cv": 0.005204302942682789,
  "max_mean_ratio": 1.0053082191780698,
  "aux_loss": 0.4003045153617859,
  "aux_loss_alpha": 0.05
}