{
  "experiment": "Exp-3",
  "epoch": 0,
  "step": 8800,
  "expert_load": [
    818282.0,
    816363.0,
    823861.0,
    811894.0
  ],
  "cv": 0.0052519605304396375,
  "max_mean_ratio": 1.0076577788649583,
  "aux_loss": 0.40242244362831114,
  "aux_loss_alpha": 0.05
}