{
  "experiment": "Exp-3",
  "epoch": 0,
  "step": 43900,
  "expert_load": [
    830111.0,
    805852.0,
    825924.0,
    808513.0
  ],
  "cv": 0.012920898915270145,
  "max_mean_ratio": 1.015302103718187,
  "aux_loss": 0.40085959672927857,
  "aux_loss_alpha": 0.05
}