{
  "experiment": "Exp-3",
  "epoch": 0,
  "step": 10900,
  "expert_load": [
    811286.0,
    825256.0,
    814792.0,
    819066.0
  ],
  "cv": 0.006370505614756526,
  "max_mean_ratio": 1.009363992172199,
  "aux_loss": 0.4020947086811066,
  "aux_loss_alpha": 0.05
}