{
  "experiment": "Exp-3",
  "epoch": 0,
  "step": 1300,
  "expert_load": [
    808843.0,
    821977.0,
    826292.0,
    813288.0
  ],
  "cv": 0.00842930026716905,
  "max_mean_ratio": 1.0106311154598702,
  "aux_loss": 0.4045316916704178,
  "aux_loss_alpha": 0.05
}