{
  "experiment": "Exp-3",
  "epoch": 0,
  "step": 16000,
  "expert_load": [
    820736.0,
    819029.0,
    814631.0,
    816004.0
  ],
  "cv": 0.0029480520946405277,
  "max_mean_ratio": 1.003835616438344,
  "aux_loss": 0.40211399853229524,
  "aux_loss_alpha": 0.05
}