{
  "experiment": "Exp-3",
  "epoch": 1,
  "step": 7800,
  "expert_load": [
    821027.0,
    814180.0,
    824196.0,
    810997.0
  ],
  "cv": 0.0064298918662471696,
  "max_mean_ratio": 1.0080675146770914,
  "aux_loss": 0.4006748479604721,
  "aux_loss_alpha": 0.05
}