{
  "experiment": "Exp-3",
  "epoch": 1,
  "step": 8400,
  "expert_load": [
    804029.0,
    826492.0,
    807156.0,
    832723.0
  ],
  "cv": 0.014992508561643652,
  "max_mean_ratio": 1.0184968199608486,
  "aux_loss": 0.40083692282438277,
  "aux_loss_alpha": 0.05
}