{
  "experiment": "Exp-3",
  "epoch": 0,
  "step": 16400,
  "expert_load": [
    811919.0,
    825928.0,
    809592.0,
    822961.0
  ],
  "cv": 0.008528769655470175,
  "max_mean_ratio": 1.0101859099804182,
  "aux_loss": 0.4020021572709084,
  "aux_loss_alpha": 0.05
}