{
  "experiment": "Exp-3",
  "epoch": 1,
  "step": 32100,
  "expert_load": [
    820495.0,
    823978.0,
    812354.0,
    813573.0
  ],
  "cv": 0.005891100739779466,
  "max_mean_ratio": 1.0078008806262106,
  "aux_loss": 0.4002256280183792,
  "aux_loss_alpha": 0.05
}