{
  "experiment": "Exp-3",
  "epoch": 1,
  "step": 26800,
  "expert_load": [
    822030.0,
    818469.0,
    811889.0,
    818012.0
  ],
  "cv": 0.004459060400199462,
  "max_mean_ratio": 1.0054182974559565,
  "aux_loss": 0.40023932307958604,
  "aux_loss_alpha": 0.05
}