{
  "experiment": "Exp-3",
  "epoch": 0,
  "step": 25100,
  "expert_load": [
    820169.0,
    820919.0,
    814136.0,
    815176.0
  ],
  "cv": 0.003643222816303007,
  "max_mean_ratio": 1.0040594422700464,
  "aux_loss": 0.40169725835323333,
  "aux_loss_alpha": 0.05
}