{
  "experiment": "Exp-3",
  "epoch": 0,
  "step": 32400,
  "expert_load": [
    821134.0,
    821240.0,
    807309.0,
    820717.0
  ],
  "cv": 0.00727094855560473,
  "max_mean_ratio": 1.0044520547945082,
  "aux_loss": 0.4012257727980614,
  "aux_loss_alpha": 0.05
}