{
  "experiment": "Exp-3",
  "epoch": 0,
  "step": 25300,
  "expert_load": [
    808236.0,
    826702.0,
    815301.0,
    820161.0
  ],
  "cv": 0.008258702227747269,
  "max_mean_ratio": 1.011132583170242,
  "aux_loss": 0.4014697128534317,
  "aux_loss_alpha": 0.05
}