{
  "experiment": "Exp-3",
  "epoch": 1,
  "step": 32500,
  "expert_load": [
    819929.0,
    827142.0,
    814142.0,
    809187.0
  ],
  "cv": 0.008186733298105636,
  "max_mean_ratio": 1.0116707436399093,
  "aux_loss": 0.40025755792856216,
  "aux_loss_alpha": 0.05
}