{
  "experiment": "Exp-3",
  "epoch": 0,
  "step": 17500,
  "expert_load": [
    811823.0,
    816837.0,
    815868.0,
    825872.0
  ],
  "cv": 0.006277861772451305,
  "max_mean_ratio": 1.0101174168297333,
  "aux_loss": 0.40156320691108705,
  "aux_loss_alpha": 0.05
}