{
  "experiment": "Exp-3",
  "epoch": 1,
  "step": 43600,
  "expert_load": [
    817797.0,
    818142.0,
    818670.0,
    815791.0
  ],
  "cv": 0.0013328271556040383,
  "max_mean_ratio": 1.0013087084148606,
  "aux_loss": 0.40028090089559554,
  "aux_loss_alpha": 0.05
}