{
  "experiment": "Exp-3",
  "epoch": 1,
  "step": 29300,
  "expert_load": [
    812256.0,
    823921.0,
    816817.0,
    817406.0
  ],
  "cv": 0.0050859192252858355,
  "max_mean_ratio": 1.0077311643835494,
  "aux_loss": 0.4003898546099663,
  "aux_loss_alpha": 0.05
}