{
  "experiment": "Exp-3",
  "epoch": 1,
  "step": 19600,
  "expert_load": [
    804610.0,
    832787.0,
    807864.0,
    825139.0
  ],
  "cv": 0.014355204781907237,
  "max_mean_ratio": 1.0185750978473456,
  "aux_loss": 0.4004997771978378,
  "aux_loss_alpha": 0.05
}