{
  "experiment": "Exp-3",
  "epoch": 1,
  "step": 40000,
  "expert_load": [
    820308.0,
    817197.0,
    829599.0,
    803296.0
  ],
  "cv": 0.01153985965975096,
  "max_mean_ratio": 1.0146758806262106,
  "aux_loss": 0.4003285589814186,
  "aux_loss_alpha": 0.05
}