{
  "experiment": "Exp-3",
  "epoch": 1,
  "step": 39000,
  "expert_load": [
    820672.0,
    818977.0,
    815748.0,
    815003.0
  ],
  "cv": 0.002836124845680157,
  "max_mean_ratio": 1.0037573385518468,
  "aux_loss": 0.40039207607507704,
  "aux_loss_alpha": 0.05
}