{
  "experiment": "Exp-3",
  "epoch": 0,
  "step": 11600,
  "expert_load": [
    805791.0,
    826579.0,
    810691.0,
    827339.0
  ],
  "cv": 0.011646015443447143,
  "max_mean_ratio": 1.011911692759283,
  "aux_loss": 0.4023501268029213,
  "aux_loss_alpha": 0.05
}