{
  "experiment": "Exp-3",
  "epoch": 1,
  "step": 13000,
  "expert_load": [
    818248.0,
    816220.0,
    817482.0,
    818450.0
  ],
  "cv": 0.001069895824574198,
  "max_mean_ratio": 1.001039628180027,
  "aux_loss": 0.4007525071501732,
  "aux_loss_alpha": 0.05
}