{
  "experiment": "Exp-3",
  "epoch": 0,
  "step": 18600,
  "expert_load": [
    809587.0,
    828972.0,
    817703.0,
    814138.0
  ],
  "cv": 0.008767245119098474,
  "max_mean_ratio": 1.0139090019569348,
  "aux_loss": 0.40180478274822234,
  "aux_loss_alpha": 0.05
}