{
  "experiment": "Exp-3",
  "epoch": 1,
  "step": 12100,
  "expert_load": [
    819615.0,
    808616.0,
    820400.0,
    821769.0
  ],
  "cv": 0.00641374561884624,
  "max_mean_ratio": 1.0050990704500855,
  "aux_loss": 0.4007718867063522,
  "aux_loss_alpha": 0.05
}