{
  "experiment": "Exp-3",
  "epoch": 0,
  "step": 41800,
  "expert_load": [
    819279.0,
    816328.0,
    819449.0,
    815344.0
  ],
  "cv": 0.0022003218619090666,
  "max_mean_ratio": 1.002261497064567,
  "aux_loss": 0.4011280053853989,
  "aux_loss_alpha": 0.05
}