{
  "experiment": "Exp-3",
  "epoch": 1,
  "step": 13800,
  "expert_load": [
    817897.0,
    813583.0,
    813441.0,
    825479.0
  ],
  "cv": 0.005979419566413821,
  "max_mean_ratio": 1.0096367416829621,
  "aux_loss": 0.40072836935520173,
  "aux_loss_alpha": 0.05
}