{
  "experiment": "Exp-3",
  "epoch": 1,
  "step": 31100,
  "expert_load": [
    812200.0,
    822589.0,
    814031.0,
    821580.0
  ],
  "cv": 0.005558959005396825,
  "max_mean_ratio": 1.0061020058708292,
  "aux_loss": 0.40033156633377076,
  "aux_loss_alpha": 0.05
}