{
  "experiment": "Exp-3",
  "epoch": 1,
  "step": 42400,
  "expert_load": [
    810395.0,
    823157.0,
    820409.0,
    816439.0
  ],
  "cv": 0.0058667207184135775,
  "max_mean_ratio": 1.0067967221134906,
  "aux_loss": 0.40006877332925794,
  "aux_loss_alpha": 0.05
}