{
  "experiment": "Exp-3",
  "epoch": 0,
  "step": 3200,
  "expert_load": [
    807587.0,
    819573.0,
    831414.0,
    811826.0
  ],
  "cv": 0.011080945755870706,
  "max_mean_ratio": 1.0168957925635884,
  "aux_loss": 0.4031395822763443,
  "aux_loss_alpha": 0.05
}