{
  "experiment": "Exp-3",
  "epoch": 0,
  "step": 30200,
  "expert_load": [
    809067.0,
    827339.0,
    809556.0,
    824438.0
  ],
  "cv": 0.010217108381237645,
  "max_mean_ratio": 1.011911692759283,
  "aux_loss": 0.4013420778512955,
  "aux_loss_alpha": 0.05
}