{
  "experiment": "Exp-3",
  "epoch": 1,
  "step": 26600,
  "expert_load": [
    822813.0,
    818678.0,
    819684.0,
    809225.0
  ],
  "cv": 0.006201122903543833,
  "max_mean_ratio": 1.0063759784735689,
  "aux_loss": 0.4003906226158142,
  "aux_loss_alpha": 0.05
}