{
  "experiment": "Exp-3",
  "epoch": 0,
  "step": 26400,
  "expert_load": [
    812155.0,
    828334.0,
    820164.0,
    809747.0
  ],
  "cv": 0.0089275346670131,
  "max_mean_ratio": 1.0131286692759172,
  "aux_loss": 0.40150326579809187,
  "aux_loss_alpha": 0.05
}