{
  "experiment": "Exp-3",
  "epoch": 1,
  "step": 15400,
  "expert_load": [
    825084.0,
    814544.0,
    813810.0,
    816962.0
  ],
  "cv": 0.005473952321390283,
  "max_mean_ratio": 1.0091536203522382,
  "aux_loss": 0.4005894735455513,
  "aux_loss_alpha": 0.05
}