{
  "experiment": "Exp-3",
  "epoch": 0,
  "step": 21000,
  "expert_load": [
    826920.0,
    818419.0,
    812488.0,
    812573.0
  ],
  "cv": 0.007208371992913623,
  "max_mean_ratio": 1.0113992172211226,
  "aux_loss": 0.40148362278938293,
  "aux_loss_alpha": 0.05
}