{
  "experiment": "Exp-3",
  "epoch": 1,
  "step": 9500,
  "expert_load": [
    813476.0,
    822168.0,
    821983.0,
    812773.0
  ],
  "cv": 0.005482966652588302,
  "max_mean_ratio": 1.0055870841487156,
  "aux_loss": 0.4007806435227394,
  "aux_loss_alpha": 0.05
}