{
  "experiment": "Exp-3",
  "epoch": 0,
  "step": 37700,
  "expert_load": [
    811932.0,
    825692.0,
    819301.0,
    813475.0
  ],
  "cv": 0.0066294439804763135,
  "max_mean_ratio": 1.0098972602739602,
  "aux_loss": 0.40104918360710146,
  "aux_loss_alpha": 0.05
}