{
  "experiment": "Exp-3",
  "epoch": 1,
  "step": 33100,
  "expert_load": [
    818507.0,
    823100.0,
    817364.0,
    811429.0
  ],
  "cv": 0.005087591421347479,
  "max_mean_ratio": 1.006727005870829,
  "aux_loss": 0.40031572937965393,
  "aux_loss_alpha": 0.05
}