{
  "experiment": "Exp-3",
  "epoch": 0,
  "step": 26000,
  "expert_load": [
    810601.0,
    834154.0,
    806638.0,
    819007.0
  ],
  "cv": 0.01290298252889539,
  "max_mean_ratio": 1.0202470645792439,
  "aux_loss": 0.40140768259763715,
  "aux_loss_alpha": 0.05
}