{
  "experiment": "Exp-3",
  "epoch": 1,
  "step": 35100,
  "expert_load": [
    816633.0,
    823861.0,
    813124.0,
    816782.0
  ],
  "cv": 0.004770016007693954,
  "max_mean_ratio": 1.0076577788649583,
  "aux_loss": 0.4002070814371109,
  "aux_loss_alpha": 0.05
}