{
  "experiment": "Exp-3",
  "epoch": 1,
  "step": 4200,
  "expert_load": [
    827743.0,
    809524.0,
    825015.0,
    808118.0
  ],
  "cv": 0.010819227961411316,
  "max_mean_ratio": 1.0124058219177958,
  "aux_loss": 0.4010344648361206,
  "aux_loss_alpha": 0.05
}