{
  "experiment": "Exp-3",
  "epoch": 1,
  "step": 17300,
  "expert_load": [
    815158.0,
    819192.0,
    817229.0,
    818821.0
  ],
  "cv": 0.0019460532529946405,
  "max_mean_ratio": 1.0019471624266023,
  "aux_loss": 0.4005010002851486,
  "aux_loss_alpha": 0.05
}