{
  "experiment": "Exp-3",
  "epoch": 0,
  "step": 21300,
  "expert_load": [
    805502.0,
    827605.0,
    819096.0,
    818197.0
  ],
  "cv": 0.009651118985827304,
  "max_mean_ratio": 1.0122370352250365,
  "aux_loss": 0.4013954508304596,
  "aux_loss_alpha": 0.05
}