{
  "experiment": "Exp-3",
  "epoch": 0,
  "step": 24600,
  "expert_load": [
    809826.0,
    819694.0,
    823067.0,
    817813.0
  ],
  "cv": 0.00595287046787083,
  "max_mean_ratio": 1.0066866438356041,
  "aux_loss": 0.4012740796804428,
  "aux_loss_alpha": 0.05
}