{
  "experiment": "Exp-3",
  "epoch": 0,
  "step": 22300,
  "expert_load": [
    823173.0,
    810233.0,
    822674.0,
    814320.0
  ],
  "cv": 0.00675017414727548,
  "max_mean_ratio": 1.0068162915851149,
  "aux_loss": 0.401435369849205,
  "aux_loss_alpha": 0.05
}