{
  "experiment": "Exp-3",
  "epoch": 0,
  "step": 27900,
  "expert_load": [
    819883.0,
    815320.0,
    808075.0,
    827122.0
  ],
  "cv": 0.008469516582451583,
  "max_mean_ratio": 1.011646281800379,
  "aux_loss": 0.4015068131685257,
  "aux_loss_alpha": 0.05
}