{
  "experiment": "Exp-3",
  "epoch": 1,
  "step": 40100,
  "expert_load": [
    821630.0,
    814936.0,
    817630.0,
    816204.0
  ],
  "cv": 0.003075262319785004,
  "max_mean_ratio": 1.0049290606653498,
  "aux_loss": 0.4003709104657173,
  "aux_loss_alpha": 0.05
}