{
  "experiment": "Exp-3",
  "epoch": 1,
  "step": 11100,
  "expert_load": [
    816620.0,
    827552.0,
    806078.0,
    820150.0
  ],
  "cv": 0.009459445901112898,
  "max_mean_ratio": 1.0121722113502811,
  "aux_loss": 0.4008206030726433,
  "aux_loss_alpha": 0.05
}