{
  "experiment": "Exp-3",
  "epoch": 0,
  "step": 17200,
  "expert_load": [
    818696.0,
    804543.0,
    826349.0,
    820812.0
  ],
  "cv": 0.00983331728821386,
  "max_mean_ratio": 1.0107008317025317,
  "aux_loss": 0.40192265033721924,
  "aux_loss_alpha": 0.05
}