{
  "experiment": "Exp-3",
  "epoch": 1,
  "step": 26000,
  "expert_load": [
    811198.0,
    823413.0,
    812209.0,
    823580.0
  ],
  "cv": 0.007225561571214442,
  "max_mean_ratio": 1.0073140900195572,
  "aux_loss": 0.40031583726406095,
  "aux_loss_alpha": 0.05
}