{
  "experiment": "Exp-3",
  "epoch": 0,
  "step": 16200,
  "expert_load": [
    823201.0,
    824028.0,
    810163.0,
    813008.0
  ],
  "cv": 0.007467019515961259,
  "max_mean_ratio": 1.0078620352250365,
  "aux_loss": 0.40187061369419097,
  "aux_loss_alpha": 0.05
}