{
  "experiment": "Exp-3",
  "epoch": 1,
  "step": 39300,
  "expert_load": [
    811425.0,
    820270.0,
    819310.0,
    819395.0
  ],
  "cv": 0.004384646182424115,
  "max_mean_ratio": 1.0032656555772872,
  "aux_loss": 0.40038748651742934,
  "aux_loss_alpha": 0.05
}