{
  "experiment": "Exp-3",
  "epoch": 1,
  "step": 7500,
  "expert_load": [
    818741.0,
    826885.0,
    818192.0,
    806582.0
  ],
  "cv": 0.008846513184549182,
  "max_mean_ratio": 1.0113564090019445,
  "aux_loss": 0.4007001066207886,
  "aux_loss_alpha": 0.05
}