{
  "experiment": "Exp-3",
  "epoch": 0,
  "step": 25200,
  "expert_load": [
    809569.0,
    816580.0,
    822679.0,
    821572.0
  ],
  "cv": 0.0063291432479588875,
  "max_mean_ratio": 1.0062120841487157,
  "aux_loss": 0.4014245441555977,
  "aux_loss_alpha": 0.05
}