{
  "experiment": "Exp-3",
  "epoch": 1,
  "step": 6100,
  "expert_load": [
    803984.0,
    830205.0,
    821121.0,
    815090.0
  ],
  "cv": 0.011651178946000347,
  "max_mean_ratio": 1.0154170743639797,
  "aux_loss": 0.4007078096270561,
  "aux_loss_alpha": 0.05
}