{
  "experiment": "Exp-3",
  "epoch": 0,
  "step": 31000,
  "expert_load": [
    817851.0,
    820824.0,
    813988.0,
    817737.0
  ],
  "cv": 0.0029659971472334825,
  "max_mean_ratio": 1.0039432485322772,
  "aux_loss": 0.4012172347307205,
  "aux_loss_alpha": 0.05
}