{
  "experiment": "Exp-3",
  "epoch": 0,
  "step": 20200,
  "expert_load": [
    811409.0,
    815669.0,
    824357.0,
    818965.0
  ],
  "cv": 0.005788001491598816,
  "max_mean_ratio": 1.0082644324853105,
  "aux_loss": 0.4017521208524704,
  "aux_loss_alpha": 0.05
}