{
  "experiment": "Exp-3",
  "epoch": 0,
  "step": 33000,
  "expert_load": [
    813461.0,
    819773.0,
    827239.0,
    809927.0
  ],
  "cv": 0.008058461527068456,
  "max_mean_ratio": 1.0117893835616314,
  "aux_loss": 0.40099393457174304,
  "aux_loss_alpha": 0.05
}