{
  "experiment": "Exp-3",
  "epoch": 1,
  "step": 6600,
  "expert_load": [
    818946.0,
    816197.0,
    823830.0,
    811427.0
  ],
  "cv": 0.005493676471150251,
  "max_mean_ratio": 1.0076198630136863,
  "aux_loss": 0.40072507202625274,
  "aux_loss_alpha": 0.05
}