{
  "experiment": "Exp-3",
  "epoch": 0,
  "step": 28100,
  "expert_load": [
    808760.0,
    815365.0,
    823786.0,
    822489.0
  ],
  "cv": 0.007371850060390076,
  "max_mean_ratio": 1.0075660469667196,
  "aux_loss": 0.40158798307180404,
  "aux_loss_alpha": 0.05
}