{
  "experiment": "Exp-3",
  "epoch": 1,
  "step": 33200,
  "expert_load": [
    810433.0,
    824296.0,
    823311.0,
    812360.0
  ],
  "cv": 0.007644946551836073,
  "max_mean_ratio": 1.008189823874743,
  "aux_loss": 0.40050917387008667,
  "aux_loss_alpha": 0.05
}