{
  "experiment": "Exp-3",
  "epoch": 1,
  "step": 22300,
  "expert_load": [
    830683.0,
    816684.0,
    821658.0,
    801375.0
  ],
  "cv": 0.012997645547945046,
  "max_mean_ratio": 1.0160017123287546,
  "aux_loss": 0.40057251989841464,
  "aux_loss_alpha": 0.05
}