{
  "experiment": "Exp-3",
  "epoch": 1,
  "step": 10600,
  "expert_load": [
    825467.0,
    817943.0,
    806255.0,
    820735.0
  ],
  "cv": 0.008660332666684397,
  "max_mean_ratio": 1.009622064579244,
  "aux_loss": 0.4008752515912056,
  "aux_loss_alpha": 0.05
}