{
  "experiment": "Exp-3",
  "epoch": 0,
  "step": 41400,
  "expert_load": [
    813508.0,
    816965.0,
    819773.0,
    820154.0
  ],
  "cv": 0.003258601000164313,
  "max_mean_ratio": 1.0031237769080112,
  "aux_loss": 0.4009174683690071,
  "aux_loss_alpha": 0.05
}