{
  "experiment": "Exp-3",
  "epoch": 0,
  "step": 31500,
  "expert_load": [
    804125.0,
    823562.0,
    822842.0,
    819871.0
  ],
  "cv": 0.009664691842931939,
  "max_mean_ratio": 1.00729207436398,
  "aux_loss": 0.4012347814440727,
  "aux_loss_alpha": 0.05
}