{
  "experiment": "Exp-3",
  "epoch": 0,
  "step": 9200,
  "expert_load": [
    818866.0,
    815814.0,
    816861.0,
    818859.0
  ],
  "cv": 0.0016091626311001514,
  "max_mean_ratio": 1.0015484344422578,
  "aux_loss": 0.40258421391248705,
  "aux_loss_alpha": 0.05
}