{
  "experiment": "Exp-3",
  "epoch": 1,
  "step": 16000,
  "expert_load": [
    827933.0,
    812404.0,
    820419.0,
    809644.0
  ],
  "cv": 0.00875630477636517,
  "max_mean_ratio": 1.012638209393334,
  "aux_loss": 0.40062820047140124,
  "aux_loss_alpha": 0.05
}