{
  "experiment": "Exp-3",
  "epoch": 1,
  "step": 29200,
  "expert_load": [
    809500.0,
    819839.0,
    823942.0,
    817119.0
  ],
  "cv": 0.006445225904132443,
  "max_mean_ratio": 1.0077568493150562,
  "aux_loss": 0.40037126004695894,
  "aux_loss_alpha": 0.05
}