{
  "experiment": "Exp-3",
  "epoch": 0,
  "step": 22500,
  "expert_load": [
    809754.0,
    823031.0,
    814418.0,
    823197.0
  ],
  "cv": 0.0070396091886694954,
  "max_mean_ratio": 1.0068456457925512,
  "aux_loss": 0.40142368495464326,
  "aux_loss_alpha": 0.05
}