{
  "experiment": "Exp-3",
  "epoch": 1,
  "step": 15800,
  "expert_load": [
    814985.0,
    820787.0,
    821617.0,
    813011.0
  ],
  "cv": 0.0045018426406173,
  "max_mean_ratio": 1.004913160469655,
  "aux_loss": 0.40055774092674257,
  "aux_loss_alpha": 0.05
}