{
  "experiment": "Exp-3",
  "epoch": 0,
  "step": 8400,
  "expert_load": [
    813767.0,
    813083.0,
    816027.0,
    827523.0
  ],
  "cv": 0.007132719454233339,
  "max_mean_ratio": 1.012136741682962,
  "aux_loss": 0.4023428374528885,
  "aux_loss_alpha": 0.05
}