{
  "experiment": "Exp-3",
  "epoch": 1,
  "step": 39400,
  "expert_load": [
    810015.0,
    820961.0,
    808487.0,
    830937.0
  ],
  "cv": 0.011105091072575084,
  "max_mean_ratio": 1.0163123776907899,
  "aux_loss": 0.400257320702076,
  "aux_loss_alpha": 0.05
}