{
  "experiment": "Exp-3",
  "epoch": 0,
  "step": 34200,
  "expert_load": [
    816879.0,
    818047.0,
    815347.0,
    820127.0
  ],
  "cv": 0.002134408372255661,
  "max_mean_ratio": 1.0030907534246452,
  "aux_loss": 0.4014177066087723,
  "aux_loss_alpha": 0.05
}