{
  "experiment": "Exp-3",
  "epoch": 0,
  "step": 32100,
  "expert_load": [
    802935.0,
    823059.0,
    809977.0,
    834429.0
  ],
  "cv": 0.014806339390823571,
  "max_mean_ratio": 1.020583414872786,
  "aux_loss": 0.4010909014940262,
  "aux_loss_alpha": 0.05
}