{
  "experiment": "Exp-3",
  "epoch": 0,
  "step": 33600,
  "expert_load": [
    810794.0,
    823900.0,
    811117.0,
    824589.0
  ],
  "cv": 0.008133493561567293,
  "max_mean_ratio": 1.0085481898238624,
  "aux_loss": 0.40134302139282224,
  "aux_loss_alpha": 0.05
}