{
  "experiment": "Exp-3",
  "epoch": 1,
  "step": 20700,
  "expert_load": [
    825215.0,
    826747.0,
    808730.0,
    809708.0
  ],
  "cv": 0.010280820245612032,
  "max_mean_ratio": 1.0111876223091854,
  "aux_loss": 0.4005407452583313,
  "aux_loss_alpha": 0.05
}