{
  "experiment": "Exp-3",
  "epoch": 0,
  "step": 16300,
  "expert_load": [
    823620.0,
    807516.0,
    827391.0,
    811873.0
  ],
  "cv": 0.009985062511466365,
  "max_mean_ratio": 1.011975293542062,
  "aux_loss": 0.40192464798688887,
  "aux_loss_alpha": 0.05
}