{
  "experiment": "Exp-3",
  "epoch": 0,
  "step": 5500,
  "expert_load": [
    811156.0,
    814090.0,
    822227.0,
    822927.0
  ],
  "cv": 0.006225504716548359,
  "max_mean_ratio": 1.0065154109588919,
  "aux_loss": 0.40277000933885576,
  "aux_loss_alpha": 0.05
}