{
  "experiment": "Exp-3",
  "epoch": 0,
  "step": 43800,
  "expert_load": [
    799718.0,
    835512.0,
    799462.0,
    835708.0
  ],
  "cv": 0.022028328434594888,
  "max_mean_ratio": 1.0221477495107507,
  "aux_loss": 0.4009053188562393,
  "aux_loss_alpha": 0.05
}