{
  "experiment": "Exp-3",
  "epoch": 1,
  "step": 7900,
  "expert_load": [
    821316.0,
    810756.0,
    819058.0,
    819270.0
  ],
  "cv": 0.004951772671156373,
  "max_mean_ratio": 1.0045450097847235,
  "aux_loss": 0.40076860547065735,
  "aux_loss_alpha": 0.05
}