{
  "experiment": "Exp-3",
  "epoch": 1,
  "step": 6800,
  "expert_load": [
    818677.0,
    822409.0,
    825803.0,
    803511.0
  ],
  "cv": 0.01041560880358659,
  "max_mean_ratio": 1.0100330234833537,
  "aux_loss": 0.40061325490474703,
  "aux_loss_alpha": 0.05
}