{
  "experiment": "Exp-3",
  "epoch": 0,
  "step": 15300,
  "expert_load": [
    810861.0,
    823017.0,
    815511.0,
    821011.0
  ],
  "cv": 0.005825977661371626,
  "max_mean_ratio": 1.0066254892367783,
  "aux_loss": 0.40195206820964813,
  "aux_loss_alpha": 0.05
}