{
  "experiment": "Exp-3",
  "epoch": 1,
  "step": 28000,
  "expert_load": [
    818199.0,
    814368.0,
    815011.0,
    822822.0
  ],
  "cv": 0.004092190139680876,
  "max_mean_ratio": 1.0063869863013575,
  "aux_loss": 0.4004142892360687,
  "aux_loss_alpha": 0.05
}