{
  "experiment": "Exp-3",
  "epoch": 0,
  "step": 14100,
  "expert_load": [
    818409.0,
    822661.0,
    818492.0,
    810838.0
  ],
  "cv": 0.005217476861584146,
  "max_mean_ratio": 1.0061900684931384,
  "aux_loss": 0.40196496069431303,
  "aux_loss_alpha": 0.05
}