{
  "experiment": "Exp-3",
  "epoch": 1,
  "step": 6300,
  "expert_load": [
    822527.0,
    813888.0,
    810070.0,
    823915.0
  ],
  "cv": 0.007095894113678668,
  "max_mean_ratio": 1.0077238258316903,
  "aux_loss": 0.40067007303237917,
  "aux_loss_alpha": 0.05
}