{
  "experiment": "Exp-3",
  "epoch": 1,
  "step": 33800,
  "expert_load": [
    817874.0,
    816107.0,
    823462.0,
    812957.0
  ],
  "cv": 0.004666405246682306,
  "max_mean_ratio": 1.0071697651663283,
  "aux_loss": 0.40024024188518526,
  "aux_loss_alpha": 0.05
}