{
  "experiment": "Exp-3",
  "epoch": 1,
  "step": 16200,
  "expert_load": [
    818108.0,
    819860.0,
    809204.0,
    823228.0
  ],
  "cv": 0.006341613052875717,
  "max_mean_ratio": 1.0068835616438232,
  "aux_loss": 0.4006651073694229,
  "aux_loss_alpha": 0.05
}