{
  "experiment": "Exp-3",
  "epoch": 1,
  "step": 1500,
  "expert_load": [
    819121.0,
    817527.0,
    812071.0,
    821681.0
  ],
  "cv": 0.004304483193473987,
  "max_mean_ratio": 1.004991438356152,
  "aux_loss": 0.4008611986041069,
  "aux_loss_alpha": 0.05
}