{
  "experiment": "Exp-3",
  "epoch": 0,
  "step": 5900,
  "expert_load": [
    807320.0,
    828046.0,
    822737.0,
    812297.0
  ],
  "cv": 0.01003583874487818,
  "max_mean_ratio": 1.0127764187866803,
  "aux_loss": 0.40277276635169984,
  "aux_loss_alpha": 0.05
}