{
  "experiment": "Exp-3",
  "epoch": 1,
  "step": 11400,
  "expert_load": [
    826876.0,
    810877.0,
    822582.0,
    810065.0
  ],
  "cv": 0.008921855769745182,
  "max_mean_ratio": 1.0113454011741558,
  "aux_loss": 0.4008382907509804,
  "aux_loss_alpha": 0.05
}