{
  "experiment": "Exp-3",
  "epoch": 1,
  "step": 8500,
  "expert_load": [
    815187.0,
    823692.0,
    822810.0,
    808711.0
  ],
  "cv": 0.00746721062408259,
  "max_mean_ratio": 1.007451076320927,
  "aux_loss": 0.40070889562368395,
  "aux_loss_alpha": 0.05
}