{
  "experiment": "Exp-3",
  "epoch": 1,
  "step": 38300,
  "expert_load": [
    818437.0,
    818605.0,
    820692.0,
    812666.0
  ],
  "cv": 0.0036496240425482676,
  "max_mean_ratio": 1.0037818003913772,
  "aux_loss": 0.4003219485282898,
  "aux_loss_alpha": 0.05
}