{
  "experiment": "Exp-3",
  "epoch": 0,
  "step": 5000,
  "expert_load": [
    817136.0,
    830766.0,
    813572.0,
    808926.0
  ],
  "cv": 0.009955658735360995,
  "max_mean_ratio": 1.0161032289628056,
  "aux_loss": 0.40312407791614535,
  "aux_loss_alpha": 0.05
}