{
  "experiment": "Exp-3",
  "epoch": 1,
  "step": 33000,
  "expert_load": [
    812370.0,
    815301.0,
    830693.0,
    812036.0
  ],
  "cv": 0.009375282481691727,
  "max_mean_ratio": 1.0160139432485198,
  "aux_loss": 0.40026823490858077,
  "aux_loss_alpha": 0.05
}