{
  "experiment": "Exp-3",
  "epoch": 0,
  "step": 20400,
  "expert_load": [
    824103.0,
    819222.0,
    810836.0,
    816239.0
  ],
  "cv": 0.0058824208477937755,
  "max_mean_ratio": 1.0079537671232752,
  "aux_loss": 0.40193905621767045,
  "aux_loss_alpha": 0.05
}