{
  "experiment": "Exp-3",
  "epoch": 1,
  "step": 15100,
  "expert_load": [
    820750.0,
    814927.0,
    815090.0,
    819633.0
  ],
  "cv": 0.0032070101683853262,
  "max_mean_ratio": 1.003852739726015,
  "aux_loss": 0.40048314929008483,
  "aux_loss_alpha": 0.05
}