{
  "experiment": "Exp-3",
  "epoch": 1,
  "step": 32000,
  "expert_load": [
    812226.0,
    831876.0,
    810170.0,
    816128.0
  ],
  "cv": 0.01041525405913637,
  "max_mean_ratio": 1.017460861056739,
  "aux_loss": 0.40038226813077926,
  "aux_loss_alpha": 0.05
}