{
  "experiment": "Exp-3",
  "epoch": 1,
  "step": 400,
  "expert_load": [
    808264.0,
    826723.0,
    818623.0,
    816790.0
  ],
  "cv": 0.008022509908955993,
  "max_mean_ratio": 1.0111582681017488,
  "aux_loss": 0.40098302602767943,
  "aux_loss_alpha": 0.05
}