{
  "experiment": "Exp-3",
  "epoch": 1,
  "step": 25700,
  "expert_load": [
    815746.0,
    827779.0,
    813410.0,
    813465.0
  ],
  "cv": 0.007279804028176892,
  "max_mean_ratio": 1.0124498532289503,
  "aux_loss": 0.4004701751470566,
  "aux_loss_alpha": 0.05
}