{
  "experiment": "Exp-3",
  "epoch": 1,
  "step": 36000,
  "expert_load": [
    814213.0,
    820903.0,
    808435.0,
    826849.0
  ],
  "cv": 0.008472125805520628,
  "max_mean_ratio": 1.01131237769079,
  "aux_loss": 0.40023383796215056,
  "aux_loss_alpha": 0.05
}