{
  "experiment": "Exp-3",
  "epoch": 1,
  "step": 11700,
  "expert_load": [
    813553.0,
    821190.0,
    815989.0,
    819668.0
  ],
  "cv": 0.0036763146805436193,
  "max_mean_ratio": 1.0043909001956823,
  "aux_loss": 0.40062150955200193,
  "aux_loss_alpha": 0.05
}