{
  "experiment": "Exp-3",
  "epoch": 1,
  "step": 39100,
  "expert_load": [
    809867.0,
    818490.0,
    820466.0,
    821577.0
  ],
  "cv": 0.005625620504181377,
  "max_mean_ratio": 1.0048642367905944,
  "aux_loss": 0.4003448313474655,
  "aux_loss_alpha": 0.05
}