{
  "experiment": "Exp-3",
  "epoch": 0,
  "step": 3500,
  "expert_load": [
    816688.0,
    827182.0,
    816478.0,
    810052.0
  ],
  "cv": 0.007511757927164781,
  "max_mean_ratio": 1.01171966731897,
  "aux_loss": 0.40305590569972993,
  "aux_loss_alpha": 0.05
}