{
  "experiment": "Exp-3",
  "epoch": 0,
  "step": 7800,
  "expert_load": [
    830845.0,
    807457.0,
    815842.0,
    816256.0
  ],
  "cv": 0.010291564105308093,
  "max_mean_ratio": 1.0161998532289505,
  "aux_loss": 0.40248151451349257,
  "aux_loss_alpha": 0.05
}