{
  "experiment": "Exp-3",
  "epoch": 0,
  "step": 36000,
  "expert_load": [
    822094.0,
    814909.0,
    817742.0,
    815655.0
  ],
  "cv": 0.0034181374626383204,
  "max_mean_ratio": 1.0054965753424534,
  "aux_loss": 0.40098608523607254,
  "aux_loss_alpha": 0.05
}