{
  "experiment": "Exp-3",
  "epoch": 1,
  "step": 17600,
  "expert_load": [
    814544.0,
    822232.0,
    820859.0,
    812765.0
  ],
  "cv": 0.0049225791139844675,
  "max_mean_ratio": 1.0056653620352127,
  "aux_loss": 0.40051902949810025,
  "aux_loss_alpha": 0.05
}