{
  "experiment": "Exp-3",
  "epoch": 1,
  "step": 17900,
  "expert_load": [
    820004.0,
    813492.0,
    823939.0,
    812965.0
  ],
  "cv": 0.005615611813539559,
  "max_mean_ratio": 1.0077531800391266,
  "aux_loss": 0.4006637248396874,
  "aux_loss_alpha": 0.05
}