{
  "experiment": "Exp-3",
  "epoch": 0,
  "step": 16100,
  "expert_load": [
    811564.0,
    811135.0,
    823199.0,
    824502.0
  ],
  "cv": 0.007667916553594268,
  "max_mean_ratio": 1.0084417808219055,
  "aux_loss": 0.40204858034849167,
  "aux_loss_alpha": 0.05
}