{
  "experiment": "Exp-3",
  "epoch": 0,
  "step": 21500,
  "expert_load": [
    820568.0,
    824843.0,
    809805.0,
    815184.0
  ],
  "cv": 0.00691531545262039,
  "max_mean_ratio": 1.0088588551858977,
  "aux_loss": 0.4015540087223053,
  "aux_loss_alpha": 0.05
}