{
  "experiment": "Exp-3",
  "epoch": 1,
  "step": 24700,
  "expert_load": [
    813335.0,
    829539.0,
    809048.0,
    818478.0
  ],
  "cv": 0.009367589782595286,
  "max_mean_ratio": 1.0146024951076196,
  "aux_loss": 0.4006084853410721,
  "aux_loss_alpha": 0.05
}