{
  "experiment": "Exp-3",
  "epoch": 1,
  "step": 42200,
  "expert_load": [
    814263.0,
    824601.0,
    821606.0,
    809930.0
  ],
  "cv": 0.00710621932714644,
  "max_mean_ratio": 1.0085628669275806,
  "aux_loss": 0.4002376353740692,
  "aux_loss_alpha": 0.05
}