{
  "experiment": "Exp-3",
  "epoch": 0,
  "step": 17900,
  "expert_load": [
    812351.0,
    829759.0,
    811272.0,
    817018.0
  ],
  "cv": 0.008983183560305969,
  "max_mean_ratio": 1.0148715753424533,
  "aux_loss": 0.40171052008867264,
  "aux_loss_alpha": 0.05
}