{
  "experiment": "Exp-3",
  "epoch": 1,
  "step": 28300,
  "expert_load": [
    814062.0,
    822390.0,
    814609.0,
    819339.0
  ],
  "cv": 0.004211760519068717,
  "max_mean_ratio": 1.0058586105675023,
  "aux_loss": 0.4003301829099655,
  "aux_loss_alpha": 0.05
}