{
  "experiment": "Exp-3",
  "epoch": 1,
  "step": 2900,
  "expert_load": [
    808026.0,
    830418.0,
    810984.0,
    820972.0
  ],
  "cv": 0.010786541306109213,
  "max_mean_ratio": 1.0156775929549777,
  "aux_loss": 0.4008874809741974,
  "aux_loss_alpha": 0.05
}