{
  "experiment": "Exp-3",
  "epoch": 0,
  "step": 17000,
  "expert_load": [
    815747.0,
    820244.0,
    814742.0,
    819667.0
  ],
  "cv": 0.002924251369767424,
  "max_mean_ratio": 1.0032338551858977,
  "aux_loss": 0.40180864721536635,
  "aux_loss_alpha": 0.05
}