{
  "experiment": "Exp-3",
  "epoch": 0,
  "step": 500,
  "expert_load": [
    807726.0,
    836192.0,
    811245.0,
    815237.0
  ],
  "cv": 0.013525099185114804,
  "max_mean_ratio": 1.0227397260273847,
  "aux_loss": 0.40726594656705856,
  "aux_loss_alpha": 0.05
}